<?xml version="1.0" encoding="utf-8"?>
<colorTheme id="1985" name="123123123" modified="2011-06-02 09:19:27" author="lkdjglk@lsdjflksjdfls.com">
    <searchResultIndication color="#000000" />
    <filteredSearchResultIndication color="#000000" />
    <occurrenceIndication color="#000000" />
    <writeOccurrenceIndication color="#000000" />
    <findScope color="#111111" />
    <deletionIndication color="#D25252" />
    <sourceHoverBackground color="#000000" />
    <singleLineComment color="#D8E846" italic="false" />
    <multiLineComment color="#D8E846" italic="false" />
    <commentTaskTag color="#D8E846" italic="false" />
    <javadoc color="#D8E846" italic="false" />
    <javadocLink color="#D8E846" bold="true" italic="false" />
    <javadocTag color="#D9E577" bold="true" italic="false" />
    <javadocKeyword color="#D8E846" bold="false" italic="false" />
    <class color="#79ABFF" bold="false" underline="false" strikethrough="false" />
    <interface color="#D197D9" />
    <method color="#FFFFFF" />
    <methodDeclaration color="#BED6FF" />
    <bracket color="#D8D8D8" />
    <number color="#7FB347" />
    <string color="#FFC600" />
    <operator color="#D8D8D8" />
    <keyword color="#79ABFF" bold="false" />
    <annotation color="#FFFFFF" />
    <staticMethod color="#BED6FF" />
    <localVariable color="#79ABFF" />
    <localVariableDeclaration color="#BED6FF" />
    <field color="#BED6FF" />
    <staticField color="#EFC090" />
    <staticFinalField color="#EFC090" />
    <deprecatedMember color="#D25252" underline="false" strikethrough="true" />
    <enum color="#7FB347" />
    <inheritedMethod color="#BED6FF" />
    <abstractMethod color="#BED6FF" />
    <parameterVariable color="#79ABFF" />
    <typeArgument color="#BFA4A4" />
    <typeParameter color="#BFA4A4" />
    <constant color="#EFC090" />
    <background color="#000000" />
    <currentLine color="#2A2A2A" />
    <foreground color="#FFFFFF" />
    <lineNumber color="#D0D0D0" />
    <selectionBackground color="#2A2A2A" />
    <selectionForeground color="#FFFFFF" />
</colorTheme>