<?xml version="1.0" encoding="utf-8"?>
<colorTheme id="1901" name="A Shot In the Dark" modified="2011-05-31 14:09:49" author="Michael" website="www.michaeladesign.net">
    <searchResultIndication color="#616161" />
    <filteredSearchResultIndication color="#616161" />
    <occurrenceIndication color="#616161" />
    <writeOccurrenceIndication color="#616161" />
    <findScope color="#E0E2E4" />
    <deletionIndication color="#C0E5E2" />
    <sourceHoverBackground color="#FFFFFF" />
    <singleLineComment color="#ABC8E7" bold="true" italic="true" />
    <multiLineComment color="#ABC8E7" bold="true" italic="true" />
    <commentTaskTag color="#ABC8E7" bold="true" italic="true" />
    <javadoc color="#7D8C93" />
    <javadocLink color="#678CB1" />
    <javadocTag color="#E0E2E4" />
    <javadocKeyword color="#A082BD" />
    <class color="#C0E5E2" />
    <interface color="#C0E5E2" />
    <method color="#C0E5E2" />
    <methodDeclaration color="#C0E5E2" />
    <bracket color="#C0E5E2" />
    <number color="#C0E5E2" />
    <string color="#00BF00" />
    <operator color="#C0E5E2" />
    <keyword color="#D89625" />
    <annotation color="#A082BD" />
    <staticMethod color="#C0E5E2" />
    <localVariable color="#C0E5E2" />
    <localVariableDeclaration color="#C0E5E2" />
    <field color="#BCE4DF" />
    <staticField color="#BCE4DF" />
    <staticFinalField color="#C0E5E2" />
    <deprecatedMember color="#C0E5E2" />
    <enum color="#C0E5E2" />
    <inheritedMethod color="#C0E5E2" />
    <abstractMethod color="#C0E5E2" />
    <parameterVariable color="#C0E5E2" />
    <typeArgument color="#FDCF07" />
    <typeParameter color="#FDCF07" />
    <constant color="#A082BD" />
    <background color="#181D21" />
    <currentLine color="#25302E" />
    <foreground color="#C0E5E2" />
    <lineNumber color="#C0C0C0" />
    <selectionBackground color="#364B44" />
    <selectionForeground color="#A4CDBE" />
</colorTheme>