<?xml version="1.0" encoding="utf-8"?>
<colorTheme id="865" name="A-Theme" modified="2011-03-24 20:57:33" author="Dave Trombley">
    <searchResultIndication color="#303030" />
    <filteredSearchResultIndication color="#303030" />
    <occurrenceIndication color="#000000" />
    <writeOccurrenceIndication color="#000000" />
    <findScope color="#111111" />
    <deletionIndication color="#D25252" />
    <sourceHoverBackground color="#401010" />
    <singleLineComment color="#3010A0" bold="false" />
    <multiLineComment color="#3010A0" />
    <commentTaskTag color="#3010A0" />
    <javadoc color="#3060A0" bold="false" underline="false" strikethrough="false" />
    <javadocLink color="#3810A8" underline="true" strikethrough="false" />
    <javadocTag color="#3840A8" bold="true" />
    <javadocKeyword color="#3040A0" italic="true" />
    <class color="#4060D0" bold="true" italic="false" underline="false" strikethrough="false" />
    <interface color="#4060D0" bold="true" italic="true" />
    <method color="#FFFFFF" bold="true" />
    <methodDeclaration color="#FFFFFF" bold="true" underline="false" strikethrough="false" />
    <bracket color="#D8D8D8" bold="true" underline="false" strikethrough="false" />
    <number color="#80A080" bold="true" />
    <string color="#D05040" />
    <operator color="#909090" />
    <keyword color="#D8D8F0" bold="false" />
    <annotation color="#FFFFFF" />
    <staticMethod color="#FFFFFF" bold="true" />
    <localVariable color="#C0C0A0" />
    <localVariableDeclaration color="#B0B0A0" underline="false" strikethrough="false" />
    <field color="#E0E0E0" bold="false" italic="false" />
    <staticField color="#AF30AF" bold="false" />
    <staticFinalField color="#AF30AF" bold="true" />
    <deprecatedMember color="#D25252" underline="false" strikethrough="true" />
    <enum color="#EFB080" bold="true" />
    <inheritedMethod color="#FFFFFF" italic="true" />
    <abstractMethod color="#FFFFFF" bold="false" italic="true" />
    <parameterVariable color="#D0D8B0" />
    <typeArgument color="#BFA4A4" />
    <typeParameter color="#BFA4A4" />
    <constant color="#EFC090" />
    <background color="#000810" />
    <currentLine color="#000820" />
    <foreground color="#D8D8D8" />
    <lineNumber color="#303030" />
    <selectionBackground color="#000810" />
    <selectionForeground color="#D0D020" />
</colorTheme>