<?xml version="1.0" encoding="utf-8"?>
<colorTheme id="615" name="a_theme" modified="2011-03-08 03:05:48" author="dev_null">
    <searchResultIndication color="#FFFF00" />
    <filteredSearchResultIndication color="#FFFF00" />
    <occurrenceIndication color="#222222" />
    <writeOccurrenceIndication color="#222222" />
    <findScope color="#BB9999" />
    <sourceHoverBackground color="#DFCF95" />
    <singleLineComment color="#D4D6CF" italic="true" />
    <multiLineComment color="#D4D6CF" />
    <commentTaskTag color="#ACDDAC" />
    <javadoc color="#D4D6CF" italic="false" />
    <javadocLink color="#A893CC" />
    <javadocTag color="#DD88AA" />
    <javadocKeyword color="#CC9999" />
    <class color="#CAE682" />
    <interface color="#CAE682" />
    <method color="#EEAA33" />
    <methodDeclaration color="#EEAA33" />
    <bracket color="#EEEEEE" />
    <number color="#EAB882" />
    <string color="#BBDD33" />
    <operator color="#F0EFD0" />
    <keyword color="#9EDCE3" />
    <annotation color="#808080" />
    <staticMethod color="#C4C4B7" />
    <localVariable color="#E5D5BA" />
    <localVariableDeclaration color="#E5D5BA" />
    <field color="#EDF0ED" />
    <staticField color="#AADDDD" />
    <staticFinalField color="#CCFFFF" bold="false" italic="false" underline="false" strikethrough="false" />
    <deprecatedMember color="#FFFFFF" />
    <enum color="#CAE682" />
    <inheritedMethod color="#EEAA33" />
    <abstractMethod color="#FFBB55" />
    <parameterVariable color="#E5D5BA" />
    <typeArgument color="#E5D5BA" />
    <typeParameter color="#E5D5BA" />
    <constant color="#CCFFFF" />
    <background color="#222222" />
    <currentLine color="#222222" />
    <foreground color="#EEEEEE" />
    <lineNumber color="#999999" />
    <selectionBackground color="#364656" />
    <selectionForeground color="#FFFFFF" />
</colorTheme>