<?xml version="1.0" encoding="utf-8"?>
<colorTheme id="1299" name="adrianm2" modified="2011-04-17 22:18:03" author="adrian">
    <searchResultIndication color="#D8D8D8" />
    <filteredSearchResultIndication color="#D8D8D8" />
    <occurrenceIndication color="#000000" />
    <writeOccurrenceIndication color="#000000" />
    <findScope color="#111111" />
    <deletionIndication color="#D25252" />
    <sourceHoverBackground color="#000000" />
    <singleLineComment color="#756F51" italic="false" />
    <multiLineComment color="#756F51" italic="false" />
    <commentTaskTag color="#756F51" italic="false" />
    <javadoc color="#756F51" italic="false" />
    <javadocLink color="#756F51" italic="false" />
    <javadocTag color="#756F51" italic="false" />
    <javadocKeyword color="#756F51" italic="false" />
    <class color="#009B00" bold="false" underline="false" strikethrough="false" />
    <interface color="#2B91AF" />
    <method color="#FFFFFF" bold="false" />
    <methodDeclaration color="#FFFFFF" />
    <bracket color="#D8D8D8" />
    <number color="#7FB347" />
    <string color="#44B1E3" />
    <operator color="#D6D694" bold="false" />
    <keyword color="#D6D694" bold="false" />
    <annotation color="#FFFFFF" />
    <staticMethod color="#FFFFFF" />
    <localVariable color="#FFFFFF" />
    <localVariableDeclaration color="#FFFFFF" />
    <field color="#FFFFFF" />
    <staticField color="#D6D694" />
    <staticFinalField color="#D6D694" />
    <deprecatedMember color="#D25252" underline="false" strikethrough="true" />
    <enum color="#F07B21" />
    <inheritedMethod color="#FFFFFF" />
    <abstractMethod color="#FFFFFF" />
    <parameterVariable color="#FFFFFF" />
    <typeArgument color="#BFA4A4" />
    <typeParameter color="#BFA4A4" />
    <constant color="#D6D694" />
    <background color="#10100D" />
    <currentLine color="#2A2A2A" />
    <foreground color="#FFFFFF" />
    <lineNumber color="#D0D0D0" />
    <selectionBackground color="#C1B8AA" />
    <selectionForeground color="#000000" />
</colorTheme>