<?xml version="1.0" encoding="utf-8"?>
<colorTheme id="1255" name="adrianm" modified="2011-04-14 19:24:14" author="adrian">
    <searchResultIndication color="#616161" />
    <filteredSearchResultIndication color="#616161" />
    <occurrenceIndication color="#616161" />
    <writeOccurrenceIndication color="#616161" />
    <findScope color="#616161" />
    <deletionIndication color="#E0E2E4" />
    <sourceHoverBackground color="#FFFFFF" />
    <singleLineComment color="#41494D" />
    <multiLineComment color="#41494D" />
    <commentTaskTag color="#FF8BFF" />
    <javadoc color="#636D73" />
    <javadocLink color="#678CB1" />
    <javadocTag color="#E0E2E4" />
    <javadocKeyword color="#A082BD" />
    <class color="#EC7600" />
    <interface color="#EC7600" />
    <method color="#FFFFFF" />
    <methodDeclaration color="#E8E2B7" />
    <bracket color="#E8E2B7" />
    <number color="#FFCD22" />
    <string color="#678CB1" />
    <operator color="#E8E2B7" />
    <keyword color="#93C763" />
    <annotation color="#A082BD" />
    <staticMethod color="#EBED97" />
    <localVariable color="#EBED97" />
    <localVariableDeclaration color="#EBED97" />
    <field color="#678CB1" />
    <staticField color="#678CB1" />
    <staticFinalField color="#E0E2E4" />
    <deprecatedMember color="#E0E2E4" />
    <enum color="#E0E2E4" />
    <inheritedMethod color="#E0E2E4" />
    <abstractMethod color="#E0E2E4" />
    <parameterVariable color="#E0E2E4" />
    <typeArgument color="#E0E2E4" />
    <typeParameter color="#E0E2E4" />
    <constant color="#A082BD" />
    <background color="#000000" />
    <currentLine color="#293134" />
    <foreground color="#E0E2E4" />
    <lineNumber color="#81969A" />
    <selectionBackground color="#3C494D" />
    <selectionForeground color="#8CAAB3" />
</colorTheme>