<?xml version="1.0" encoding="utf-8"?>
<colorTheme id="1007" name="All-Greem_Everything" modified="2011-04-02 18:27:31" author="kna">
    <searchResultIndication color="#33CC33" />
    <filteredSearchResultIndication color="#33CC33" />
    <occurrenceIndication color="#000000" />
    <writeOccurrenceIndication color="#000000" />
    <findScope color="#111111" />
    <deletionIndication color="#D25252" />
    <sourceHoverBackground color="#000000" />
    <singleLineComment color="#FF0000" />
    <multiLineComment color="#FF0000" />
    <commentTaskTag color="#FF3300" />
    <javadoc color="#3366FF" />
    <javadocLink color="#6699FF" />
    <javadocTag color="#6699FF" />
    <javadocKeyword color="#6699FF" />
    <class color="#33FF33" bold="false" underline="false" strikethrough="false" />
    <interface color="#D197D9" />
    <method color="#33CC33" />
    <methodDeclaration color="#BED6FF" />
    <bracket color="#D8D8D8" />
    <number color="#7FB347" />
    <string color="#CCFF00" />
    <operator color="#D8D8D8" underline="false" strikethrough="false" />
    <keyword color="#33CC33" bold="false" />
    <annotation color="#FFFFFF" />
    <staticMethod color="#33CC33" />
    <localVariable color="#66FF33" />
    <localVariableDeclaration color="#66FF33" />
    <field color="#66FF33" />
    <staticField color="#00FF66" />
    <staticFinalField color="#00FF33" />
    <deprecatedMember color="#00CC66" underline="false" strikethrough="true" />
    <enum color="#7FB347" />
    <inheritedMethod color="#BED6FF" />
    <abstractMethod color="#BED6FF" />
    <parameterVariable color="#79ABFF" />
    <typeArgument color="#BFA4A4" />
    <typeParameter color="#BFA4A4" />
    <constant color="#00FF33" />
    <background color="#1E1E1E" />
    <currentLine color="#FF0000" />
    <foreground color="#33CC33" />
    <lineNumber color="#33CC33" />
    <selectionBackground color="#000000" />
    <selectionForeground color="#66CC66" />
</colorTheme>