<?xml version="1.0" encoding="utf-8"?>
<colorTheme id="1252" name="alry" modified="2011-04-14 16:27:59" author="Ales Rybak">
    <searchResultIndication color="#D8D8D8" />
    <filteredSearchResultIndication color="#D8D8D8" />
    <occurrenceIndication color="#2E1F0F" />
    <writeOccurrenceIndication color="#000000" />
    <findScope color="#111111" />
    <deletionIndication color="#D25252" />
    <sourceHoverBackground color="#000000" />
    <singleLineComment color="#336699" italic="false" />
    <multiLineComment color="#336699" italic="false" />
    <commentTaskTag color="#990000" italic="false" />
    <javadoc color="#336699" italic="false" />
    <javadocLink color="#5C85AD" italic="false" />
    <javadocTag color="#4791B5" bold="true" italic="false" />
    <javadocKeyword color="#3366FF" italic="false" />
    <class color="#DDDDDD" bold="false" underline="false" strikethrough="false" />
    <interface color="#DDDDDD" />
    <method color="#DDDDDD" />
    <methodDeclaration color="#DDDDDD" />
    <bracket color="#DDDDDD" />
    <number color="#FFFF66" />
    <string color="#CC0066" />
    <operator color="#DDDDDD" />
    <keyword color="#FFCC00" bold="false" />
    <annotation color="#FF99FF" />
    <staticMethod color="#DDDDDD" bold="false" italic="true" />
    <localVariable color="#DDDDDD" />
    <localVariableDeclaration color="#DDDDDD" />
    <field color="#008000" />
    <staticField color="#008000" italic="true" />
    <staticFinalField color="#008000" italic="true" />
    <deprecatedMember color="#DDDDDD" underline="false" strikethrough="true" />
    <enum color="#008000" />
    <inheritedMethod color="#DDDDDD" />
    <abstractMethod color="#DDDDDD" />
    <parameterVariable color="#66FF66" />
    <typeArgument color="#FFCC99" />
    <typeParameter color="#FFCC99" />
    <constant color="#008000" />
    <background color="#102030" />
    <currentLine color="#080F18" />
    <foreground color="#DDDDDD" />
    <lineNumber color="#404D59" />
    <selectionBackground color="#75645B" />
    <selectionForeground color="#DDDDDD" />
</colorTheme>