<?xml version="1.0" encoding="utf-8"?>
<colorTheme id="1443" name="amitDark" modified="2011-04-27 14:41:07" author="amit">
    <searchResultIndication color="#616161" />
    <filteredSearchResultIndication color="#616161" />
    <occurrenceIndication color="#616161" />
    <writeOccurrenceIndication color="#616161" />
    <findScope color="#E0E2E4" />
    <deletionIndication color="#E0E2E4" underline="false" strikethrough="false" />
    <sourceHoverBackground color="#FFFFFF" />
    <singleLineComment color="#7F7F7F" italic="false" underline="true" strikethrough="false" />
    <multiLineComment color="#7F7F7F" italic="false" underline="false" strikethrough="false" />
    <commentTaskTag color="#a57b61" />
    <javadoc color="#7D8C93" italic="true" />
    <javadocLink color="#678CB1" />
    <javadocTag color="#7D8C93" italic="false" underline="true" strikethrough="false" />
    <javadocKeyword color="#A082BD" underline="false" strikethrough="false" />
    <class color="#2B91AF" bold="true" italic="false" underline="false" strikethrough="false" />
    <interface color="#2B91AF" bold="true" italic="false" underline="false" strikethrough="false" />
    <method color="#2B91AF" bold="true" italic="false" underline="false" strikethrough="false" />
    <methodDeclaration color="#858500" italic="false" underline="false" strikethrough="false" />
    <bracket color="#00EE00" italic="false" underline="false" strikethrough="false" />
    <number color="#858500" italic="false" underline="false" strikethrough="false" />
    <string color="#FF0000" italic="false" underline="false" strikethrough="false" />
    <operator color="#858500" italic="false" underline="false" strikethrough="false" />
    <keyword color="#858500" italic="true" underline="false" strikethrough="false" />
    <annotation color="#858500" bold="true" italic="false" underline="false" strikethrough="false" />
    <staticMethod color="#2B91AF" bold="false" italic="false" underline="false" strikethrough="false" />
    <localVariable color="#00EE00" bold="false" italic="false" underline="false" strikethrough="false" />
    <localVariableDeclaration color="#00EE00" italic="false" underline="false" strikethrough="false" />
    <field color="#FFFF00" italic="false" underline="false" strikethrough="false" />
    <staticField color="#FFFF00" italic="false" underline="false" strikethrough="false" />
    <staticFinalField color="#FFFF00" underline="false" strikethrough="false" />
    <deprecatedMember color="#E0E2E4" underline="false" strikethrough="false" />
    <enum color="#E0E2E4" underline="false" strikethrough="false" />
    <inheritedMethod color="#2B91AF" underline="false" strikethrough="false" />
    <abstractMethod color="#2B91AF" italic="false" underline="false" strikethrough="false" />
    <parameterVariable color="#00EE00" underline="false" strikethrough="false" />
    <typeArgument color="#2B91AF" italic="false" underline="false" strikethrough="false" />
    <typeParameter color="#00EE00" underline="false" strikethrough="false" />
    <constant color="#858500" italic="false" underline="false" strikethrough="false" />
    <background color="#000000" />
    <currentLine color="#000000" />
    <foreground color="#00FF00" />
    <lineNumber color="#81969A" />
    <selectionBackground color="#3399FF" />
    <selectionForeground color="#FFFFFF" />
</colorTheme>