<?xml version="1.0" encoding="utf-8"?>
<colorTheme id="2010" name="anatona" modified="2011-06-05 04:56:10" author="Juan Romero">
    <searchResultIndication color="#C7DD0C" />
    <filteredSearchResultIndication color="#C7DD0C" />
    <occurrenceIndication color="#C7DD0C" />
    <writeOccurrenceIndication color="#C7DD0C" />
    <findScope color="#C7DD0C" />
    <deletionIndication color="#C7DD0C" />
    <sourceHoverBackground color="#C7DD0C" />
    <singleLineComment color="#C7DD0C" italic="false" />
    <multiLineComment color="#C7DD0C" italic="false" />
    <commentTaskTag color="#C7DD0C" italic="false" />
    <javadoc color="#C7DD0C" italic="false" />
    <javadocLink color="#C7DD0C" italic="false" />
    <javadocTag color="#C7DD0C" italic="false" />
    <javadocKeyword color="#C7DD0C" italic="false" />
    <class color="#C7DD0C" bold="false" underline="false" strikethrough="false" />
    <interface color="#C7DD0C" />
    <method color="#C7DD0C" />
    <methodDeclaration color="#C7DD0C" />
    <bracket color="#C7DD0C" />
    <number color="#C7DD0C" />
    <string color="#C7DD0C" />
    <operator color="#C7DD0C" />
    <keyword color="#C7DD0C" bold="false" />
    <annotation color="#C7DD0C" />
    <staticMethod color="#C7DD0C" />
    <localVariable color="#C7DD0C" />
    <localVariableDeclaration color="#C7DD0C" />
    <field color="#C7DD0C" />
    <staticField color="#C7DD0C" />
    <staticFinalField color="#C7DD0C" />
    <deprecatedMember color="#C7DD0C" underline="false" strikethrough="true" />
    <enum color="#C7DD0C" />
    <inheritedMethod color="#C7DD0C" />
    <abstractMethod color="#C7DD0C" />
    <parameterVariable color="#C7DD0C" />
    <typeArgument color="#C7DD0C" />
    <typeParameter color="#C7DD0C" />
    <constant color="#C7DD0C" />
    <background color="#000000" />
    <currentLine color="#C7DD0C" />
    <foreground color="#C7DD0C" />
    <lineNumber color="#C7DD0C" />
    <selectionBackground color="#C7DD0C" />
    <selectionForeground color="#C7DD0C" />
</colorTheme>