<?xml version="1.0" encoding="utf-8"?>
<colorTheme id="1876" name="Andin" modified="2011-05-31 15:15:52" author="Justin">
    <searchResultIndication color="#0437B6" />
    <filteredSearchResultIndication color="#0437B6" />
    <occurrenceIndication color="#5E3F43" />
    <writeOccurrenceIndication color="#462F32" />
    <findScope color="#111111" />
    <deletionIndication color="#D25252" />
    <sourceHoverBackground color="#053D01" />
    <singleLineComment color="#3670C6" italic="true" />
    <multiLineComment color="#3670C6" italic="true" />
    <commentTaskTag color="#3670C6" italic="false" />
    <javadoc color="#3670C6" italic="false" />
    <javadocLink color="#88AADD" italic="false" />
    <javadocTag color="#3670C6" italic="false" />
    <javadocKeyword color="#174790" italic="false" />
    <class color="#009200" bold="false" underline="false" strikethrough="false" />
    <interface color="#7159C6" />
    <method color="#009200" />
    <methodDeclaration color="#009200" />
    <bracket color="#009200" />
    <number color="#BB3123" />
    <string color="#BB3123" />
    <operator color="#148C05" />
    <keyword color="#C4C400" bold="false" />
    <annotation color="#C4C400" />
    <staticMethod color="#EFC090" />
    <localVariable color="#009200" />
    <localVariableDeclaration color="#009200" />
    <field color="#009200" />
    <staticField color="#EFC090" />
    <staticFinalField color="#EFC090" />
    <deprecatedMember color="#D25252" underline="false" strikethrough="true" />
    <enum color="#009200" />
    <inheritedMethod color="#009200" />
    <abstractMethod color="#009200" />
    <parameterVariable color="#00C100" />
    <typeArgument color="#009200" />
    <typeParameter color="#009200" />
    <constant color="#EFC090" />
    <background color="#000000" />
    <currentLine color="#2C4125" />
    <foreground color="#009200" />
    <lineNumber color="#2C4125" />
    <selectionBackground color="#484D46" />
    <selectionForeground color="#000000" />
</colorTheme>