<?xml version="1.0" encoding="utf-8"?>
<colorTheme id="1689" name="Android-Like" modified="2011-05-13 06:52:49" author="Divineforge" website="www.divineforge.com">
    <searchResultIndication color="#EFEFEF" />
    <filteredSearchResultIndication color="#EFEFEF" />
    <occurrenceIndication color="#EFEFEF" />
    <writeOccurrenceIndication color="#EFEFEF" />
    <findScope color="#BCADAD" />
    <deletionIndication color="#9b5656" />
    <sourceHoverBackground color="#EEEEEE" />
    <singleLineComment color="#17608f" />
    <multiLineComment color="#17608f" />
    <commentTaskTag color="#17608f" />
    <javadoc color="#05314d" />
    <javadocLink color="#05314d" />
    <javadocTag color="#05314d" />
    <javadocKeyword color="#CC9393" />
    <class color="#37550d" />
    <interface color="#9b5656" />
    <method color="#444444" />
    <methodDeclaration color="#222222" />
    <bracket color="#444444" />
    <number color="#801f91" />
    <string color="#92679a" />
    <operator color="#000000" />
    <keyword color="#688046" />
    <annotation color="#808080" />
    <staticMethod color="#C4C4B7" />
    <localVariable color="#5c8198" />
    <localVariableDeclaration color="#5c8198" />
    <field color="#566874" />
    <staticField color="#885d3b" />
    <staticFinalField color="#885d3b" />
    <deprecatedMember color="#ab2525" />
    <enum color="#885d3b" />
    <inheritedMethod color="#2c577c" />
    <abstractMethod color="#2c577c" />
    <parameterVariable color="#5c8198" />
    <typeArgument color="#885d3b" />
    <typeParameter color="#885d3b" />
    <background color="#FFFFFF" />
    <currentLine color="#EEEEEE" />
    <foreground color="#000000" />
    <lineNumber color="#999999" />
    <selectionBackground color="#EEEEEE" />
    <selectionForeground color="#000000" />
</colorTheme>