<?xml version="1.0" encoding="utf-8"?>
<colorTheme id="1813" name="AntonSilin2" modified="2011-05-22 09:24:31" author="Anton">
    <searchResultIndication color="#444444" />
    <filteredSearchResultIndication color="#444444" />
    <occurrenceIndication color="#444444" />
    <writeOccurrenceIndication color="#444444" />
    <findScope color="#444444" />
    <deletionIndication color="#FF66CC" underline="false" strikethrough="true" />
    <sourceHoverBackground color="#444444" />
    <singleLineComment color="#666666" italic="false" />
    <multiLineComment color="#666666" italic="false" />
    <commentTaskTag color="#666666" italic="false" />
    <javadoc color="#666666" italic="false" />
    <javadocLink color="#666666" italic="false" />
    <javadocTag color="#666666" italic="false" />
    <javadocKeyword color="#666666" italic="false" />
    <class color="#3399FF" bold="false" underline="false" strikethrough="false" />
    <interface color="#3399FF" />
    <method color="#3399FF" />
    <methodDeclaration color="#3399FF" />
    <bracket color="#D8D8D8" />
    <number color="#D8D8D8" />
    <string color="#99FF00" />
    <operator color="#D8D8D8" />
    <keyword color="#FFFFFF" bold="false" />
    <annotation color="#FFFFFF" />
    <staticMethod color="#3399FF" />
    <localVariable color="#FF66CC" />
    <localVariableDeclaration color="#FF66CC" bold="false" italic="false" underline="false" strikethrough="false" />
    <field color="#FF66CC" underline="false" strikethrough="false" />
    <staticField color="#FF66CC" underline="false" strikethrough="false" />
    <staticFinalField color="#FF66CC" />
    <deprecatedMember color="#FF66CC" underline="false" strikethrough="true" />
    <enum color="#D8D8D8" />
    <inheritedMethod color="#3399FF" />
    <abstractMethod color="#3399FF" />
    <parameterVariable color="#FF66CC" />
    <typeArgument color="#BFA4A4" bold="false" underline="false" strikethrough="false" />
    <typeParameter color="#BFA4A4" />
    <constant color="#FF66CC" />
    <background color="#000000" />
    <currentLine color="#111111" />
    <foreground color="#D8D8D8" />
    <lineNumber color="#444444" />
    <selectionBackground color="#444444" />
    <selectionForeground color="#FFFF66" />
</colorTheme>