<?xml version="1.0" encoding="utf-8"?>
<colorTheme id="482" name="apoxx_theme" modified="2011-02-26 13:01:53" author="apoxx">
    <searchResultIndication color="#616161" />
    <filteredSearchResultIndication color="#616161" />
    <occurrenceIndication color="#616161" />
    <writeOccurrenceIndication color="#616161" />
    <findScope color="#E0E2E4" />
    <deletionIndication color="#E0E2E4" />
    <sourceHoverBackground color="#FFFFFF" />
    <singleLineComment color="#7D8C93" />
    <multiLineComment color="#7D8C93" />
    <commentTaskTag color="#A57B61" />
    <javadoc color="#7D8C93" />
    <javadocLink color="#678CB1" />
    <javadocTag color="#E0E2E4" />
    <javadocKeyword color="#A082BD" />
    <class color="#678CB1" />
    <interface color="#678CB1" />
    <method color="#678CB1" />
    <methodDeclaration color="#95BED8" />
    <bracket color="#95bed8" />
    <number color="#c78d9b" />
    <string color="#C78D9B" />
    <operator color="#8D9093" bold="false" />
    <keyword color="#C17007" bold="false" />
    <annotation color="#A082BD" />
    <staticMethod color="#E0E2E4" />
    <localVariable color="#E0E2E4" />
    <localVariableDeclaration color="#E0E2E4" />
    <field color="#678CB1" />
    <staticField color="#678CB1" />
    <staticFinalField color="#E0E2E4" />
    <deprecatedMember color="#E0E2E4" />
    <enum color="#E0E2E4" />
    <inheritedMethod color="#E0E2E4" />
    <abstractMethod color="#E0E2E4" />
    <parameterVariable color="#E0E2E4" />
    <typeArgument color="#E0E2E4" />
    <typeParameter color="#E0E2E4" />
    <constant color="#A082BD" />
    <background color="#1f2223" />
    <currentLine color="#2F393C" />
    <foreground color="#E0E2E4" />
    <lineNumber color="#81969A" />
    <selectionBackground color="#95bed8" />
    <selectionForeground color="#E0E2E4" />
</colorTheme>