<?xml version="1.0" encoding="utf-8"?>
<colorTheme id="2015" name="Aptana Improved Plus" modified="2011-06-05 07:57:38" author="jdrjuan" website="www.silverlynx.com.ar">
    <searchResultIndication color="#464467" />
    <filteredSearchResultIndication color="#3F3F6A" />
    <occurrenceIndication color="#461E46" />
    <writeOccurrenceIndication color="#954095" />
    <findScope color="#BCADAD" />
    <sourceHoverBackground color="#A19879" />
    <singleLineComment color="#7F9F7F" italic="true" />
    <multiLineComment color="#73879B" italic="true" />
    <commentTaskTag color="#ACC1AC" />
    <javadoc color="#5B9E52" italic="true" />
    <javadocLink color="#A893CC" />
    <javadocTag color="#9393CC" />
    <javadocKeyword color="#CC9393" />
    <class color="#CAE682" />
    <interface color="#CAE682" />
    <method color="#DFBE95" />
    <methodDeclaration color="#DFBE95" />
    <bracket color="#FFFFFF" />
    <number color="#EAB882" />
    <string color="#CA6A68" bold="false" italic="true" underline="false" strikethrough="false" />
    <operator color="#F0EFD0" />
    <keyword color="#8DCBE2" />
    <annotation color="#808080" />
    <staticMethod color="#C4C4B7" />
    <localVariable color="#D4C4A9" />
    <localVariableDeclaration color="#D4C4A9" bold="true" />
    <field color="#B3B784" />
    <staticField color="#93A2CC" />
    <staticFinalField color="#53DCCD" />
    <deprecatedMember color="#FFFFFF" />
    <background color="#1A1A1A" />
    <currentLine color="#221D1A" />
    <foreground color="#E2E2E2" />
    <lineNumber color="#C0C0C0" />
    <selectionBackground color="#595046" />
    <selectionForeground color="#D3CDC7" />
</colorTheme>