<?xml version="1.0" encoding="utf-8"?>
<colorTheme id="1452" name="Aptana Consolas Dark" modified="2011-04-27 16:34:25" author="Jan Segre">
    <searchResultIndication color="#464467" />
    <filteredSearchResultIndication color="#3F3F6A" />
    <occurrenceIndication color="#616161" />
    <writeOccurrenceIndication color="#948567" />
    <findScope color="#BCADAD" />
    <sourceHoverBackground color="#A19879" />
    <singleLineComment color="#7F9F7F" italic="true" />
    <multiLineComment color="#73879B" italic="true" />
    <commentTaskTag color="#ACC1AC" />
    <javadoc color="#B3B5AF" />
    <javadocLink color="#A893CC" />
    <javadocTag color="#9393CC" />
    <javadocKeyword color="#CC9393" />
    <class color="#CAE682" />
    <interface color="#CAE682" />
    <method color="#DFBE95" />
    <methodDeclaration color="#DFBE95" />
    <bracket color="#FFFFFF" />
    <number color="#EAB882" />
    <string color="#CC9393" />
    <operator color="#F0EFD0" />
    <keyword color="#8DCBE2" />
    <annotation color="#808080" />
    <staticMethod color="#C4C4B7" />
    <localVariable color="#D4C4A9" />
    <localVariableDeclaration color="#D4C4A9" />
    <field color="#B3B784" />
    <staticField color="#93A2CC" />
    <staticFinalField color="#53DCCD" />
    <deprecatedMember color="#FFFFFF" />
    <background color="#1A1A1A" />
    <currentLine color="#505050" />
    <foreground color="#F9F9F9" />
    <lineNumber color="#B6B6B6" />
    <selectionBackground color="#FFFFFF" />
    <selectionForeground color="#DDF0FF" />
</colorTheme>