<?xml version="1.0" encoding="utf-8"?>
<colorTheme id="1801" name="art" modified="2011-05-21 23:12:09" author="Andy">
    <searchResultIndication color="#7A7A7A" />
    <filteredSearchResultIndication color="#7A7A7A" />
    <occurrenceIndication color="#FFA500" />
    <writeOccurrenceIndication color="#FFA500" />
    <sourceHoverBackground color="#9C9C9C" />
    <singleLineComment color="#FF0000" />
    <multiLineComment color="#FF0000" />
    <commentTaskTag color="#FF3300" />
    <javadoc color="#FF3300" />
    <javadocLink color="#990099" />
    <javadocTag color="#990099" />
    <javadocKeyword color="#990099" />
    <class color="#006600" />
    <interface color="#666666" />
    <method color="#000099" />
    <methodDeclaration color="#000099" />
    <bracket color="#000099" />
    <number color="#0000FF" />
    <string color="#CC0000" />
    <operator color="#0000FF" />
    <keyword color="#0000FF" />
    <annotation color="#990000" />
    <staticMethod color="#990000" />
    <localVariable color="#0066FF" />
    <localVariableDeclaration color="#000099" />
    <field color="#000099" />
    <staticField color="#552200" />
    <staticFinalField color="#552200" />
    <deprecatedMember color="#9C9C9C" />
    <enum color="#FF0000" />
    <inheritedMethod color="#000099" />
    <abstractMethod color="#000099" />
    <parameterVariable color="#0000FF" />
    <typeArgument color="#0000FF" />
    <typeParameter color="#006600" />
    <constant color="#552200" />
    <background color="#EED5B7" />
    <currentLine color="#FFE4C4" />
    <foreground color="#333333" />
    <lineNumber color="#7A7A7A" />
    <selectionBackground color="#FFEFDB" />
    <selectionForeground color="#333333" />
</colorTheme>