<?xml version="1.0" encoding="utf-8"?>
<colorTheme id="439" name="ASagnarok" modified="2011-02-24 18:07:11" author="Mark Dennis">
    <searchResultIndication color="#464467" />
    <filteredSearchResultIndication color="#3f3f6a" />
    <occurrenceIndication color="#616161" />
    <writeOccurrenceIndication color="#948567" />
    <findScope color="#BCADAD" />
    <sourceHoverBackground color="#a19879" />
    <singleLineComment color="#65E309" />
    <multiLineComment color="#B8AFA8" />
    <commentTaskTag color="#ACC1AC" />
    <javadoc color="#b3b5af" />
    <javadocLink color="#FF0000" />
    <javadocTag color="#a7a7d1" />
    <javadocKeyword color="#f08080" />
    <class color="#00FFFF" />
    <interface color="#FFFF00" />
    <method color="#f3f6ee" />
    <methodDeclaration color="#f3f6ee" />
    <bracket color="#f3f6ee" />
    <number color="#FF79CE" />
    <string color="#FF79FF" />
    <operator color="#F3F6EE" />
    <keyword color="#36BFFF" />
    <annotation color="#808080" />
    <staticMethod color="#DCC19D" />
    <localVariable color="#D4C4A9" />
    <localVariableDeclaration color="#D4C4A9" />
    <field color="#DCC19D" />
    <staticField color="#DCC19D" />
    <staticFinalField color="#DCC19D" />
    <deprecatedMember color="#FFFFFF" />
    <background color="#272727" />
    <currentLine color="#363636" />
    <foreground color="#f6f3e8" />
    <lineNumber color="#A9A6A5" />
    <selectionBackground color="#898941" />
    <selectionForeground color="#000000" />
</colorTheme>