<?xml version="1.0" encoding="utf-8"?>
<colorTheme id="938" name="asdf adfddd" modified="2011-03-30 14:13:58" author="asdfasdfsadf">
    <searchResultIndication color="#D8D8D8" />
    <filteredSearchResultIndication color="#D8D8D8" />
    <occurrenceIndication color="#000000" />
    <writeOccurrenceIndication color="#000000" />
    <findScope color="#111111" />
    <deletionIndication color="#D25252" />
    <sourceHoverBackground color="#000000" />
    <singleLineComment color="#829195" />
    <multiLineComment color="#829195" />
    <commentTaskTag color="#829195" />
    <javadoc color="#CCDF32" />
    <javadocLink color="#D9E577" />
    <javadocTag color="#D9E577" />
    <javadocKeyword color="#D9E577" />
    <class color="#FF7F00" bold="false" underline="false" strikethrough="false" />
    <interface color="#D197D9" />
    <method color="#FFFFFF" />
    <methodDeclaration color="#BED6FF" />
    <bracket color="#D8D8D8" />
    <number color="#FF0000" />
    <string color="#2AFF2A" />
    <operator color="#D8D8D8" />
    <keyword color="#FF2AD4" bold="false" />
    <annotation color="#FF2AD4" />
    <staticMethod color="#BED6FF" />
    <localVariable color="#00AAFF" />
    <localVariableDeclaration color="#BED6FF" />
    <field color="#BED6FF" />
    <staticField color="#EFC090" />
    <staticFinalField color="#EFC090" />
    <deprecatedMember color="#D25252" underline="false" strikethrough="true" />
    <enum color="#7FB347" />
    <inheritedMethod color="#BED6FF" />
    <abstractMethod color="#BED6FF" />
    <parameterVariable color="#79ABFF" />
    <typeArgument color="#BFA4A4" />
    <typeParameter color="#BFA4A4" />
    <constant color="#EFC090" />
    <background color="#1E1E1E" />
    <currentLine color="#2A2A2A" />
    <foreground color="#D8D8D8" />
    <lineNumber color="#FFFFFF" />
    <selectionBackground color="#000000" />
    <selectionForeground color="#D0D0D0" />
</colorTheme>