<?xml version="1.0" encoding="utf-8"?>
<colorTheme id="805" name="asdflkj" modified="2011-03-22 02:37:25" author="x" website="lkj">
    <searchResultIndication color="#D8D8D8" />
    <filteredSearchResultIndication color="#D8D8D8" />
    <occurrenceIndication color="#000000" />
    <writeOccurrenceIndication color="#000000" />
    <findScope color="#111111" />
    <deletionIndication color="#006600" />
    <sourceHoverBackground color="#000000" />
    <singleLineComment color="#C7DD0C" />
    <multiLineComment color="#C7DD0C" />
    <commentTaskTag color="#CCDF32" />
    <javadoc color="#CCDF32" />
    <javadocLink color="#D9E577" />
    <javadocTag color="#D9E577" />
    <javadocKeyword color="#D9E577" />
    <class color="#00AA00" bold="true" underline="false" strikethrough="false" />
    <interface color="#FF0000" />
    <method color="#00FF00" />
    <methodDeclaration color="#00FF00" />
    <bracket color="#FFFFFF" />
    <number color="#7FB347" />
    <string color="#FFC600" />
    <operator color="#FFFFFF" />
    <keyword color="#FF0000" bold="false" />
    <annotation color="#FFF000" />
    <staticMethod color="#009900" />
    <localVariable color="#00FF00" italic="false" />
    <localVariableDeclaration color="#00FF00" />
    <field color="#006600" />
    <staticField color="#A0FF00" />
    <staticFinalField color="#A0FF00" />
    <deprecatedMember color="#006600" underline="false" strikethrough="true" />
    <enum color="#700007" />
    <inheritedMethod color="#00FF00" />
    <abstractMethod color="#00FF00" />
    <parameterVariable color="#79ABFF" />
    <typeArgument color="#AA0000" />
    <typeParameter color="#AA0000" />
    <constant color="#FF5500" />
    <background color="#000000" />
    <currentLine color="#2A2A2A" />
    <foreground color="#D8D8D8" />
    <lineNumber color="#00FF00" />
    <selectionBackground color="#00FF00" />
    <selectionForeground color="#000000" />
</colorTheme>