<?xml version="1.0" encoding="utf-8"?>
<colorTheme id="763" name="asdfasdfa" modified="2011-03-18 16:08:16" author="test" website="test">
    <searchResultIndication color="#D8D8D8" />
    <filteredSearchResultIndication color="#D8D8D8" />
    <occurrenceIndication color="#6182A5" />
    <writeOccurrenceIndication color="#6182A5" />
    <findScope color="#111111" />
    <deletionIndication color="#D25252" />
    <sourceHoverBackground color="#000000" />
    <singleLineComment color="#CCCCCC" />
    <multiLineComment color="#CCCCCC" />
    <commentTaskTag color="#CCCCCC" />
    <javadoc color="#CCCCCC" />
    <javadocLink color="#D9E577" />
    <javadocTag color="#D9E577" />
    <javadocKeyword color="#D9E577" />
    <class color="#D25252" bold="false" underline="false" strikethrough="false" />
    <interface color="#D197D9" />
    <method color="#FFFFFF" />
    <methodDeclaration color="#BED6FF" />
    <bracket color="#FFFFFF" />
    <number color="#F08080" />
    <string color="#F08080" />
    <operator color="#D8D8D8" />
    <keyword color="#FFFFFF" bold="false" />
    <annotation color="#FFFFFF" />
    <staticMethod color="#BED6FF" />
    <localVariable color="#79ABFF" />
    <localVariableDeclaration color="#BED6FF" />
    <field color="#BED6FF" />
    <staticField color="#EFC090" />
    <staticFinalField color="#EFC090" />
    <deprecatedMember color="#D25252" underline="false" strikethrough="true" />
    <enum color="#7FB347" />
    <inheritedMethod color="#BED6FF" />
    <abstractMethod color="#BED6FF" />
    <parameterVariable color="#79ABFF" />
    <typeArgument color="#BFA4A4" />
    <typeParameter color="#BFA4A4" />
    <constant color="#EFC090" />
    <background color="#242424" />
    <currentLine color="#343434" />
    <foreground color="#FFFFFF" />
    <lineNumber color="#D8D8D8" />
    <selectionBackground color="#6182A5" />
    <selectionForeground color="#D0D0D0" />
</colorTheme>