<?xml version="1.0" encoding="utf-8"?>
<colorTheme id="1620" name="asmanian" modified="2011-05-09 12:05:38" author="Mrz">
    <searchResultIndication color="#EFEFEF" />
    <filteredSearchResultIndication color="#EFEFEF" />
    <occurrenceIndication color="#EFEFEF" />
    <writeOccurrenceIndication color="#EFEFEF" />
    <findScope color="#BCADAD" />
    <deletionIndication color="#9b5656" />
    <sourceHoverBackground color="#EEEEEE" />
    <singleLineComment color="#008000" />
    <multiLineComment color="#008000" />
    <commentTaskTag color="#008000" />
    <javadoc color="#800080" />
    <javadocLink color="#800080" />
    <javadocTag color="#801f91" />
    <javadocKeyword color="#0000FF" />
    <class color="#000080" />
    <interface color="#9b5656" />
    <method color="#FF00FF" />
    <methodDeclaration color="#FF00FF" />
    <bracket color="#8000FF" />
    <number color="#FF8000" />
    <string color="#808080" />
    <operator color="#8000FF" />
    <keyword color="#0000FF" />
    <annotation color="#808080" />
    <staticMethod color="#C4C4B7" />
    <localVariable color="#000080" />
    <localVariableDeclaration color="#000080" />
    <field color="#800080" />
    <staticField color="#800040" />
    <staticFinalField color="#800040" />
    <deprecatedMember color="#ab2525" />
    <enum color="#800040" />
    <inheritedMethod color="#FF00FF" />
    <abstractMethod color="#FF00FF" />
    <parameterVariable color="#0000FF" />
    <typeArgument color="#885d3b" />
    <typeParameter color="#885d3b" />
    <constant color="" bold="false" />
    <background color="#FFFFFF" />
    <currentLine color="#EEEEEE" />
    <foreground color="#7900FB" />
    <lineNumber color="#999999" />
    <selectionBackground color="#EEEEEE" />
    <selectionForeground color="#000000" />
</colorTheme>