<?xml version="1.0" encoding="utf-8"?>
<colorTheme id="1175" name="assddf" modified="2011-04-11 18:00:53" author="asdf">
    <occurrenceIndication color="#616161" />
    <findScope color="#191919" />
    <deletionIndication color="#FF0000" />
    <singleLineComment color="#A35C00" />
    <multiLineComment color="#F99E29" />
    <commentTaskTag color="#666666" />
    <javadoc color="#F99E29" />
    <javadocLink color="#666666" />
    <javadocTag color="#800080" />
    <javadocKeyword color="#800080" />
    <class color="#009ADA" />
    <interface color="#87F025" />
    <method color="#FFFFFF" bold="false" />
    <methodDeclaration color="#FFFFFF" bold="false" />
    <bracket color="#FFFFFF" />
    <number color="#00A40F" />
    <string color="#FF0000" />
    <operator color="#FFFFFF" />
    <keyword color="#999999" />
    <annotation color="#999999" />
    <staticMethod color="#FFFFFF" />
    <localVariable color="#F7C527" />
    <localVariableDeclaration color="#F7C527" />
    <field color="#c38705" />
    <staticField color="#FFFFFF" />
    <staticFinalField color="#80FF00" />
    <deprecatedMember color="#FFFFFF" />
    <enum color="#408000" />
    <inheritedMethod color="#E3B735" />
    <abstractMethod color="#F1C436" />
    <parameterVariable color="#069609" />
    <typeArgument color="#D9B0AC" />
    <typeParameter color="#CDB1AD" />
    <background color="#000000" />
    <currentLine color="#222220" />
    <foreground color="#FFFFFF" />
    <lineNumber color="#999999" />
    <selectionBackground color="#666666" />
    <selectionForeground color="#FFFFFF" />
</colorTheme>