<?xml version="1.0" encoding="utf-8"?>
<colorTheme id="1911" name="augment_ink" modified="2011-05-28 22:24:03" author="Neal Trischitta">
    <searchResultIndication color="#000000" />
    <filteredSearchResultIndication color="#000000" />
    <occurrenceIndication color="#000000" />
    <writeOccurrenceIndication color="#000000" />
    <findScope color="#111111" />
    <deletionIndication color="#D25252" />
    <sourceHoverBackground color="#000000" />
    <singleLineComment color="#CCDF32" italic="false" />
    <multiLineComment color="#006080" bold="false" italic="false" />
    <commentTaskTag color="#678CB1" bold="false" italic="false" />
    <javadoc color="#CCDF32" bold="false" italic="false" />
    <javadocLink color="#7D8C93" italic="false" />
    <javadocTag color="#006080" bold="false" italic="false" />
    <javadocKeyword color="#8DCBE2" bold="false" italic="false" />
    <class color="#D25252" bold="false" italic="false" underline="false" strikethrough="false" />
    <interface color="#D197D9" bold="false" />
    <method color="#ACC1AC" bold="false" />
    <methodDeclaration color="#BED6FF" bold="false" />
    <bracket color="#D8D8D8" bold="false" />
    <number color="#A57B61" bold="false" />
    <string color="#A082BD" />
    <operator color="#527D5D" bold="false" italic="false" underline="false" strikethrough="false" />
    <keyword color="#BCADAD" bold="false" />
    <annotation color="#FFFFFF" bold="false" />
    <staticMethod color="#53DCCD" bold="false" />
    <localVariable color="#BED6FF" />
    <localVariableDeclaration color="#BED6FF" bold="false" />
    <field color="#BFA4A4" bold="false" />
    <staticField color="#EFC090" bold="false" />
    <staticFinalField color="#79ABFF" bold="false" italic="false" underline="false" strikethrough="false" />
    <deprecatedMember color="#D25252" underline="false" strikethrough="true" />
    <enum color="#7FB347" />
    <inheritedMethod color="#BED6FF" />
    <abstractMethod color="#BED6FF" />
    <parameterVariable color="#79ABFF" />
    <typeArgument color="#FFFFFF" />
    <typeParameter color="#FFFFFF" />
    <constant color="#FFFFFF" />
    <background color="#101020" />
    <currentLine color="#2A2A2A" />
    <foreground color="#D8D8D8" />
    <lineNumber color="#A57B61" />
    <selectionBackground color="#000000" />
    <selectionForeground color="#D0D0D0" />
</colorTheme>