<?xml version="1.0" encoding="utf-8"?>
<colorTheme id="909" name="Automn" modified="2011-03-28 15:29:06" author="Cedric">
    <occurrenceIndication color="#616161" />
    <findScope color="#191919" />
    <deletionIndication color="#FF0000" bold="false" />
    <singleLineComment color="#79B30B" bold="false" />
    <multiLineComment color="#79B30B" bold="false" />
    <commentTaskTag color="#FF0000" bold="false" />
    <javadoc color="#79B30B" bold="false" />
    <javadocLink color="#79B30B" bold="false" />
    <javadocTag color="#FF0000" bold="false" />
    <javadocKeyword color="#FF0000" />
    <class color="#008080" bold="false" />
    <interface color="#1E8DD2" bold="false" />
    <method color="#FFFFFF" bold="false" />
    <methodDeclaration color="#FFFFFF" bold="false" />
    <bracket color="#FFFFFF" />
    <number color="#FFFFFF" />
    <string color="#C0320E" bold="false" />
    <operator color="#FFFFFF" bold="false" />
    <keyword color="#2C94B5" bold="false" italic="false" />
    <staticMethod color="#FFFFFF" />
    <localVariable color="#FFFFFF" bold="false" />
    <localVariableDeclaration color="#FFFFFF" bold="false" />
    <field color="#FFFFFF" bold="false" />
    <staticField color="#FFFFFF" />
    <staticFinalField color="#FFFFFF" bold="false" />
    <deprecatedMember color="#FFFFFF" />
    <enum color="#FFFFFF" bold="false" />
    <inheritedMethod color="#2C94B5" bold="false" />
    <abstractMethod color="#2C94B5" />
    <parameterVariable color="#FFFFFF" />
    <typeArgument color="#FFFFFF" bold="false" />
    <typeParameter color="#FFFFFF" />
    <background color="#221B11" />
    <currentLine color="#222220" />
    <foreground color="#FFFFFF" />
    <lineNumber color="#666666" />
    <selectionBackground color="#414C3B" />
    <selectionForeground color="#FFFFFF" />
</colorTheme>