<?xml version="1.0" encoding="utf-8"?>
<colorTheme id="1516" name="autumn" modified="2011-05-03 05:17:20" author="Green Luo">
    <searchResultIndication color="#BFD2F9" />
    <filteredSearchResultIndication color="#BFD2F9" />
    <occurrenceIndication color="#C4C4B7" />
    <writeOccurrenceIndication color="#C4C4B7" />
    <findScope color="#BDD8F2" />
    <deletionIndication color="#B89462" />
    <sourceHoverBackground color="#E3D5C1" />
    <singleLineComment color="#A7814B" italic="false" />
    <multiLineComment color="#A7814B" italic="false" />
    <commentTaskTag color="#5E4E2A" italic="false" />
    <javadoc color="#A7814B" italic="false" />
    <javadocLink color="#305FB6" italic="false" />
    <javadocTag color="#5E4E2A" italic="false" />
    <javadocKeyword color="#5E4E2A" italic="false" />
    <class color="#305FB6" bold="false" underline="false" strikethrough="false" />
    <interface color="#305FB6" />
    <method color="#000000" />
    <methodDeclaration color="#000000" bold="false" />
    <bracket color="#002360" />
    <number color="#259241" />
    <string color="#259241" />
    <operator color="#2E53D1" />
    <keyword color="#400080" bold="false" />
    <annotation color="#5E4E2A" />
    <staticMethod color="#000000" />
    <localVariable color="#000000" />
    <localVariableDeclaration color="#000000" />
    <field color="#305FB6" />
    <staticField color="#305FB6" />
    <staticFinalField color="#305FB6" />
    <deprecatedMember color="#B89462" underline="false" strikethrough="true" />
    <enum color="#002360" />
    <inheritedMethod color="#000000" />
    <abstractMethod color="#000000" />
    <parameterVariable color="#000000" />
    <typeArgument color="#000000" />
    <typeParameter color="#000000" />
    <constant color="#000000" />
    <background color="#E3D5C1" />
    <currentLine color="#C1C0DA" />
    <foreground color="#000000" />
    <lineNumber color="#A7814B" />
    <selectionBackground color="#3399FF" />
    <selectionForeground color="#000000" />
</colorTheme>