<?xml version="1.0" encoding="utf-8"?>
<colorTheme id="1082" name="Baller" modified="2011-04-06 20:32:28" author="Dave">
    <searchResultIndication color="#D8D8D8" />
    <filteredSearchResultIndication color="#D8D8D8" />
    <occurrenceIndication color="#000000" />
    <writeOccurrenceIndication color="#000000" />
    <findScope color="#111111" />
    <deletionIndication color="#EA7E7C" />
    <sourceHoverBackground color="#000000" />
    <singleLineComment color="#999999" bold="false" italic="false" underline="false" strikethrough="false" />
    <multiLineComment color="#777777" italic="false" />
    <commentTaskTag color="#777777" italic="false" underline="false" strikethrough="false" />
    <javadoc color="#777777" italic="false" underline="false" strikethrough="false" />
    <javadocLink color="#EAC27C" italic="false" />
    <javadocTag color="#EAC27C" italic="false" />
    <javadocKeyword color="#EAC27C" italic="false" />
    <class color="#EA7FEE" bold="false" underline="false" strikethrough="false" />
    <interface color="#7FB6EE" />
    <method color="#7FB6EE" />
    <methodDeclaration color="#7FB6EE" />
    <bracket color="#AAAAAA" />
    <number color="#EA7FEE" />
    <string color="#8DDE91" />
    <operator color="#EA7FEE" />
    <keyword color="#7FB6EE" bold="false" underline="false" strikethrough="false" />
    <annotation color="#EEEEEE" underline="false" strikethrough="false" />
    <staticMethod color="#79ABFF" underline="false" strikethrough="false" />
    <localVariable color="#A1C6EB" underline="false" strikethrough="false" />
    <localVariableDeclaration color="#A1C6EB" underline="false" strikethrough="false" />
    <field color="#A1C6EB" underline="false" strikethrough="false" />
    <staticField color="#EAC27C" underline="false" strikethrough="false" />
    <staticFinalField color="#EAC27C" bold="false" />
    <deprecatedMember color="#EA7E7C" underline="false" strikethrough="true" />
    <enum color="#8DDE91" underline="false" strikethrough="false" />
    <inheritedMethod color="#7FB6EE" underline="false" strikethrough="false" />
    <abstractMethod color="#7FB6EE" />
    <parameterVariable color="#EA7FEE" underline="false" strikethrough="false" />
    <typeArgument color="#EA7FEE" underline="false" strikethrough="false" />
    <typeParameter color="#EA7FEE" />
    <constant color="#EAC27C" underline="false" strikethrough="false" />
    <background color="#3F3F3F" />
    <currentLine color="#333333" />
    <foreground color="#EEEEEE" />
    <lineNumber color="#AAAAAA" />
    <selectionBackground color="#333333" />
    <selectionForeground color="#EEEEEE" />
</colorTheme>