<?xml version="1.0" encoding="utf-8"?>
<colorTheme id="832" name="Basalt" modified="2011-04-19 14:28:06" author="Thomas Rawyler">
    <searchResultIndication color="#666666" />
    <filteredSearchResultIndication color="#D8D8D8" />
    <occurrenceIndication color="#555555" />
    <writeOccurrenceIndication color="#555522" />
    <findScope color="#111111" />
    <deletionIndication color="#D25252" />
    <sourceHoverBackground color="#000000" />
    <singleLineComment color="#7FB347" />
    <multiLineComment color="#7FB347" />
    <commentTaskTag color="#33DDAA" />
    <javadoc color="#7FB347" />
    <javadocLink color="#33DFAA" />
    <javadocTag color="#33DFAA" />
    <javadocKeyword color="#C9D577" />
    <class color="#D25252" bold="false" underline="false" strikethrough="false" />
    <interface color="#D25252" />
    <method color="#79ABFF" />
    <methodDeclaration color="#BED6FF" />
    <bracket color="#D8D8D8" />
    <number color="#B9E577" />
    <string color="#FFAA00" />
    <operator color="#D8D8D8" />
    <keyword color="#FFFFFF" bold="false" />
    <annotation color="#FFFFFF" bold="false" />
    <staticMethod color="#BED6FF" />
    <localVariable color="#79ABFF" />
    <localVariableDeclaration color="#BED6FF" />
    <field color="#BED6FF" />
    <staticField color="#EFC090" italic="true" />
    <staticFinalField color="#EFC090" italic="true" />
    <deprecatedMember color="#D25252" underline="false" strikethrough="true" />
    <enum color="#EFC090" />
    <inheritedMethod color="#BED6FF" />
    <abstractMethod color="#BED6FF" />
    <parameterVariable color="#79ABFF" />
    <typeArgument color="#BB9060" />
    <typeParameter color="#BB9060" />
    <constant color="#EFC090" />
    <background color="#1E1E1E" />
    <currentLine color="#2A2A2A" />
    <foreground color="#D8D8D8" />
    <lineNumber color="#D0D0D0" />
    <selectionBackground color="#333333" />
    <selectionForeground color="#D0D0D0" />
</colorTheme>