<?xml version="1.0" encoding="utf-8"?>
<colorTheme id="1727" name="Based on Gedit" modified="2011-05-16 19:23:21" author="portal127">
    <searchResultIndication color="#EEEEEC" />
    <filteredSearchResultIndication color="#D8D8D8" />
    <occurrenceIndication color="#000000" />
    <writeOccurrenceIndication color="#000000" />
    <findScope color="#000000" />
    <deletionIndication color="#D25252" />
    <sourceHoverBackground color="#000000" />
    <singleLineComment color="#888a85" />
    <multiLineComment color="#888a85" />
    <commentTaskTag color="#CCDF32" />
    <javadoc color="#888a85" />
    <javadocLink color="#888a85" />
    <javadocTag color="#888a85" />
    <javadocKeyword color="#888a85" />
    <class color="#bbbbbb" />
    <interface color="#D197D9" />
    <method color="#FFFFFF" />
    <methodDeclaration color="#BED6FF" />
    <bracket color="#D8D8D8" />
    <number color="#ce5c00" />
    <string color="#edd400" />
    <operator color="#D8D8D8" />
    <keyword color="#FFFFFF" />
    <annotation color="#FFFFFF" />
    <staticMethod color="#BED6FF" />
    <localVariable color="#729fcf" />
    <localVariableDeclaration color="#729fcf" />
    <field color="#BED6FF" />
    <staticField color="#EFC090" />
    <staticFinalField color="#EFC090" />
    <inheritedMethod color="#BED6FF" />
    <abstractMethod color="#BED6FF" />
    <parameterVariable color="#79ABFF" />
    <typeArgument color="#BFA4A4" />
    <typeParameter color="#BFA4A4" />
    <constant color="#edd400" />
    <background color="#FFFFFF" />
    <currentLine color="#6A5ACD" />
    <foreground color="#000000" />
    <lineNumber color="#000000" />
    <selectionBackground color="#888a85" />
    <selectionForeground color="#EEEEEC" />
</colorTheme>