<?xml version="1.0" encoding="utf-8"?>
<colorTheme id="760" name="Bazman" modified="2011-03-18 13:57:57" author="Baz">
    <searchResultIndication color="#D8D8D8" />
    <filteredSearchResultIndication color="#D8D8D8" />
    <occurrenceIndication color="#003B70" />
    <writeOccurrenceIndication color="#003B70" />
    <findScope color="#111111" />
    <deletionIndication color="#D25252" />
    <sourceHoverBackground color="#000000" />
    <singleLineComment color="#D0D0D0" />
    <multiLineComment color="#0088FF" />
    <commentTaskTag color="#0088FF" />
    <javadoc color="#0088FF" bold="true" />
    <javadocLink color="#0088FF" bold="true" italic="false" />
    <javadocTag color="#0088FF" bold="true" />
    <javadocKeyword color="#0088FF" bold="true" />
    <class color="#D0D0D0" bold="true" underline="false" strikethrough="false" />
    <interface color="#D0D0D0" />
    <method color="#FFFFFF" bold="false" />
    <methodDeclaration color="#BED6FF" />
    <bracket color="#D8D8D8" />
    <number color="#FFFFFF" />
    <string color="#3AD900" />
    <operator color="#D8D8D8" />
    <keyword color="#FF9D0C" bold="true" />
    <annotation color="#FF9D0C" />
    <staticMethod color="#9EFFFF" />
    <localVariable color="#FFFFFF" />
    <localVariableDeclaration color="#FFFFFF" />
    <field color="#2B91AF" bold="false" italic="false" underline="false" strikethrough="false" />
    <staticField color="#FFFFFF" bold="true" italic="false" />
    <staticFinalField color="#FFFFFF" bold="true" italic="false" />
    <deprecatedMember color="#D25252" underline="false" strikethrough="true" />
    <enum color="#FFFFFF" />
    <inheritedMethod color="#BED6FF" />
    <abstractMethod color="#BED6FF" />
    <parameterVariable color="#79ABFF" />
    <typeArgument color="#BFA4A4" />
    <typeParameter color="#BFA4A4" />
    <constant color="#FFFFFF" />
    <background color="#002240" />
    <currentLine color="#003B70" />
    <foreground color="#FFFFFF" />
    <lineNumber color="#D0D0D0" />
    <selectionBackground color="#0088FF" />
    <selectionForeground color="#D0D0D0" />
</colorTheme>