<?xml version="1.0" encoding="utf-8"?>
<colorTheme id="592" name="BB_d4rk" modified="2011-03-05 13:47:37" author="B4st3r">
    <searchResultIndication color="#D8D8D8" />
    <filteredSearchResultIndication color="#D8D8D8" />
    <occurrenceIndication color="#000000" />
    <writeOccurrenceIndication color="#000000" />
    <findScope color="#111111" />
    <deletionIndication color="#D25252" />
    <sourceHoverBackground color="#000000" />
    <singleLineComment color="#E9C639" bold="false" />
    <multiLineComment color="#E9C639" bold="false" />
    <commentTaskTag color="#E8B338" bold="false" />
    <javadoc color="#E9C639" bold="false" />
    <javadocLink color="#BCAC66" bold="false" />
    <javadocTag color="#BCAC66" bold="false" />
    <javadocKeyword color="#BCAC66" bold="false" />
    <class color="#87BBE0" bold="false" underline="false" strikethrough="false" />
    <interface color="#D197D9" />
    <method color="#F0F0F0" />
    <methodDeclaration color="#DCE7F4" />
    <bracket color="#DADADA" />
    <number color="#F80057" />
    <string color="#A7D934" />
    <operator color="#DADADA" />
    <keyword color="#DCDEE6" bold="false" />
    <annotation color="#FFFFFF" />
    <staticMethod color="#DCE7F4" bold="false" />
    <localVariable color="#EEEEEE" />
    <localVariableDeclaration color="#DCE7F4" />
    <field color="#DCE7F4" />
    <staticField color="#DCE7F4" />
    <staticFinalField color="#DCE7F4" />
    <deprecatedMember color="#D25252" underline="false" strikethrough="true" />
    <enum color="#7FB347" />
    <inheritedMethod color="#DCE7F4" />
    <abstractMethod color="#DCE7F4" />
    <parameterVariable color="#79ABFF" />
    <typeArgument color="#BFA4A4" />
    <typeParameter color="#BFA4A4" />
    <constant color="#DCE7F4" />
    <background color="#3A3A3A" />
    <currentLine color="#2A2A2A" />
    <foreground color="#DADADA" />
    <lineNumber color="#B0B0B0" />
    <selectionBackground color="#1A1A1A" />
    <selectionForeground color="#D0D0D0" />
</colorTheme>