<?xml version="1.0" encoding="utf-8"?>
<colorTheme id="1679" name="Beans Plugin" modified="2011-05-16 15:38:32" author="dlang">
    <searchResultIndication color="#000000" />
    <filteredSearchResultIndication color="#000000" />
    <occurrenceIndication color="#000000" />
    <writeOccurrenceIndication color="#000000" />
    <findScope color="#111111" />
    <deletionIndication color="#D25252" />
    <sourceHoverBackground color="#000000" />
    <singleLineComment color="#0174DF" italic="false" />
    <multiLineComment color="#0174DF" italic="false" />
    <commentTaskTag color="#0174DF" italic="false" />
    <javadoc color="#0174DF" italic="false" />
    <javadocLink color="#0174DF" italic="false" />
    <javadocTag color="#0174DF" italic="false" />
    <javadocKeyword color="#0174DF" italic="false" />
    <class color="#FFFFFF" bold="false" underline="false" strikethrough="false" />
    <interface color="#D197D9" />
    <method color="#FFFFFF" />
    <methodDeclaration color="#BED6FF" />
    <bracket color="#D8D8D8" />
    <number color="#FFFF00" />
    <string color="#FFC600" />
    <operator color="#D8D8D8" />
    <keyword color="#04B404" bold="false" />
    <annotation color="#FFFFFF" />
    <staticMethod color="#BED6FF" />
    <localVariable color="#FFFFFF" />
    <localVariableDeclaration color="#FFFFFF" />
    <field color="#BED6FF" />
    <staticField color="#EFC090" />
    <staticFinalField color="#EFC090" />
    <deprecatedMember color="#D25252" underline="false" strikethrough="true" />
    <enum color="#F3F781" />
    <inheritedMethod color="#BED6FF" />
    <abstractMethod color="#BED6FF" />
    <parameterVariable color="#79ABFF" />
    <typeArgument color="#BFA4A4" />
    <typeParameter color="#BFA4A4" />
    <constant color="#EFC090" />
    <background color="#000000" />
    <currentLine color="#2A2A2A" />
    <foreground color="#FFFFFF" />
    <lineNumber color="#D0D0D0" />
    <selectionBackground color="#000000" />
    <selectionForeground color="#D0D0D0" />
</colorTheme>