<?xml version="1.0" encoding="utf-8"?>
<colorTheme id="405" name="Bespin Npp" modified="2011-05-30 11:27:55" author="Daniel Rothmaler">
    <searchResultIndication color="#CC0000" />
    <filteredSearchResultIndication color="#CC0000" />
    <occurrenceIndication color="#616161" />
    <writeOccurrenceIndication color="#948567" />
    <findScope color="#BCADAD" />
    <sourceHoverBackground color="#A19879" />
    <singleLineComment color="#1E9AE0" />
    <multiLineComment color="#1E9AE0" />
    <commentTaskTag color="#1E9AE0" />
    <javadoc color="#1E9AE0" />
    <javadocLink color="#1E9AE0" italic="true" />
    <javadocTag color="#1E9AE0" italic="true" />
    <javadocKeyword color="#F08080" />
    <class color="#F6F080" />
    <interface color="#F6F080" />
    <method color="#F3F6EE" />
    <methodDeclaration color="#F3F6EE" />
    <bracket color="#F3F6EE" />
    <number color="#FF3A83" />
    <string color="#55E439" />
    <operator color="#FFAA00" />
    <keyword color="#FFAA00" />
    <annotation color="#FFAA00" />
    <staticMethod color="#FFFFFF" />
    <localVariable color="#EEE8DE" />
    <localVariableDeclaration color="#EEE8DE" />
    <field color="#CBF8FD" />
    <staticField color="#93A2CC" />
    <staticFinalField color="#60D2EE" />
    <deprecatedMember color="#FDEFEF" italic="true" underline="false" strikethrough="true" />
    <enum color="#F6F080" bold="false" />
    <background color="#2A211C" />
    <currentLine color="#4B3C34" />
    <foreground color="#F8F8F8" />
    <lineNumber color="#E5C138" />
    <selectionBackground color="#83675A" />
    <selectionForeground color="#C00000" />
</colorTheme>