<?xml version="1.0" encoding="utf-8"?>
<colorTheme id="375" name="Bespin-lesnik" modified="2011-02-20 01:02:35" author="Lesnik">
    <searchResultIndication color="#D8D8D8" />
    <filteredSearchResultIndication color="#D8D8D8" />
    <occurrenceIndication color="#000000" />
    <writeOccurrenceIndication color="#000000" />
    <findScope color="#111111" />
    <deletionIndication color="#D25252" />
    <sourceHoverBackground color="#000000" />
    <singleLineComment color="#666666" />
    <multiLineComment color="#666666" />
    <commentTaskTag color="#666666" />
    <javadoc color="#666666" />
    <javadocLink color="#666666" />
    <javadocTag color="#D9E577" />
    <javadocKeyword color="#D9E577" />
    <class color="#37A8ED" bold="false" underline="false" strikethrough="false" />
    <interface color="#D197D9" />
    <method color="#FFFFFF" />
    <methodDeclaration color="#FFFFFF" />
    <bracket color="#E5C138" />
    <number color="#FF3A83" />
    <string color="#55E439" />
    <operator color="#E5C138" />
    <keyword color="#37A3ED" bold="false" />
    <annotation color="#FFFFFF" />
    <staticMethod color="#BED6FF" />
    <localVariable color="#BDAF9D" />
    <localVariableDeclaration color="#BED6FF" />
    <field color="#BED6FF" />
    <staticField color="#EFC090" />
    <staticFinalField color="#EFC090" />
    <deprecatedMember color="#D25252" underline="false" strikethrough="true" />
    <enum color="#7FB347" />
    <inheritedMethod color="#BED6FF" />
    <abstractMethod color="#BED6FF" />
    <parameterVariable color="#79ABFF" />
    <typeArgument color="#BFA4A4" />
    <typeParameter color="#BFA4A4" />
    <constant color="#EFC090" />
    <background color="#2A211C" />
    <currentLine color="#4B3C34" />
    <foreground color="#BDAF9D" />
    <lineNumber color="#D0D0D0" />
    <selectionBackground color="#83675A" />
    <selectionForeground color="#D0D0D0" />
</colorTheme>