<?xml version="1.0" encoding="utf-8"?>
<colorTheme id="1086" name="Better gedit" modified="2011-04-07 19:16:10" author="cion89">
    <searchResultIndication color="#CE5C00" />
    <filteredSearchResultIndication color="#D8D8D8" />
    <occurrenceIndication color="#800040" />
    <writeOccurrenceIndication color="#800040" />
    <findScope color="#000000" />
    <deletionIndication color="#D25252" />
    <sourceHoverBackground color="#000000" />
    <singleLineComment color="#888a85" />
    <multiLineComment color="#888a85" />
    <commentTaskTag color="#CCDF32" />
    <javadoc color="#888a85" />
    <javadocLink color="#888a85" />
    <javadocTag color="#888a85" />
    <javadocKeyword color="#888a85" />
    <class color="#bbbbbb" />
    <interface color="#D197D9" />
    <method color="#FFFFFF" />
    <methodDeclaration color="#BED6FF" />
    <bracket color="#D8D8D8" />
    <number color="#CE5C00" />
    <string color="#edd400" />
    <operator color="#D8D8D8" />
    <keyword color="#FFFFFF" />
    <annotation color="#FFFFFF" />
    <staticMethod color="#BED6FF" />
    <localVariable color="#729fcf" />
    <localVariableDeclaration color="#729fcf" />
    <field color="#BED6FF" />
    <staticField color="#EFC090" />
    <staticFinalField color="#EFC090" />
    <inheritedMethod color="#BED6FF" />
    <abstractMethod color="#BED6FF" />
    <parameterVariable color="#79ABFF" />
    <typeArgument color="#BFA4A4" />
    <typeParameter color="#BFA4A4" />
    <constant color="#edd400" />
    <background color="#2E3436" />
    <currentLine color="#444444" />
    <foreground color="#d3d7cf" />
    <lineNumber color="#555753" />
    <selectionBackground color="#888A85" />
    <selectionForeground color="#eeeeec" />
</colorTheme>