<?xml version="1.0" encoding="utf-8"?>
<colorTheme id="333" name="Bigblah2" modified="2011-02-18 03:58:40" author="Bigblah">
    <searchResultIndication color="#EEEEEC" />
    <filteredSearchResultIndication color="#D8D8D8" />
    <occurrenceIndication color="#000000" />
    <writeOccurrenceIndication color="#000000" />
    <findScope color="#000000" />
    <deletionIndication color="#D25252" />
    <sourceHoverBackground color="#000000" />
    <singleLineComment color="#555753" />
    <multiLineComment color="#555753" />
    <commentTaskTag color="#CCDF32" bold="false" />
    <javadoc color="#888A85" />
    <javadocLink color="#888A85" />
    <javadocTag color="#888A85" />
    <javadocKeyword color="#888A85" />
    <class color="#00FFFF" bold="true" />
    <interface color="#D197D9" />
    <method color="#00FFFF" bold="true" />
    <methodDeclaration color="#BED6FF" />
    <bracket color="#888A85" bold="false" />
    <number color="#FF8F00" />
    <string color="#EDD400" />
    <operator color="#888A85" />
    <keyword color="#CCDF32" />
    <annotation color="#FFFFFF" />
    <staticMethod color="#BED6FF" bold="true" italic="false" />
    <localVariable color="#C0C0C0" />
    <localVariableDeclaration color="#C0C0C0" />
    <field color="#BED6FF" />
    <staticField color="#EFC090" />
    <staticFinalField color="#EFC090" />
    <inheritedMethod color="#BED6FF" />
    <abstractMethod color="#BED6FF" />
    <parameterVariable color="#79ABFF" />
    <typeArgument color="#BFA4A4" />
    <typeParameter color="#BFA4A4" />
    <constant color="#BFA4A4" />
    <background color="#000000" />
    <currentLine color="#333333" />
    <foreground color="#888A85" />
    <lineNumber color="#888A85" />
    <selectionBackground color="#888A85" />
    <selectionForeground color="#EEEEEC" />
</colorTheme>