<?xml version="1.0" encoding="utf-8"?>
<colorTheme id="334" name="bit.trip.code" modified="2011-02-18 02:59:35" author="jc.franco" website="http://www.dafkobyte.com">
    <searchResultIndication color="#D8D8D8" />
    <filteredSearchResultIndication color="#D8D8D8" />
    <occurrenceIndication color="#000000" />
    <writeOccurrenceIndication color="#000000" />
    <findScope color="#000000" />
    <deletionIndication color="#FF0000" />
    <sourceHoverBackground color="#FFFFFF" />
    <singleLineComment color="#B5E21B" />
    <multiLineComment color="#B5E21B" />
    <commentTaskTag color="#B5E21B" />
    <javadoc color="#A657FF" />
    <javadocLink color="#CFBFAD" />
    <javadocTag color="#CFBFAD" />
    <javadocKeyword color="#D9E577" />
    <class color="#DFBD37" />
    <interface color="#41B3C4" />
    <method color="#65F80D" />
    <methodDeclaration color="#65F80D" />
    <bracket color="#00E780" />
    <number color="#FFD117" />
    <string color="#FFD117" />
    <operator color="#F97551" />
    <keyword color="#E61FBE" />
    <annotation color="#FFFFFF" />
    <staticMethod color="#A7EC21" />
    <localVariable color="#5EA6BB" />
    <localVariableDeclaration color="#5EA6BB" />
    <field color="#CFBFAD" />
    <staticField color="#CFBFAD" />
    <staticFinalField color="#CFBFAD" />
    <deprecatedMember color="#FF0000" />
    <inheritedMethod color="#BED6FF" />
    <abstractMethod color="#BED6FF" />
    <parameterVariable color="#79ABFF" />
    <typeArgument color="#BFA4A4" />
    <typeParameter color="#BFA4A4" />
    <background color="#262C35" />
    <currentLine color="#000000" />
    <foreground color="#BCC8DA" />
    <lineNumber color="#00FF40" />
    <selectionBackground color="#FF8040" />
    <selectionForeground color="#FFFF00" />
</colorTheme>