<?xml version="1.0" encoding="utf-8"?>
<colorTheme id="882" name="bla" modified="2011-03-25 15:18:14" author="adas" website="test">
    <searchResultIndication color="#D8D8D8" />
    <filteredSearchResultIndication color="#D8D8D8" />
    <occurrenceIndication color="#000000" />
    <writeOccurrenceIndication color="#000000" />
    <sourceHoverBackground color="#D8D8D8" />
    <singleLineComment color="#FF9900" />
    <multiLineComment color="#FF9900" />
    <commentTaskTag color="#FF9900" />
    <javadoc color="#FF9900" />
    <javadocLink color="#FF9900" underline="true" strikethrough="false" />
    <javadocTag color="#FF9900" bold="true" />
    <javadocKeyword color="#FF9900" bold="true" />
    <class color="#CC0000" bold="true" />
    <interface color="#666666" />
    <method color="#000099" />
    <methodDeclaration color="#000099" />
    <bracket color="#000099" />
    <number color="#0000FF" />
    <string color="#006600" />
    <operator color="#0000FF" />
    <keyword color="#0000FF" bold="true" />
    <annotation color="#990000" />
    <staticMethod color="#990000" />
    <localVariable color="#0066FF" />
    <localVariableDeclaration color="#000099" />
    <field color="#000099" />
    <staticField color="#552200" />
    <staticFinalField color="#552200" />
    <deprecatedMember color="#D8D8D8" />
    <enum color="#FF0000" />
    <inheritedMethod color="#000099" />
    <abstractMethod color="#000099" />
    <parameterVariable color="#0000FF" />
    <typeArgument color="#0000FF" />
    <typeParameter color="#006600" />
    <constant color="#552200" />
    <background color="#FFFFFF" />
    <currentLine color="#D8D8D8" />
    <foreground color="#333333" />
    <lineNumber color="#D8D8D8" />
    <selectionBackground color="#D8D8D8" />
    <selectionForeground color="#F0F0F0" />
</colorTheme>