<?xml version="1.0" encoding="utf-8"?>
<colorTheme id="402" name="Black not so Pastel" modified="2011-02-22 15:19:49" author="Fbn69">
    <searchResultIndication color="#616161" />
    <filteredSearchResultIndication color="#616161" />
    <occurrenceIndication color="#616161" />
    <writeOccurrenceIndication color="#616161" />
    <findScope color="#E8E299" />
    <deletionIndication color="#E0E2E4" />
    <sourceHoverBackground color="#FFFFFF" />
    <singleLineComment color="#7D8C93" />
    <multiLineComment color="#7D8C93" />
    <commentTaskTag color="#a57b61" />
    <javadoc color="#7D8C93" />
    <javadocLink color="#678CB1" />
    <javadocTag color="#7D8C79" />
    <javadocKeyword color="#A082BD" />
    <class color="#B78D9B" />
    <interface color="#82677E" bold="false" />
    <method color="#82677E" bold="false" italic="false" underline="false" strikethrough="false" />
    <methodDeclaration color="#82677E" bold="false" />
    <bracket color="#E8E299" />
    <number color="#826751" />
    <string color="#826751" />
    <operator color="#E8E299" />
    <keyword color="#82677E" />
    <annotation color="#A082BD" />
    <staticMethod color="#E0E2E4" />
    <localVariable color="#815461" />
    <localVariableDeclaration color="#815461" bold="false" />
    <field color="#678CB1" />
    <staticField color="#678CB1" />
    <staticFinalField color="#615461" />
    <deprecatedMember color="#E0E2E4" />
    <enum color="#E0E2E4" />
    <inheritedMethod color="#E0E2E4" />
    <abstractMethod color="#E0E2E4" />
    <parameterVariable color="#615461" />
    <typeArgument color="#615461" />
    <typeParameter color="#615461" />
    <constant color="#A082BD" />
    <background color="#000000" />
    <currentLine color="#2F393C" />
    <foreground color="#C0C0C0" />
    <lineNumber color="#81969A" />
    <selectionBackground color="#E8E2B7" />
    <selectionForeground color="#000000" />
</colorTheme>