<?xml version="1.0" encoding="utf-8"?>
<colorTheme id="749" name="BlackLight" modified="2011-03-17 17:04:12" author="John Abbott">
    <searchResultIndication color="#464467" />
    <filteredSearchResultIndication color="#3f3f6a" />
    <occurrenceIndication color="#616161" />
    <writeOccurrenceIndication color="#948567" />
    <findScope color="#BCADAD" />
    <sourceHoverBackground color="#a19879" />
    <singleLineComment color="#99968b" />
    <multiLineComment color="#99968B" />
    <commentTaskTag color="#ACC1AC" />
    <javadoc color="#b3b5af" />
    <javadocLink color="#a7a7d1" />
    <javadocTag color="#a7a7d1" />
    <javadocKeyword color="#f08080" />
    <class color="#cae682" />
    <interface color="#CAE682" />
    <method color="#f3f6ee" />
    <methodDeclaration color="#f3f6ee" />
    <bracket color="#f3f6ee" />
    <number color="#f08080" />
    <string color="#95e454" />
    <operator color="#f3f6ee" />
    <keyword color="#8ac6f2" />
    <annotation color="#808080" />
    <staticMethod color="#C4C4B7" />
    <localVariable color="#D4C4A9" />
    <localVariableDeclaration color="#D4C4A9" />
    <field color="#cae682" />
    <staticField color="#93A2CC" />
    <staticFinalField color="#53dccd" />
    <deprecatedMember color="#FFFFFF" />
    <background color="#242424" />
    <currentLine color="#656565" />
    <foreground color="#f6f3e8" />
    <lineNumber color="#656565" />
    <selectionBackground color="#898941" />
    <selectionForeground color="#000000" />
</colorTheme>