<?xml version="1.0" encoding="utf-8"?>
<colorTheme id="1379" name="Black and blue" modified="2011-04-21 06:25:18" author="Sinuath">
    <searchResultIndication color="#616161" />
    <filteredSearchResultIndication color="#616161" />
    <occurrenceIndication color="#616161" />
    <writeOccurrenceIndication color="#616161" />
    <findScope color="#7D8C93" />
    <deletionIndication color="#7D8C93" />
    <sourceHoverBackground color="#7D8C93" />
    <singleLineComment color="#7D8C93" />
    <multiLineComment color="#7D8C93" bold="false" />
    <commentTaskTag color="#a57b61" />
    <javadoc color="#7D8C93" />
    <javadocLink color="#678CB1" />
    <javadocTag color="#7D8C93" bold="false" />
    <javadocKeyword color="#A082BD" bold="false" italic="false" underline="false" strikethrough="false" />
    <class color="#5D840E" bold="false" italic="false" />
    <interface color="#82677E" />
    <method color="#7AB2CD" bold="false" italic="false" underline="false" strikethrough="false" />
    <methodDeclaration color="#82677E" bold="false" underline="false" strikethrough="false" />
    <bracket color="#B3B3B3" bold="false" italic="false" underline="false" strikethrough="false" />
    <number color="#FCBE39" bold="false" italic="false" />
    <string color="#FFD375" />
    <operator color="#E8E2B7" />
    <keyword color="#475E7B" bold="true" />
    <annotation color="#A082BD" />
    <staticMethod color="#7D8C93" />
    <localVariable color="#82677E" />
    <localVariableDeclaration color="#477B65" bold="true" />
    <field color="#678CB1" />
    <staticField color="#678CB1" />
    <staticFinalField color="#7D8C93" />
    <deprecatedMember color="#7D8C93" />
    <enum color="#7D8C93" />
    <inheritedMethod color="#7D8C93" />
    <abstractMethod color="#7D8C93" />
    <parameterVariable color="#7D8C93" />
    <typeArgument color="#7D8C93" />
    <typeParameter color="#7D8C93" />
    <constant color="#A082BD" />
    <background color="#000000" />
    <currentLine color="#2F393C" />
    <foreground color="#7AB2CD" />
    <lineNumber color="#81969A" />
    <selectionBackground color="#95BED8" />
    <selectionForeground color="#616161" />
</colorTheme>