<?xml version="1.0" encoding="utf-8"?>
<colorTheme id="902" name="BlackIsBack" modified="2011-03-27 17:01:09" author="Paul">
    <occurrenceIndication color="#616161" />
    <findScope color="#191919" />
    <deletionIndication color="#FF0000" />
    <singleLineComment color="#666666" />
    <multiLineComment color="#666666" />
    <commentTaskTag color="#666666" />
    <javadoc color="#666666" />
    <javadocLink color="#666666" />
    <javadocTag color="#800080" />
    <javadocKeyword color="#800080" />
    <class color="#9CF828" />
    <interface color="#87F025" />
    <method color="#F7C527" />
    <methodDeclaration color="#F1C438" />
    <bracket color="#FFFFFF" />
    <number color="#FF0000" />
    <string color="#00a40f" />
    <operator color="#FFFFFF" />
    <keyword color="#999999" />
    <annotation color="#999999" />
    <staticMethod color="#FFFFFF" />
    <localVariable color="#F7C527" />
    <localVariableDeclaration color="#F7C527" />
    <field color="#c38705" />
    <staticField color="#FFFFFF" />
    <staticFinalField color="#80FF00" />
    <deprecatedMember color="#FFFFFF" />
    <enum color="#408000" />
    <inheritedMethod color="#E3B735" />
    <abstractMethod color="#F1C436" />
    <parameterVariable color="#069609" />
    <typeArgument color="#D9B0AC" />
    <typeParameter color="#CDB1AD" />
    <background color="#000000" />
    <currentLine color="#222220" />
    <foreground color="#FFFFFF" />
    <lineNumber color="#999999" />
    <selectionBackground color="#333333" />
    <selectionForeground color="#333333" />
</colorTheme>