<?xml version="1.0" encoding="utf-8"?>
<colorTheme id="538" name="Blackout" modified="2011-03-02 14:57:59" author="João Paulo Marquesini" website="http://markezine.me">
    <searchResultIndication color="#000000" />
    <filteredSearchResultIndication color="#000000" />
    <occurrenceIndication color="#000000" />
    <writeOccurrenceIndication color="#000000" />
    <findScope color="#000000" />
    <deletionIndication color="#000000" />
    <sourceHoverBackground color="#000000" />
    <singleLineComment color="#000000" />
    <multiLineComment color="#000000" />
    <commentTaskTag color="#000000" />
    <javadoc color="#000000" />
    <javadocLink color="#000000" />
    <javadocTag color="#000000" />
    <javadocKeyword color="#000000" />
    <class color="#000000" bold="false" underline="false" strikethrough="false" />
    <interface color="#000000" />
    <method color="#000000" />
    <methodDeclaration color="#000000" />
    <bracket color="#000000" />
    <number color="#000000" />
    <string color="#000000" />
    <operator color="#000000" />
    <keyword color="#000000" bold="false" />
    <annotation color="#000000" />
    <staticMethod color="#000000" />
    <localVariable color="#000000" />
    <localVariableDeclaration color="#000000" />
    <field color="#000000" />
    <staticField color="#000000" />
    <staticFinalField color="#000000" />
    <deprecatedMember color="#000000" underline="false" strikethrough="true" />
    <enum color="#000000" />
    <inheritedMethod color="#000000" />
    <abstractMethod color="#000000" />
    <parameterVariable color="#000000" />
    <typeArgument color="#000000" />
    <typeParameter color="#000000" />
    <constant color="#000000" />
    <background color="#000000" />
    <currentLine color="#000000" />
    <foreground color="#000000" />
    <lineNumber color="#000000" />
    <selectionBackground color="#000000" />
    <selectionForeground color="#000000" />
</colorTheme>