<?xml version="1.0" encoding="utf-8"?>
<colorTheme id="969" name="BlackRedTheme" modified="2011-03-31 19:50:19" author="Douglas" website="http://douglas.tokiobr.net">
    <occurrenceIndication color="#616161" />
    <findScope color="#2A2A2A" />
    <deletionIndication color="#FF0000" />
    <singleLineComment color="#BB99FF" />
    <multiLineComment color="#BB99FF" />
    <commentTaskTag color="#BBDDEE" />
    <javadoc color="#BB99FF" />
    <javadocLink color="#814582" />
    <javadocTag color="#BBDDEE" />
    <javadocKeyword color="#800080" />
    <class color="#FFFFFF" italic="false" />
    <interface color="#FFFFFF" />
    <method color="#F7C527" />
    <methodDeclaration color="#F1C438" />
    <bracket color="#FFFFFF" />
    <number color="#FF8D00" />
    <string color="#FFFFFF" />
    <operator color="#FFFFFF" />
    <keyword color="#F73535" bold="true" />
    <staticMethod color="#FFFFFF" />
    <localVariable color="#77AAEE" />
    <localVariableDeclaration color="#99AADD" />
    <field color="#99AADD" />
    <staticField color="#FFFFFF" />
    <staticFinalField color="#99BBFF" italic="true" />
    <deprecatedMember color="#FFFFFF" />
    <enum color="#408000" />
    <inheritedMethod color="#E3B735" />
    <abstractMethod color="#F1C436" />
    <parameterVariable color="#408000" />
    <typeArgument color="#D9B0AC" />
    <typeParameter color="#CDB1AD" />
    <background color="#011110" />
    <currentLine color="#545450" />
    <foreground color="#FFFFFF" />
    <lineNumber color="#FFFFFF" />
    <selectionBackground color="#414C3B" />
    <selectionForeground color="#FFFFFF" />
</colorTheme>