<?xml version="1.0" encoding="utf-8"?>
<colorTheme id="976" name="BlackRedThemeII" modified="2011-04-01 03:36:16" author="Douglas" website="http://douglas.tokiobr.net">
    <searchResultIndication color="#D8D8D8" />
    <filteredSearchResultIndication color="#D8D8D8" />
    <occurrenceIndication color="#000000" />
    <writeOccurrenceIndication color="#000000" />
    <findScope color="#111111" />
    <deletionIndication color="#D25252" />
    <sourceHoverBackground color="#000000" />
    <singleLineComment color="#EEAA77" />
    <multiLineComment color="#EEAA77" />
    <commentTaskTag color="#DDDDEE" />
    <javadoc color="#EEAA77" />
    <javadocLink color="#DDDDFF" />
    <javadocTag color="#CCCCFF" />
    <javadocKeyword color="#DDDDFF" />
    <class color="#FFFFFF" bold="false" underline="false" strikethrough="false" />
    <interface color="#D25252" bold="true" />
    <method color="#D25252" />
    <methodDeclaration color="#BED6FF" />
    <bracket color="#D8D8D8" />
    <number color="#FFBF7F" bold="true" />
    <string color="#FFFFFF" />
    <operator color="#D8D8D8" />
    <keyword color="#D25252" bold="false" />
    <annotation color="#FFFFFF" />
    <staticMethod color="#BED6FF" />
    <localVariable color="#79ABFF" />
    <localVariableDeclaration color="#BED6FF" />
    <field color="#BED6FF" />
    <staticField color="#EFC090" />
    <staticFinalField color="#EFC090" />
    <deprecatedMember color="#D25252" underline="false" strikethrough="true" />
    <enum color="#7FB347" />
    <inheritedMethod color="#BED6FF" />
    <abstractMethod color="#BED6FF" />
    <parameterVariable color="#79ABFF" />
    <typeArgument color="#BFA4A4" />
    <typeParameter color="#BFA4A4" />
    <constant color="#EFC090" />
    <background color="#1E1E1E" />
    <currentLine color="#2A2A2A" />
    <foreground color="#D8D8D8" />
    <lineNumber color="#D0D0D0" />
    <selectionBackground color="#000000" />
    <selectionForeground color="#D0D0D0" />
</colorTheme>