<?xml version="1.0" encoding="utf-8"?>
<colorTheme id="1677" name="Blacklipse" modified="2011-05-12 14:52:10" author="Steve O'Brien">
    <searchResultIndication color="#D8D8D8" />
    <filteredSearchResultIndication color="#D8D8D8" />
    <occurrenceIndication color="#000000" />
    <writeOccurrenceIndication color="#000000" />
    <deletionIndication color="#F0F0F0" />
    <sourceHoverBackground color="#D8D8D8" />
    <singleLineComment color="#338844" />
    <multiLineComment color="#338844" />
    <commentTaskTag color="#FF3300" />
    <javadoc color="#5577BB" />
    <javadocLink color="#4466A0" />
    <javadocTag color="#4466A0" />
    <javadocKeyword color="#4466A0" />
    <class color="#F0F0F0" />
    <interface color="#F0F0F0" />
    <method color="#F0F0F0" />
    <methodDeclaration color="#F0F0F0" />
    <bracket color="#F0F0F0" />
    <number color="#3330FF" />
    <string color="#F0F0F0" />
    <operator color="#F0F0F0" />
    <keyword color="#3330FF" />
    <annotation color="#BBBBBB" />
    <staticMethod color="#F0F0F0" />
    <localVariable color="#F0F0F0" />
    <localVariableDeclaration color="#F0F0F0" />
    <field color="#F0F0F0" />
    <staticField color="#F0F0F0" />
    <staticFinalField color="#F0F0F0" />
    <deprecatedMember color="#D8D8D8" />
    <enum color="#F0F0F0" />
    <inheritedMethod color="#F0F0F0" />
    <abstractMethod color="#F0F0F0" />
    <parameterVariable color="#F0F0F0" />
    <typeArgument color="#F0F0F0" />
    <typeParameter color="#F0F0F0" />
    <constant color="#3330FF" bold="true" italic="true" />
    <background color="#000000" />
    <currentLine color="#333333" />
    <foreground color="#F0F0F0" />
    <lineNumber color="#D8D8D8" />
    <selectionBackground color="#DDDDF0" />
    <selectionForeground color="#000045" />
</colorTheme>