<?xml version="1.0" encoding="utf-8"?>
<colorTheme id="1567" name="Blackbyte" modified="2011-05-05 06:35:09" author="Colrath Furiae" website="http://www.blackbyte.fi">
    <searchResultIndication color="#395EB1" />
    <filteredSearchResultIndication color="#395EB1" />
    <occurrenceIndication color="#5E5C56" />
    <writeOccurrenceIndication color="#527D5D" />
    <findScope color="#FFFF00" />
    <deletionIndication color="#DE6546" bold="false" />
    <sourceHoverBackground color="#FF00FF" />
    <singleLineComment color="#83786E" bold="false" />
    <multiLineComment color="#83786E" bold="false" />
    <commentTaskTag color="#83786E" bold="false" />
    <javadoc color="#83786E" bold="false" />
    <javadocLink color="#83786E" bold="false" />
    <javadocTag color="#A19387" bold="false" />
    <javadocKeyword color="#83786E" bold="false" />
    <class color="#DE6546" bold="true" underline="false" strikethrough="false" />
    <interface color="#527D5D" bold="true" />
    <method color="#A4B0C0" bold="false" />
    <methodDeclaration color="#A4B0C0" bold="false" />
    <bracket color="#F8E1AA" bold="false" />
    <number color="#D6C248" bold="false" />
    <string color="#D6C248" bold="false" />
    <operator color="#D6C248" bold="false" />
    <keyword color="#E79E3C" bold="true" />
    <annotation color="#FFFFFF" bold="false" />
    <staticMethod color="#A4B0C0" bold="false" />
    <localVariable color="#F8E1AA" bold="false" />
    <localVariableDeclaration color="#F8E1AA" bold="false" />
    <field color="#DE6546" bold="false" />
    <staticField color="#F8E1A3" bold="false" />
    <staticFinalField color="#F8E1A3" bold="false" />
    <deprecatedMember color="#DE6546" bold="false" underline="false" strikethrough="true" />
    <enum color="#527D5D" bold="true" />
    <inheritedMethod color="#A4B0C0" bold="false" />
    <abstractMethod color="#A4B0C0" bold="false" />
    <parameterVariable color="#A4B0C0" bold="false" />
    <typeArgument color="#BFA4A4" bold="false" />
    <typeParameter color="#BFA4A4" bold="false" />
    <constant color="#EFC090" bold="false" />
    <background color="#111111" />
    <currentLine color="#2A2A2A" />
    <foreground color="#F8E1AA" />
    <lineNumber color="#67676E" />
    <selectionBackground color="#527D5D" />
    <selectionForeground color="#F8E1AA" />
</colorTheme>