<?xml version="1.0" encoding="utf-8"?>
<colorTheme id="1077" name="BlackRedThemeIII" modified="2011-04-06 13:48:54" author="Douglas" website="http://douglas.tokiobr.net">
    <searchResultIndication color="#D8D8D8" />
    <filteredSearchResultIndication color="#D8D8D8" />
    <occurrenceIndication color="#000000" />
    <writeOccurrenceIndication color="#000000" />
    <findScope color="#111111" />
    <deletionIndication color="#D25252" bold="false" />
    <sourceHoverBackground color="#000000" />
    <singleLineComment color="#CCCC99" italic="false" />
    <multiLineComment color="#CCCC99" italic="false" />
    <commentTaskTag color="#CCDF32" italic="false" />
    <javadoc color="#CCCC99" italic="false" />
    <javadocLink color="#D9E577" italic="false" />
    <javadocTag color="#FFC600" italic="false" />
    <javadocKeyword color="#D9E577" italic="false" />
    <class color="#FFFFFF" bold="false" underline="false" strikethrough="false" />
    <interface color="#D197D9" />
    <method color="#FFDA77" />
    <methodDeclaration color="#BED6FF" />
    <bracket color="#D8D8D8" bold="false" italic="false" underline="false" strikethrough="false" />
    <number color="#FFC977" bold="true" />
    <string color="#FFFFFF" />
    <operator color="#FFFFFF" bold="false" italic="false" underline="false" strikethrough="false" />
    <keyword color="#D25252" bold="true" italic="false" underline="false" strikethrough="false" />
    <annotation color="#DDDDDD" bold="false" italic="false" underline="false" strikethrough="false" />
    <staticMethod color="#FFC600" bold="false" italic="true" underline="false" strikethrough="false" />
    <localVariable color="#9BBCFF" bold="false" />
    <localVariableDeclaration color="#BED6FF" bold="false" />
    <field color="#60A0FF" bold="false" />
    <staticField color="#EFC090" bold="false" />
    <staticFinalField color="#EFC090" bold="true" />
    <deprecatedMember color="#D25252" bold="false" underline="false" strikethrough="true" />
    <enum color="#7FB347" bold="false" />
    <inheritedMethod color="#BED6FF" bold="false" />
    <abstractMethod color="#BED6FF" bold="false" italic="false" />
    <parameterVariable color="#79ABFF" bold="false" />
    <typeArgument color="#BFA4A4" bold="false" />
    <typeParameter color="#BFA4A4" bold="false" />
    <constant color="#EFC090" />
    <background color="#1E1E1E" />
    <currentLine color="#2A2A2A" />
    <foreground color="#D8D8D8" />
    <lineNumber color="#D0D0D0" />
    <selectionBackground color="#000000" />
    <selectionForeground color="#D0D0D0" />
</colorTheme>