<?xml version="1.0" encoding="utf-8"?>
<colorTheme id="1230" name="black viper" modified="2011-04-13 20:50:09" author="ilian">
    <searchResultIndication color="#D8D8D8" />
    <filteredSearchResultIndication color="#D8D8D8" />
    <occurrenceIndication color="#000000" />
    <writeOccurrenceIndication color="#000000" />
    <findScope color="#111111" />
    <deletionIndication color="#D25252" />
    <sourceHoverBackground color="#000000" />
    <singleLineComment color="#C7DD0C" bold="false" italic="false" />
    <multiLineComment color="#C7DD0C" bold="false" italic="false" />
    <commentTaskTag color="#CCDF32" bold="false" italic="false" />
    <javadoc color="#CCDF32" bold="false" italic="false" />
    <javadocLink color="#D9E577" bold="false" italic="false" />
    <javadocTag color="#D9E577" bold="false" italic="false" />
    <javadocKeyword color="#93C763" bold="true" italic="false" />
    <class color="#FFA500" bold="true" underline="false" strikethrough="false" />
    <interface color="#17BED5" bold="true" />
    <method color="#FFFFFF" bold="false" />
    <methodDeclaration color="#BED6FF" bold="false" />
    <bracket color="#E8E2B7" bold="true" italic="false" underline="false" strikethrough="false" />
    <number color="#7FB347" bold="false" />
    <string color="#FFC600" bold="false" />
    <operator color="#D8D8D8" bold="false" />
    <keyword color="#44E454" bold="false" />
    <annotation color="#FFFFFF" />
    <staticMethod color="#BED6FF" />
    <localVariable color="#FFFFFF" bold="false" />
    <localVariableDeclaration color="#BED6FF" />
    <field color="#17BED5" bold="true" />
    <staticField color="#EFC090" />
    <staticFinalField color="#EFC090" />
    <deprecatedMember color="#E0E2E4" underline="false" strikethrough="true" />
    <enum color="#E0E2E4" />
    <inheritedMethod color="#E0E2E4" bold="true" />
    <abstractMethod color="#E0E2E4" />
    <parameterVariable color="#79ABFF" />
    <typeArgument color="#BFA4A4" />
    <typeParameter color="#BFA4A4" />
    <constant color="#E0E2E4" bold="true" />
    <background color="#000000" />
    <currentLine color="#2A2A2A" />
    <foreground color="#D8D8D8" />
    <lineNumber color="#D0D0D0" />
    <selectionBackground color="#000000" />
    <selectionForeground color="#D0D0D0" />
</colorTheme>