<?xml version="1.0" encoding="utf-8"?>
<colorTheme id="49" name="Black-Back" modified="2011-01-27 22:44:38" author="MIke Viens">
    <searchResultIndication color="#111111" />
    <filteredSearchResultIndication color="#111111" />
    <occurrenceIndication color="#111111" />
    <writeOccurrenceIndication color="#111111" />
    <findScope color="#111111" />
    <deletionIndication color="#111111" />
    <sourceHoverBackground color="#111111" />
    <singleLineComment color="#C0C0C0" />
    <multiLineComment color="#C0C0C0" />
    <commentTaskTag color="#111111" />
    <javadoc color="#C0C0C0" />
    <javadocLink color="#7F9FBF" />
    <javadocTag color="#C080FF" />
    <javadocKeyword color="#111111" />
    <class color="#FFFF00" />
    <interface color="#111111" />
    <method color="#111111" />
    <methodDeclaration color="#111111" />
    <bracket color="#50A0A0" />
    <number color="#111111" />
    <string color="#111111" />
    <operator color="#111111" />
    <keyword color="#111111" />
    <annotation color="#8080FF" />
    <staticMethod color="#111111" />
    <localVariable color="#111111" />
    <localVariableDeclaration color="#111111" />
    <field color="#111111" />
    <staticField color="#111111" />
    <staticFinalField color="#111111" />
    <deprecatedMember color="#C4" />
    <enum color="#111111" />
    <inheritedMethod color="#111111" />
    <abstractMethod color="#FF0000" />
    <parameterVariable color="#111111" />
    <typeArgument color="#111111" />
    <typeParameter color="#111111" />
    <constant color="#FF9020" />
    <background color="#000000" />
    <currentLine color="#404040" />
    <foreground color="#FFFFFF" />
    <lineNumber color="#50A0A0" />
    <selectionBackground color="#316AC5" />
    <selectionForeground color="#E0E0E0" />
</colorTheme>