<?xml version="1.0" encoding="utf-8"?>
<colorTheme id="1625" name="blarg" modified="2011-05-09 19:10:41" author="Peter Wong">
    <searchResultIndication color="#2989D8" />
    <filteredSearchResultIndication color="#606080" />
    <occurrenceIndication color="#595900" />
    <writeOccurrenceIndication color="#590000" />
    <findScope color="#FFFFFF" />
    <deletionIndication color="#FFFFFF" underline="false" strikethrough="true" />
    <sourceHoverBackground color="#FFFFFF" />
    <singleLineComment color="#666666" bold="false" />
    <multiLineComment color="#666666" bold="false" />
    <commentTaskTag color="#666666" />
    <javadoc color="#666666" />
    <javadocLink color="#666666" bold="true" underline="false" strikethrough="false" />
    <javadocTag color="#666666" bold="true" italic="false" underline="true" strikethrough="false" />
    <javadocKeyword color="#666666" bold="true" italic="false" />
    <class color="#FF8080" />
    <interface color="#FF8080" italic="true" />
    <method color="#BED6FF" />
    <methodDeclaration color="#BED6FF" />
    <bracket color="#666666" />
    <number color="#FFFF00" />
    <string color="#EFC090" />
    <operator color="#D0D0D0" />
    <keyword color="#999999" bold="true" />
    <annotation color="#BE96CE" bold="true" />
    <staticMethod color="#BED6FF" italic="true" />
    <localVariable color="#D0D0D0" />
    <localVariableDeclaration color="#D0D0D0" bold="false" />
    <field color="#B3F08F" italic="false" />
    <staticField color="#B3F08F" italic="true" />
    <staticFinalField color="#B3F08F" italic="true" />
    <deprecatedMember color="#FFFFFF" underline="false" strikethrough="true" />
    <enum color="#FFFF00" />
    <inheritedMethod color="#BED6FF" />
    <abstractMethod color="#BED6FF" />
    <parameterVariable color="#FFFFFF" bold="false" italic="true" />
    <typeArgument color="#FF8080" bold="true" />
    <typeParameter color="#FF8080" bold="true" />
    <constant color="#FFFF00" />
    <background color="#222222" />
    <currentLine color="#202030" />
    <foreground color="#D0D0D0" />
    <lineNumber color="#666666" />
    <selectionBackground color="#143A66" />
    <selectionForeground color="#FFFFFF" />
</colorTheme>