<?xml version="1.0" encoding="utf-8"?>
<colorTheme id="706" name="blarneystone" modified="2011-03-15 02:09:58" author="blarney stone">
    <searchResultIndication color="#006080" />
    <filteredSearchResultIndication color="#606080" />
    <occurrenceIndication color="#000000" />
    <writeOccurrenceIndication color="#000000" />
    <findScope color="#FFFFFF" />
    <deletionIndication color="#FFFFFF" />
    <sourceHoverBackground color="#FFFFFF" />
    <singleLineComment color="#FF0000" bold="false" />
    <multiLineComment color="#FF0000" italic="false" />
    <commentTaskTag color="#FF0000" />
    <javadoc color="#FF0000" />
    <javadocLink color="#EF5000" />
    <javadocTag color="#EF5000" />
    <javadocKeyword color="#EF5000" />
    <class color="#00D0D0" bold="false" underline="false" strikethrough="false" />
    <interface color="#00D0D0" />
    <method color="#FFFFFF" />
    <methodDeclaration color="#FFFFFF" />
    <bracket color="#FFFFFF" />
    <number color="#00FF00" />
    <string color="#FFFF00" />
    <operator color="#FFFFFF" />
    <keyword color="#00D0D0" />
    <annotation color="#FFFFFF" />
    <staticMethod color="#D197D9" />
    <localVariable color="#FFFFFF" />
    <localVariableDeclaration color="#FFFFFF" />
    <field color="#FFFFFF" />
    <staticField color="#D197D9" />
    <staticFinalField color="#D197D9" />
    <deprecatedMember color="#FFFFFF" />
    <enum color="#00D0D0" />
    <inheritedMethod color="#BED6FF" />
    <abstractMethod color="#BED6FF" />
    <parameterVariable color="#FFFFFF" />
    <typeArgument color="#BFA4A4" />
    <typeParameter color="#BFA4A4" />
    <constant color="#00FF00" />
    <background color="#000000" />
    <currentLine color="#202030" />
    <foreground color="#FFFFFF" />
    <lineNumber color="#2B91AF" />
    <selectionBackground color="#0000FF" />
    <selectionForeground color="#FFFFFF" />
</colorTheme>