<?xml version="1.0" encoding="utf-8"?>
<colorTheme id="1694" name="blooddy" modified="2011-05-13 09:56:39" author="BlooDHounD" website="http://www.blooddy.by">
    <searchResultIndication color="#000000" />
    <filteredSearchResultIndication color="#000000" />
    <occurrenceIndication color="#000000" />
    <writeOccurrenceIndication color="#000000" />
    <findScope color="#111111" />
    <deletionIndication color="#D25252" />
    <sourceHoverBackground color="#000000" />
    <singleLineComment color="#586E75" italic="false" />
    <multiLineComment color="#586E75" bold="false" italic="false" />
    <commentTaskTag color="#586E75" bold="true" italic="false" />
    <javadoc color="#DC322F" italic="false" />
    <javadocLink color="#D9E577" italic="false" />
    <javadocTag color="#D9E577" italic="false" />
    <javadocKeyword color="#D9E577" italic="false" />
    <class color="#B58800" bold="false" underline="false" strikethrough="false" />
    <interface color="#D197D9" />
    <method color="#2AA198" />
    <methodDeclaration color="#2AA198" />
    <bracket color="#DC322F" />
    <number color="#CB4B16" />
    <string color="#2AA198" />
    <operator color="#D8D8D8" />
    <keyword color="#B58900" bold="false" />
    <annotation color="#6C6FC4" />
    <staticMethod color="#BED6FF" />
    <localVariable color="#79ABFF" />
    <localVariableDeclaration color="#BED6FF" />
    <field color="#BED6FF" />
    <staticField color="#EFC090" />
    <staticFinalField color="#EFC090" />
    <deprecatedMember color="#DB312E" underline="false" strikethrough="true" />
    <enum color="#7FB347" />
    <inheritedMethod color="#BED6FF" />
    <abstractMethod color="#B58800" />
    <parameterVariable color="#79ABFF" />
    <typeArgument color="#BFA4A4" />
    <typeParameter color="#BFA4A4" />
    <constant color="#EFC090" />
    <background color="#FDF6E3" />
    <currentLine color="#CCCCFF" />
    <foreground color="#657B83" />
    <lineNumber color="#000000" />
    <selectionBackground color="#000000" />
    <selectionForeground color="#000000" />
</colorTheme>