<?xml version="1.0" encoding="utf-8"?>
<colorTheme id="1884" name="BlueIsh" modified="2011-05-29 11:33:56" author="Shane Vorwerk">
    <searchResultIndication color="#000000" />
    <filteredSearchResultIndication color="#000000" />
    <occurrenceIndication color="#000000" />
    <writeOccurrenceIndication color="#000000" />
    <findScope color="#111111" />
    <deletionIndication color="#D25252" />
    <sourceHoverBackground color="#000000" />
    <singleLineComment color="#C2C2D6" italic="false" />
    <multiLineComment color="#BED6FF" italic="false" />
    <commentTaskTag color="#00FFFF" italic="false" />
    <javadoc color="#FFFF19" italic="false" />
    <javadocLink color="#FFFF19" italic="false" />
    <javadocTag color="#FFFF19" italic="false" />
    <javadocKeyword color="#FFFF19" italic="false" />
    <class color="#FFFFFF" bold="false" underline="false" strikethrough="false" />
    <interface color="#D197D9" />
    <method color="#FFFFFF" />
    <methodDeclaration color="#BED6FF" />
    <bracket color="#CC0000" />
    <number color="#D633D6" />
    <string color="#FFFF19" />
    <operator color="#00FF00" />
    <keyword color="#00FFFF" bold="false" />
    <annotation color="#FFFFFF" />
    <staticMethod color="#BED6FF" />
    <localVariable color="#00FFFF" />
    <localVariableDeclaration color="#00FFFF" />
    <field color="#00FFFF" />
    <staticField color="#EFC090" />
    <staticFinalField color="#EFC090" />
    <deprecatedMember color="#D25252" underline="false" strikethrough="true" />
    <enum color="#7FB347" />
    <inheritedMethod color="#BED6FF" />
    <abstractMethod color="#BED6FF" />
    <parameterVariable color="#79ABFF" />
    <typeArgument color="#BFA4A4" />
    <typeParameter color="#BFA4A4" />
    <constant color="#79ABFF" />
    <background color="#010080" />
    <currentLine color="#2A2A2A" />
    <foreground color="#FFFF19" />
    <lineNumber color="#D0D0D0" />
    <selectionBackground color="#D0D0D0" />
    <selectionForeground color="#000000" />
</colorTheme>