<?xml version="1.0" encoding="utf-8"?>
<colorTheme id="139" name="blue and yellow" modified="2011-02-16 22:16:26" author="Rick Wittstruck">
    <searchResultIndication color="#616161" />
    <filteredSearchResultIndication color="#616161" />
    <occurrenceIndication color="#616161" />
    <writeOccurrenceIndication color="#616161" />
    <findScope color="#E0E2E4" />
    <deletionIndication color="#E0E2E4" />
    <sourceHoverBackground color="#FFFFFF" />
    <singleLineComment color="#81F7BE" />
    <multiLineComment color="#81F7BE" />
    <commentTaskTag color="#a57b61" />
    <javadoc color="#A4A4A4" />
    <javadocLink color="#678CB1" />
    <javadocTag color="#E0E2E4" />
    <javadocKeyword color="#A082BD" />
    <class color="#00FF00" />
    <interface color="#FFFF00" />
    <method color="#58FAF4" />
    <methodDeclaration color="#58FAF4" />
    <bracket color="#00FF00" />
    <number color="#58FA58" />
    <string color="#FFFFFF" />
    <operator color="#FFFF00" />
    <keyword color="#FFFF00" />
    <annotation color="#A082BD" />
    <staticMethod color="#E0E2E4" />
    <localVariable color="#CEF6F5" />
    <localVariableDeclaration color="#CEF6F5" />
    <field color="#F6CEE3" />
    <staticField color="#FA58AC" />
    <staticFinalField color="#E0E2E4" />
    <deprecatedMember color="#DF0101" />
    <enum color="#04B404" />
    <inheritedMethod color="#A4A4A4" />
    <abstractMethod color="#A4A4A4" />
    <parameterVariable color="#E0E2E4" />
    <typeArgument color="#E0E2E4" />
    <typeParameter color="#E0E2E4" />
    <constant color="#01DFD7" />
    <background color="#084B8A" />
    <currentLine color="#0B3861" />
    <foreground color="#FFFF00" />
    <lineNumber color="#D7DF01" />
    <selectionBackground color="#088A08" />
    <selectionForeground color="#E0E2E4" />
</colorTheme>