<?xml version="1.0" encoding="utf-8"?>
<colorTheme id="956" name="Blue Borland like" modified="2011-04-04 05:29:29" author="Alexander Karaivanov">
    <searchResultIndication color="#D8D8D8" />
    <filteredSearchResultIndication color="#D8D8D8" />
    <occurrenceIndication color="#000000" />
    <writeOccurrenceIndication color="#000000" />
    <findScope color="#111111" />
    <deletionIndication color="#D25252" />
    <sourceHoverBackground color="#000000" />
    <singleLineComment color="#55FF55" bold="false" />
    <multiLineComment color="#55FF55" bold="false" />
    <commentTaskTag color="#55FF55" bold="false" />
    <javadoc color="#55FF55" bold="false" />
    <javadocLink color="#55FF55" bold="true" />
    <javadocTag color="#55FF55" bold="true" />
    <javadocKeyword color="#55FF55" bold="true" />
    <class color="#FF5252" bold="false" underline="false" strikethrough="false" />
    <interface color="#D197D9" />
    <method color="#FFFFFF" />
    <methodDeclaration color="#BED6FF" />
    <bracket color="#D8D8D8" />
    <number color="#C0E5FF" />
    <string color="#FF55FF" bold="false" italic="true" underline="false" strikethrough="false" />
    <operator color="#D8D8D8" />
    <keyword color="#FCFC56" bold="true" italic="false" />
    <annotation color="#FFFFFF" />
    <staticMethod color="#BED6FF" />
    <localVariable color="#89BBFF" />
    <localVariableDeclaration color="#BED6FF" />
    <field color="#BED6FF" />
    <staticField color="#EFC090" />
    <staticFinalField color="#EFC090" />
    <deprecatedMember color="#D25252" underline="false" strikethrough="true" />
    <enum color="#7FB347" />
    <inheritedMethod color="#BED6FF" />
    <abstractMethod color="#BED6FF" />
    <parameterVariable color="#79ABFF" />
    <typeArgument color="#BFA4A4" />
    <typeParameter color="#BFA4A4" />
    <constant color="#FFC0A0" bold="true" />
    <background color="#0000AA" />
    <currentLine color="#0000D2" />
    <foreground color="#D8D8D8" />
    <lineNumber color="#00E0E0" />
    <selectionBackground color="#C000C0" />
    <selectionForeground color="#FFF000" />
</colorTheme>