<?xml version="1.0" encoding="utf-8"?>
<colorTheme id="1564" name="BlueHippo" modified="2011-05-05 21:11:35" author="helen">
    <searchResultIndication color="#FFB6C1" />
    <filteredSearchResultIndication color="#FFB6C1" />
    <occurrenceIndication color="#FFB6C1" />
    <writeOccurrenceIndication color="#FFB6C1" />
    <findScope color="#B0C4DE" />
    <deletionIndication color="#8B0000" italic="false" underline="false" strikethrough="false" />
    <sourceHoverBackground color="#FFFFFF" />
    <singleLineComment color="#696969" italic="true" />
    <multiLineComment color="#696969" italic="true" />
    <commentTaskTag color="#FF1493" italic="false" />
    <javadoc color="#8B008B" italic="false" />
    <javadocLink color="#00FA9A" italic="false" />
    <javadocTag color="#FF7F50" italic="false" />
    <javadocKeyword color="#6495ED" bold="false" italic="false" underline="false" strikethrough="false" />
    <class color="#DC143C" bold="false" italic="false" underline="false" strikethrough="false" />
    <interface color="#D87093" italic="false" />
    <method color="#D87093" italic="false" />
    <methodDeclaration color="#D87093" italic="false" />
    <bracket color="#000000" italic="false" />
    <number color="#008080" italic="false" />
    <string color="#2E8B57" italic="false" />
    <operator color="#000000" italic="false" />
    <keyword color="#6495ED" bold="false" italic="false" />
    <annotation color="#A020F0" bold="false" italic="false" />
    <staticMethod color="#D87093" bold="false" italic="false" underline="false" strikethrough="false" />
    <localVariable color="#DAA520" bold="false" italic="false" underline="false" strikethrough="false" />
    <localVariableDeclaration color="#DAA520" italic="false" underline="false" strikethrough="false" />
    <field color="#DAA520" italic="false" underline="false" strikethrough="false" />
    <staticField color="#DAA520" italic="false" underline="false" strikethrough="false" />
    <staticFinalField color="#DAA520" italic="false" underline="false" strikethrough="false" />
    <deprecatedMember color="#000000" italic="false" underline="false" strikethrough="false" />
    <enum color="#EE82EE" italic="false" underline="false" strikethrough="false" />
    <inheritedMethod color="#D87093" italic="false" underline="false" strikethrough="false" />
    <abstractMethod color="#D87093" italic="false" underline="false" strikethrough="false" />
    <parameterVariable color="#6495ED" italic="false" underline="false" strikethrough="false" />
    <typeArgument color="#6495ED" italic="false" underline="false" strikethrough="false" />
    <typeParameter color="#6495ED" italic="false" underline="false" strikethrough="false" />
    <constant color="#008B8B" italic="false" underline="false" strikethrough="false" />
    <background color="#FFFFFF" />
    <currentLine color="#B0C4DE" />
    <foreground color="#000000" />
    <lineNumber color="#191970" />
    <selectionBackground color="#1E90FF" />
    <selectionForeground color="#FFFFFF" />
</colorTheme>