<?xml version="1.0" encoding="utf-8"?>
<colorTheme id="600" name="BluLight" modified="2011-03-07 00:47:29" author="WeltEnSTurm">
    <searchResultIndication color="#616161" />
    <filteredSearchResultIndication color="#616161" />
    <occurrenceIndication color="#616161" />
    <writeOccurrenceIndication color="#616161" />
    <findScope color="#0E0E0E" />
    <deletionIndication color="#0E0E0E" />
    <sourceHoverBackground color="#FFFFFF" />
    <singleLineComment color="#49A649" bold="false" />
    <multiLineComment color="#49A649" bold="false" />
    <commentTaskTag color="#49A649" />
    <javadoc color="#7D8C93" />
    <javadocLink color="#678CB1" />
    <javadocTag color="#E0E2E4" />
    <javadocKeyword color="#A082BD" />
    <class color="#2FA377" bold="true" />
    <interface color="#678CB1" bold="false" italic="false" />
    <method color="#1A1A1A" bold="true" italic="false" />
    <methodDeclaration color="#1A1A1A" bold="true" italic="false" />
    <bracket color="#1A1A1A" bold="false" italic="false" underline="false" strikethrough="false" />
    <number color="#D68A00" />
    <string color="#6B6B6B" />
    <operator color="#1A1A1A" />
    <keyword color="#258EC8" bold="false" />
    <annotation color="#A082BD" />
    <staticMethod color="#408080" bold="true" />
    <localVariable color="#1A1A1A" bold="false" />
    <localVariableDeclaration color="#1A1A1A" bold="false" />
    <field color="#0000C0" underline="false" strikethrough="false" />
    <staticField color="#408080" bold="false" italic="false" underline="false" strikethrough="false" />
    <staticFinalField color="#0E0E0E" />
    <deprecatedMember color="#C000C0" />
    <enum color="#B0370E" />
    <inheritedMethod color="#4D4D4D" bold="true" />
    <abstractMethod color="#0E0E0E" bold="true" />
    <parameterVariable color="#0E0E0E" />
    <typeArgument color="#0E0E0E" />
    <typeParameter color="#0E0E0E" />
    <constant color="#A082BD" />
    <background color="#FFFFFF" />
    <currentLine color="#F6F6FF" />
    <foreground color="#0E0E0E" />
    <lineNumber color="#81969A" />
    <selectionBackground color="#F6F6FF" />
    <selectionForeground color="#FFFFFF" />
</colorTheme>