<?xml version="1.0" encoding="utf-8"?>
<colorTheme id="154" name="Bobliveon" modified="2011-02-06 00:55:02" author="Andre">
    <searchResultIndication color="#D8D8D8" />
    <filteredSearchResultIndication color="#D8D8D8" />
    <occurrenceIndication color="#000000" />
    <writeOccurrenceIndication color="#000000" />
    <findScope color="#000000" />
    <deletionIndication color="#D25252" />
    <sourceHoverBackground color="#000000" />
    <singleLineComment color="#555555" />
    <multiLineComment color="#555555" />
    <commentTaskTag color="#f5b800" />
    <javadoc color="#f5b800" />
    <javadocLink color="#f5b800" />
    <javadocTag color="#f5b800" />
    <javadocKeyword color="#f5b800" />
    <class color="#D25252" />
    <interface color="#D197D9" />
    <method color="#FFFFFF" />
    <methodDeclaration color="#BED6FF" />
    <bracket color="#D8D8D8" />
    <number color="#7FB347" />
    <string color="#FFC600" />
    <operator color="#D8D8D8" />
    <keyword color="#FFFFFF" />
    <annotation color="#FFFFFF" />
    <staticMethod color="#BED6FF" />
    <localVariable color="#79ABFF" />
    <localVariableDeclaration color="#BED6FF" />
    <field color="#BED6FF" />
    <staticField color="#EFC090" />
    <staticFinalField color="#EFC090" />
    <inheritedMethod color="#BED6FF" />
    <abstractMethod color="#BED6FF" />
    <parameterVariable color="#79ABFF" />
    <typeArgument color="#BFA4A4" />
    <typeParameter color="#BFA4A4" />
    <background color="#191919" />
    <currentLine color="#222222" />
    <foreground color="#ffffff" />
    <lineNumber color="#666666" />
    <selectionBackground color="#333333" />
    <selectionForeground color="#ffffff" />
</colorTheme>