<?xml version="1.0" encoding="utf-8"?>
<colorTheme id="1479" name="Bold and Bright" modified="2011-04-29 04:21:28" author="Lawrence">
    <occurrenceIndication color="#CCCCAA" />
    <findScope color="#CCCCAA" />
    <deletionIndication color="#FF0000" bold="true" />
    <singleLineComment color="#888888" bold="false" />
    <multiLineComment color="#888888" bold="false" />
    <commentTaskTag color="#000000" bold="true" />
    <javadoc color="#888888" bold="false" />
    <javadocLink color="#000000" bold="true" />
    <javadocTag color="#000000" bold="true" />
    <javadocKeyword color="#000000" bold="true" />
    <class color="#FF6600" bold="true" />
    <interface color="#FF6600" bold="true" italic="true" />
    <method color="#005522" bold="true" underline="false" strikethrough="false" />
    <methodDeclaration color="#005522" bold="true" underline="false" strikethrough="false" />
    <bracket color="#000000" bold="false" />
    <number color="#AA5500" bold="false" />
    <string color="#AA5500" bold="false" />
    <operator color="#000000" bold="true" />
    <keyword color="#990000" bold="true" />
    <annotation color="#9999FF" bold="false" />
    <staticMethod color="#AA5500" bold="true" italic="true" />
    <localVariable color="#001177" bold="true" />
    <localVariableDeclaration color="#001177" bold="true" />
    <field color="#EE2200" bold="true" />
    <staticField color="#990000" bold="true" italic="true" />
    <staticFinalField color="#001177" bold="true" italic="true" />
    <deprecatedMember color="#CCCCCC" bold="true" />
    <enum color="#FF6600" bold="true" />
    <inheritedMethod color="#005522" bold="true" underline="false" strikethrough="false" />
    <abstractMethod color="#005522" bold="true" underline="false" strikethrough="false" />
    <parameterVariable color="#3344AA" bold="true" />
    <typeArgument color="#FF6600" bold="false" />
    <typeParameter color="#001177" bold="true" />
    <constant color="#001177" bold="true" italic="true" />
    <background color="#FFFFFF" />
    <currentLine color="#99CCFF" />
    <foreground color="#000000" />
    <lineNumber color="#000000" />
    <selectionBackground color="#CCCCAA" />
    <selectionForeground color="#000000" />
</colorTheme>