<?xml version="1.0" encoding="utf-8"?>
<colorTheme id="1266" name="Borland Turbo C++ 3.0 for DOS" modified="2011-04-15 08:09:46" author="Michael">
    <searchResultIndication color="#00AAAA" />
    <filteredSearchResultIndication color="#00AAAA" />
    <occurrenceIndication color="#00AAAA" />
    <writeOccurrenceIndication color="#00AAAA" />
    <findScope color="#00AAAA" />
    <deletionIndication color="#00AAAA" />
    <sourceHoverBackground color="#0000AA" />
    <singleLineComment color="#00AAAA" italic="false" />
    <multiLineComment color="#00AAAA" italic="false" />
    <commentTaskTag color="#00AAAA" italic="false" />
    <javadoc color="#00AAAA" italic="false" />
    <javadocLink color="#00AAAA" italic="false" />
    <javadocTag color="#00AAAA" italic="false" />
    <javadocKeyword color="#00AAAA" italic="false" />
    <class color="#55FF55" bold="false" underline="false" strikethrough="false" />
    <interface color="#55FF55" />
    <method color="#55FF55" />
    <methodDeclaration color="#55FF55" />
    <bracket color="#FFFF55" />
    <number color="#AAAAAA" />
    <string color="#AA0000" />
    <operator color="#FFFF55" />
    <keyword color="#FFFFFF" bold="false" />
    <annotation color="#55FF55" />
    <staticMethod color="#55FF55" />
    <localVariable color="#55FF55" />
    <localVariableDeclaration color="#55FF55" />
    <field color="#55FF55" />
    <staticField color="#55FF55" />
    <staticFinalField color="#55FF55" />
    <deprecatedMember color="#55FF55" underline="false" strikethrough="false" />
    <enum color="#55FF55" />
    <inheritedMethod color="#55FF55" />
    <abstractMethod color="#55FF55" />
    <parameterVariable color="#55FF55" />
    <typeArgument color="#55FF55" />
    <typeParameter color="#55FF55" />
    <constant color="#55FF55" />
    <background color="#0000AA" />
    <currentLine color="#00AAAA" />
    <foreground color="#FFFF55" />
    <lineNumber color="#AAAAAA" />
    <selectionBackground color="#AAAAAA" />
    <selectionForeground color="#0000AA" />
</colorTheme>