<?xml version="1.0" encoding="utf-8"?>
<colorTheme id="622" name="Borland in Black2" modified="2011-03-08 19:51:33" author="Eric">
    <searchResultIndication color="#D8D8D8" />
    <filteredSearchResultIndication color="#D8D8D8" />
    <occurrenceIndication color="#000000" />
    <writeOccurrenceIndication color="#000000" />
    <findScope color="#000000" />
    <deletionIndication color="" bold="false" underline="false" strikethrough="false" />
    <sourceHoverBackground color="#D8D8D8" />
    <singleLineComment color="#FF9900" bold="false" underline="false" strikethrough="false" />
    <multiLineComment color="#FF9900" bold="false" italic="false" underline="false" strikethrough="false" />
    <commentTaskTag color="#FF3300" />
    <javadoc color="#FF3300" />
    <javadocLink color="#990099" />
    <javadocTag color="#990099" />
    <javadocKeyword color="#990099" />
    <class color="#006600" />
    <interface color="#666666" />
    <method color="#000099" />
    <methodDeclaration color="#000099" />
    <bracket color="#000099" bold="false" italic="false" underline="false" strikethrough="false" />
    <number color="#0000FF" bold="false" />
    <string color="#CC0000" />
    <operator color="#0000FF" />
    <keyword color="#0000FF" bold="false" italic="false" underline="false" strikethrough="false" />
    <annotation color="#990000" />
    <staticMethod color="#990000" bold="false" />
    <localVariable color="#0066FF" bold="false" />
    <localVariableDeclaration color="#000099" />
    <field color="#000099" />
    <staticField color="#552200" />
    <staticFinalField color="#552200" />
    <deprecatedMember color="#D8D8D8" bold="false" />
    <enum color="#FF0000" bold="false" />
    <inheritedMethod color="#000099" />
    <abstractMethod color="#000099" />
    <parameterVariable color="#0000FF" />
    <typeArgument color="#0000FF" />
    <typeParameter color="#006600" />
    <constant color="#552200" />
    <background color="#000000" />
    <currentLine color="#D8D8D8" />
    <foreground color="#FFFFFF" />
    <lineNumber color="#D8D8D8" />
    <selectionBackground color="#D8D8D8" />
    <selectionForeground color="#333333" />
</colorTheme>