<?xml version="1.0" encoding="utf-8"?>
<colorTheme id="1189" name="boti" modified="2011-04-13 12:21:47" author="Boti" website="boti">
    <searchResultIndication color="#D8D8D8" />
    <filteredSearchResultIndication color="#D8D8D8" />
    <occurrenceIndication color="#000000" />
    <writeOccurrenceIndication color="#000000" />
    <findScope color="#111111" />
    <deletionIndication color="#D25252" />
    <sourceHoverBackground color="#000000" />
    <singleLineComment color="#B5A690" italic="false" />
    <multiLineComment color="#B5A690" italic="false" />
    <commentTaskTag color="#B5A690" italic="false" />
    <javadoc color="#B5A690" italic="false" />
    <javadocLink color="#B5A690" italic="false" />
    <javadocTag color="#B5A690" italic="false" />
    <javadocKeyword color="#B5A690" italic="false" />
    <class color="#9B5C2E" bold="false" underline="false" strikethrough="false" />
    <interface color="#D197D9" />
    <method color="#FFFFFF" bold="true" />
    <methodDeclaration color="#BED6FF" />
    <bracket color="#D8D8D8" />
    <number color="#D25252" />
    <string color="#54BE0D" />
    <operator color="#D8D8D8" />
    <keyword color="#FBF0A8" bold="false" />
    <annotation color="#FFFFFF" />
    <staticMethod color="#BED6FF" />
    <localVariable color="#879AB5" />
    <localVariableDeclaration color="#879AB5" />
    <field color="#879AB5" />
    <staticField color="#EFC090" />
    <staticFinalField color="#EFC090" />
    <deprecatedMember color="#D25252" underline="false" strikethrough="true" />
    <enum color="#7FB347" />
    <inheritedMethod color="#BED6FF" />
    <abstractMethod color="#BED6FF" />
    <parameterVariable color="#79ABFF" />
    <typeArgument color="#BFA4A4" />
    <typeParameter color="#BFA4A4" />
    <constant color="#DDF2A4" />
    <background color="#322C28" />
    <currentLine color="#4A4A4A" />
    <foreground color="#AECDAD" />
    <lineNumber color="#D0D0D0" />
    <selectionBackground color="#514C46" />
    <selectionForeground color="#B5A899" />
</colorTheme>