<?xml version="1.0" encoding="utf-8"?>
<colorTheme id="1418" name="boudarbalat" modified="2011-04-25 00:24:49" author="azi">
    <searchResultIndication color="#464467" />
    <filteredSearchResultIndication color="#3F3F6A" />
    <occurrenceIndication color="#616161" />
    <writeOccurrenceIndication color="#948567" />
    <findScope color="#BCADAD" />
    <sourceHoverBackground color="#A19879" />
    <singleLineComment color="#56BF8D" bold="false" />
    <multiLineComment color="#56BF8D" />
    <commentTaskTag color="#ACC1AC" bold="false" />
    <javadoc color="#B3B5AF" />
    <javadocLink color="#A893CC" />
    <javadocTag color="#9393CC" />
    <javadocKeyword color="#CC9393" />
    <class color="#C0F33B" />
    <interface color="#C0F33B" />
    <method color="#D0A746" />
    <methodDeclaration color="#D0A746" />
    <bracket color="#FFFFFF" />
    <number color="#8ACCCF" />
    <string color="#DA6262" />
    <operator color="#F0EFD0" />
    <keyword color="#FF9C00" />
    <annotation color="#808080" />
    <staticMethod color="#C4C4B7" />
    <localVariable color="#E73F86" />
    <localVariableDeclaration color="#E73F86" bold="false" />
    <field color="#B3B784" bold="false" />
    <staticField color="#93A2CC" bold="false" />
    <staticFinalField color="#53DCCD" bold="false" />
    <deprecatedMember color="#FFFFFF" bold="false" />
    <background color="#1A1A1A" />
    <currentLine color="#505050" />
    <foreground color="#F8F8F8" />
    <lineNumber color="#C0C0C0" />
    <selectionBackground color="#008AFF" />
    <selectionForeground color="#FFFFFF" />
</colorTheme>