<?xml version="1.0" encoding="utf-8"?>
<colorTheme id="719" name="Bretts Dark Theme" modified="2011-03-16 06:41:43" author="William Overesch">
    <occurrenceIndication color="#616161" />
    <findScope color="#191919" />
    <deletionIndication color="#FF0000" />
    <singleLineComment color="#009600" />
    <multiLineComment color="#009600" />
    <commentTaskTag color="#00C800" bold="true" />
    <javadoc color="#009600" />
    <javadocLink color="#814582" />
    <javadocTag color="#007000" bold="false" />
    <javadocKeyword color="#00C800" bold="true" />
    <class color="#46BEDC" />
    <interface color="#00FF00" />
    <method color="#E0E0E0" />
    <methodDeclaration color="#FF0060" />
    <bracket color="#FFFFFF" />
    <number color="#FF8080" />
    <string color="#0AA0FF" />
    <operator color="#FFFFFF" />
    <keyword color="#EC6920" bold="true" />
    <staticMethod color="#FF0060" bold="true" />
    <localVariable color="#E0E0E0" />
    <localVariableDeclaration color="#E0E0E0" />
    <field color="#E0E0E0" />
    <staticField color="#E0E0E0" bold="true" />
    <staticFinalField color="#E0E0E0" bold="true" italic="true" />
    <deprecatedMember color="#FFFFFF" underline="false" strikethrough="true" />
    <enum color="#FFFF00" />
    <inheritedMethod color="#E0E0E0" />
    <abstractMethod color="#E0E0E0" />
    <parameterVariable color="#E0E0E0" />
    <typeArgument color="#46BEDC" />
    <typeParameter color="#46BEDC" />
    <background color="#101010" />
    <currentLine color="#222220" />
    <foreground color="#E0E0E0" />
    <lineNumber color="#32C8C8" />
    <selectionBackground color="#414C3B" />
    <selectionForeground color="#FFFFFF" />
</colorTheme>