<?xml version="1.0" encoding="utf-8"?>
<colorTheme id="913" name="bright" modified="2011-03-29 06:49:58" author="shadow" website="NA">
    <searchResultIndication color="#FF6600" />
    <filteredSearchResultIndication color="#FF6600" />
    <occurrenceIndication color="#FF6600" />
    <writeOccurrenceIndication color="#FF6600" />
    <findScope color="#FF9900" />
    <deletionIndication color="#D25252" bold="false" />
    <sourceHoverBackground color="#FF6600" />
    <singleLineComment color="#669900" bold="false" italic="true" underline="false" strikethrough="false" />
    <multiLineComment color="#00AA00" bold="false" italic="true" />
    <commentTaskTag color="#669900" bold="false" italic="true" />
    <javadoc color="#00AA00" bold="false" italic="true" />
    <javadocLink color="#669900" bold="false" italic="true" />
    <javadocTag color="#669900" bold="false" italic="true" />
    <javadocKeyword color="#669900" bold="false" italic="true" />
    <class color="#3399FF" bold="true" underline="false" strikethrough="false" />
    <interface color="#D197D9" bold="false" />
    <method color="#FF6600" bold="false" italic="false" />
    <methodDeclaration color="#FF6600" bold="false" underline="false" strikethrough="false" />
    <bracket color="#D8D8D8" bold="false" />
    <number color="#000000" bold="false" />
    <string color="#FF3399" bold="false" />
    <operator color="#000000" bold="false" />
    <keyword color="#7402C1" bold="true" />
    <annotation color="#808080" bold="false" />
    <staticMethod color="#A7C727" bold="false" />
    <localVariable color="#000000" bold="false" />
    <localVariableDeclaration color="#000000" bold="false" />
    <field color="#FF3399" />
    <staticField color="#000000" bold="false" />
    <staticFinalField color="#FF3399" bold="false" />
    <deprecatedMember color="#D25252" bold="false" underline="false" strikethrough="false" />
    <enum color="#7FB347" />
    <inheritedMethod color="#808080" bold="false" />
    <abstractMethod color="#808080" bold="false" />
    <parameterVariable color="#808080" bold="false" />
    <typeArgument color="#BFA4A4" bold="false" />
    <typeParameter color="#BFA4A4" bold="false" />
    <constant color="#D25252" bold="false" />
    <background color="#FFFFFF" />
    <currentLine color="#C7DFFC" />
    <foreground color="#000000" />
    <lineNumber color="#2EB8B7" />
    <selectionBackground color="#5E81BC" />
    <selectionForeground color="#FFFFFF" />
</colorTheme>