<?xml version="1.0" encoding="utf-8"?>
<colorTheme id="288" name="BrightNight" modified="2011-02-15 23:36:03" author="sergio villalobos">
    <occurrenceIndication color="#616161" />
    <findScope color="#191919" />
    <deletionIndication color="#FF0000" />
    <singleLineComment color="#00FF00" />
    <multiLineComment color="#00FF00" />
    <commentTaskTag color="#00FF00" />
    <javadoc color="#00FF00" />
    <javadocLink color="#00FF00" />
    <javadocTag color="#800080" />
    <javadocKeyword color="#800080" />
    <class color="#FFFFFF" />
    <interface color="#FFFFFF" />
    <method color="#FFFF00" />
    <methodDeclaration color="#FFFF00" />
    <bracket color="#008080" />
    <number color="#FF0000" />
    <string color="#FF00FF" />
    <operator color="#C0C0C0" />
    <keyword color="#00FFFF" />
    <annotation color="#999999" />
    <staticMethod color="#FFFFFF" />
    <localVariable color="#FFFFFF" />
    <localVariableDeclaration color="#FFFFFF" />
    <field color="#c38705" />
    <staticField color="#FFFFFF" />
    <staticFinalField color="#FFFFFF" />
    <deprecatedMember color="#FFFFFF" />
    <enum color="#FFFFFF" />
    <inheritedMethod color="#FFFFFF" />
    <abstractMethod color="#FFFFFF" />
    <parameterVariable color="#FFFFFF" />
    <typeArgument color="#FFFFFF" />
    <typeParameter color="#FFFFFF" />
    <constant color="#FFFFFF" />
    <background color="#000000" />
    <currentLine color="#222220" />
    <foreground color="#FFFFFF" />
    <lineNumber color="#C0C0C0" />
    <selectionBackground color="#000080" />
    <selectionForeground color="#FFFFFF" />
</colorTheme>