<?xml version="1.0" encoding="utf-8"?>
<colorTheme id="1981" name="brightness" modified="2011-06-01 23:39:57" author="kjchiu">
    <searchResultIndication color="#616161" />
    <filteredSearchResultIndication color="#616161" />
    <occurrenceIndication color="#616161" />
    <writeOccurrenceIndication color="#616161" />
    <findScope color="#E0E2E4" />
    <deletionIndication color="#E0E2E4" underline="false" strikethrough="false" />
    <sourceHoverBackground color="#FFFFFF" />
    <singleLineComment color="#A082BD" />
    <multiLineComment color="#A082BD" />
    <commentTaskTag color="#A57B61" />
    <javadoc color="#7D8C93" />
    <javadocLink color="#678CB1" />
    <javadocTag color="#E0E2E4" />
    <javadocKeyword color="#A082BD" />
    <class color="#0080C0" />
    <interface color="#00C000" />
    <method color="#222222" />
    <methodDeclaration color="#222222" />
    <bracket color="#FF0000" />
    <number color="#FF8040" />
    <string color="#FF00FF" />
    <operator color="#FF0000" />
    <keyword color="#8A8A8A" />
    <annotation color="#A082BD" />
    <staticMethod color="#222222" />
    <localVariable color="#222222" />
    <localVariableDeclaration color="#222222" />
    <field color="#222222" />
    <staticField color="#678CB1" />
    <staticFinalField color="#E0E2E4" />
    <deprecatedMember color="#E0E2E4" underline="false" strikethrough="true" />
    <enum color="#FF8040" />
    <inheritedMethod color="#E0E2E4" />
    <abstractMethod color="#E0E2E4" />
    <parameterVariable color="#E0E2E4" />
    <typeArgument color="#E0E2E4" />
    <typeParameter color="#E0E2E4" />
    <constant color="#A082BD" />
    <background color="#FEFEFE" />
    <currentLine color="#2F393C" />
    <foreground color="#FF0000" />
    <lineNumber color="#81969A" />
    <selectionBackground color="#95BED8" />
    <selectionForeground color="#E0E2E4" />
</colorTheme>