<?xml version="1.0" encoding="utf-8"?>
<colorTheme id="783" name="brownsugar" modified="2011-03-19 23:38:14" author="Maddin" website="www.url.com">
    <searchResultIndication color="#D8D8D8" />
    <filteredSearchResultIndication color="#D8D8D8" />
    <occurrenceIndication color="#000000" />
    <writeOccurrenceIndication color="#000000" />
    <findScope color="#111111" />
    <deletionIndication color="#D25252" />
    <sourceHoverBackground color="#000000" />
    <singleLineComment color="#46B01C" />
    <multiLineComment color="#46B01C" />
    <commentTaskTag color="#46B01C" />
    <javadoc color="#46B01C" />
    <javadocLink color="#4FD61F" />
    <javadocTag color="#4FD61F" />
    <javadocKeyword color="#4FD61F" />
    <class color="#D25252" bold="false" underline="false" strikethrough="false" />
    <interface color="#D197D9" />
    <method color="#1A1A1A" />
    <methodDeclaration color="#BED6FF" />
    <bracket color="#D8D8D8" />
    <number color="#7FB347" />
    <string color="#FFC600" />
    <operator color="#D8D8D8" />
    <keyword color="#1A1A1A" bold="false" />
    <annotation color="#FFFFFF" />
    <staticMethod color="#BED6FF" />
    <localVariable color="#79ABFF" />
    <localVariableDeclaration color="#BED6FF" />
    <field color="#BED6FF" />
    <staticField color="#EFC090" />
    <staticFinalField color="#EFC090" />
    <deprecatedMember color="#D25252" underline="false" strikethrough="true" />
    <enum color="#7FB347" />
    <inheritedMethod color="#BED6FF" />
    <abstractMethod color="#BED6FF" />
    <parameterVariable color="#79ABFF" />
    <typeArgument color="#BFA4A4" />
    <typeParameter color="#BFA4A4" />
    <constant color="#EFC090" />
    <background color="#EAC984" />
    <currentLine color="#F7A100" />
    <foreground color="#000000" />
    <lineNumber color="#A0A0A0" />
    <selectionBackground color="#FAC984" />
    <selectionForeground color="#D0D0D0" />
</colorTheme>