<?xml version="1.0" encoding="utf-8"?>
<colorTheme id="1993" name="Bumblebee" modified="2011-06-03 02:09:10" author="Blunt Brother">
    <searchResultIndication color="#000000" />
    <filteredSearchResultIndication color="#000000" />
    <occurrenceIndication color="#000000" />
    <writeOccurrenceIndication color="#000000" />
    <findScope color="#333333" />
    <deletionIndication color="#D25252" />
    <sourceHoverBackground color="#000000" />
    <singleLineComment color="#666666" bold="true" italic="false" underline="false" strikethrough="false" />
    <multiLineComment color="#666666" bold="true" italic="false" underline="false" strikethrough="false" />
    <commentTaskTag color="#666666" bold="true" italic="false" underline="false" strikethrough="false" />
    <javadoc color="#9900FF" bold="true" italic="false" underline="false" strikethrough="false" />
    <javadocLink color="#9900FF" bold="false" italic="false" underline="false" strikethrough="false" />
    <javadocTag color="#666666" bold="true" italic="false" underline="false" strikethrough="false" />
    <javadocKeyword color="#9900FF" italic="false" underline="false" strikethrough="false" />
    <class color="#FFFF00" bold="false" underline="false" strikethrough="false" />
    <interface color="#D197D9" bold="false" underline="false" strikethrough="false" />
    <method color="#FF00FF" bold="true" />
    <methodDeclaration color="#FF0000" />
    <bracket color="#D8D8D8" bold="false" underline="false" strikethrough="false" />
    <number color="#00FFFF" underline="false" strikethrough="false" />
    <string color="#00FF00" />
    <operator color="#FFFFFF" />
    <keyword color="#CCCCCC" bold="false" underline="false" strikethrough="false" />
    <annotation color="#CCCCCC" underline="false" strikethrough="false" />
    <staticMethod color="#BED6FF" bold="false" underline="false" strikethrough="false" />
    <localVariable color="#FF9900" />
    <localVariableDeclaration color="#FFFF00" bold="true" />
    <field color="#BED6FF" underline="false" strikethrough="false" />
    <staticField color="#EFC090" />
    <staticFinalField color="#0099FF" bold="true" />
    <deprecatedMember color="#D25252" underline="false" strikethrough="true" />
    <enum color="#7FB347" />
    <inheritedMethod color="#BED6FF" underline="false" strikethrough="false" />
    <abstractMethod color="#BED6FF" underline="false" strikethrough="false" />
    <parameterVariable color="#79ABFF" underline="false" strikethrough="false" />
    <typeArgument color="#BFA4A4" />
    <typeParameter color="#BFA4A4" />
    <constant color="#EFC090" />
    <background color="#000000" />
    <currentLine color="#333333" />
    <foreground color="#FFFFFF" />
    <lineNumber color="#CCCCCC" />
    <selectionBackground color="#666666" />
    <selectionForeground color="#CCCCCC" />
</colorTheme>