<?xml version="1.0" encoding="utf-8"?>
<colorTheme id="1003" name="busonic" modified="2011-04-03 17:35:24" author="ryan">
    <searchResultIndication color="#D8D8D8" />
    <filteredSearchResultIndication color="#D8D8D8" />
    <occurrenceIndication color="#000000" />
    <writeOccurrenceIndication color="#000000" />
    <findScope color="#111111" />
    <deletionIndication color="#D25252" />
    <sourceHoverBackground color="#000000" />
    <singleLineComment color="#911BE0" />
    <multiLineComment color="#911BE0" />
    <commentTaskTag color="#911BE0" />
    <javadoc color="#911BE0" />
    <javadocLink color="#CC80FF" />
    <javadocTag color="#CC80FF" />
    <javadocKeyword color="#CC80FF" />
    <class color="#DE8A31" bold="false" underline="false" strikethrough="false" />
    <interface color="#FF8300" />
    <method color="#FFFFFF" />
    <methodDeclaration color="#FFFFFF" />
    <bracket color="#D8D8D8" />
    <number color="#FFF703" />
    <string color="#7EE01B" />
    <operator color="#D8D8D8" underline="false" strikethrough="false" />
    <keyword color="#EDC59A" bold="false" />
    <annotation color="#FFFFFF" />
    <staticMethod color="#EDC59A" />
    <localVariable color="#8A5217" />
    <localVariableDeclaration color="#B56F24" />
    <field color="#8A5217" />
    <staticField color="#FF8300" />
    <staticFinalField color="#FF8300" />
    <deprecatedMember color="#D25252" underline="false" strikethrough="true" />
    <enum color="#7EE01B" />
    <inheritedMethod color="#DBDBDB" />
    <abstractMethod color="#DBDBDB" />
    <parameterVariable color="#8A5217" />
    <typeArgument color="#BFA4A4" />
    <typeParameter color="#BFA4A4" />
    <constant color="#EFC090" />
    <background color="#1E1E1E" />
    <currentLine color="#2A2A2A" />
    <foreground color="#D8D8D8" />
    <lineNumber color="#D0D0D0" />
    <selectionBackground color="#D0D0D0" />
    <selectionForeground color="#000000" />
</colorTheme>