<?xml version="1.0" encoding="utf-8"?>
<colorTheme id="713" name="Bythefire" modified="2011-03-15 18:27:32" author="Soydan Ünal">
    <searchResultIndication color="#464467" />
    <filteredSearchResultIndication color="#3F3F6A" />
    <occurrenceIndication color="#616161" />
    <writeOccurrenceIndication color="#948567" />
    <findScope color="#BCADAD" />
    <sourceHoverBackground color="#A19879" />
    <singleLineComment color="#7F9F7F" bold="false" />
    <multiLineComment color="#73879B" />
    <commentTaskTag color="#ACC1AC" />
    <javadoc color="#78798C" />
    <javadocLink color="#A893CC" />
    <javadocTag color="#9393CC" />
    <javadocKeyword color="#CC9393" />
    <class color="#CAE682" />
    <interface color="#CAE682" />
    <method color="#DFBE95" />
    <methodDeclaration color="#DFBE95" />
    <bracket color="#FFFFFF" />
    <number color="#EAB882" />
    <string color="#CC9393" />
    <operator color="#F0EFD0" />
    <keyword color="#8DCBE2" />
    <annotation color="#808080" />
    <staticMethod color="#C4C4B7" />
    <localVariable color="#D4C4A9" />
    <localVariableDeclaration color="#D4C4A9" />
    <field color="#B3B784" />
    <staticField color="#93A2CC" />
    <staticFinalField color="#53DCCD" />
    <deprecatedMember color="#FFFFFF" />
    <constant color="#D474A1" bold="true" />
    <background color="#1E1E1E" />
    <currentLine color="#505050" />
    <foreground color="#FFFDDB" />
    <lineNumber color="#C0C0C0" />
    <selectionBackground color="#364656" />
    <selectionForeground color="#FFFFFF" />
</colorTheme>