<?xml version="1.0" encoding="utf-8"?>
<colorTheme id="438" name="C# Theme" modified="2011-02-24 16:03:28" author="İbrahim Bener">
    <searchResultIndication color="#E2E6D6" />
    <filteredSearchResultIndication color="#E2E6D6" />
    <occurrenceIndication color="#E2E6D6" />
    <writeOccurrenceIndication color="#E2E6D6" />
    <findScope color="#BCADAD" />
    <deletionIndication color="#9b5656" />
    <sourceHoverBackground color="#EEEEEE" />
    <singleLineComment color="#008000" />
    <multiLineComment color="#008000" />
    <commentTaskTag color="#008000" bold="true" />
    <javadoc color="#800080" bold="false" />
    <javadocLink color="#800080" bold="false" />
    <javadocTag color="#801F91" bold="true" />
    <javadocKeyword color="#0000FF" />
    <class color="#2D91AF" />
    <interface color="#2D91AF" />
    <method color="#000000" bold="false" />
    <methodDeclaration color="#000000" bold="true" />
    <bracket color="#8000FF" bold="false" />
    <number color="#000000" bold="false" />
    <string color="#A31515" />
    <operator color="#000000" />
    <keyword color="#0000FF" bold="false" />
    <annotation color="#808080" />
    <staticMethod color="#000000" italic="true" />
    <localVariable color="#000080" />
    <localVariableDeclaration color="#000080" />
    <field color="#800080" />
    <staticField color="#000000" italic="true" />
    <staticFinalField color="#000000" italic="true" />
    <deprecatedMember color="#AB2525" />
    <enum color="#2D91AF" />
    <inheritedMethod color="#000000" />
    <abstractMethod color="#000000" />
    <parameterVariable color="#000000" />
    <typeArgument color="#885D3B" bold="false" />
    <typeParameter color="#885D3B" />
    <background color="#FFFFFF" />
    <currentLine color="#FFFFFF" />
    <foreground color="#000000" />
    <lineNumber color="#2D91AF" />
    <selectionBackground color="#ADD6FF" />
    <selectionForeground color="#000000" />
</colorTheme>