<?xml version="1.0" encoding="utf-8"?>
<colorTheme id="1699" name="CalmStorm" modified="2011-05-13 21:26:28" author="Storm at Nite">
    <searchResultIndication color="#323232" />
    <filteredSearchResultIndication color="#323232" />
    <occurrenceIndication color="#323232" />
    <writeOccurrenceIndication color="#323232" />
    <findScope color="#111111" />
    <deletionIndication color="#D25252" />
    <sourceHoverBackground color="#323232" />
    <singleLineComment color="#FFDE00" italic="false" />
    <multiLineComment color="#FFDE00" italic="false" />
    <commentTaskTag color="#FFDE00" italic="false" />
    <javadoc color="#FFDE00" italic="false" />
    <javadocLink color="#FFDE00" italic="false" />
    <javadocTag color="#FFDE00" italic="false" />
    <javadocKeyword color="#FFDE00" italic="false" />
    <class color="#D25252" bold="false" underline="false" strikethrough="false" />
    <interface color="#D197D9" />
    <method color="#FFFFFF" />
    <methodDeclaration color="#BED6FF" />
    <bracket color="#D8D8D8" />
    <number color="#7FB347" />
    <string color="#FFC600" />
    <operator color="#D8D8D8" />
    <keyword color="#FFFFFF" bold="false" />
    <annotation color="#FFFFFF" />
    <staticMethod color="#BED6FF" />
    <localVariable color="#79ABFF" />
    <localVariableDeclaration color="#BED6FF" />
    <field color="#BED6FF" />
    <staticField color="#EFC090" />
    <staticFinalField color="#EFC090" />
    <deprecatedMember color="#D25252" underline="false" strikethrough="true" />
    <enum color="#7FB347" />
    <inheritedMethod color="#BED6FF" />
    <abstractMethod color="#BED6FF" />
    <parameterVariable color="#79ABFF" />
    <typeArgument color="#BFA4A4" />
    <typeParameter color="#BFA4A4" />
    <constant color="#EFC090" />
    <background color="#323232" />
    <currentLine color="#787878" />
    <foreground color="#8C8C8C" />
    <lineNumber color="#8C8C8C" />
    <selectionBackground color="#505050" />
    <selectionForeground color="#B4B4B4" />
</colorTheme>