<?xml version="1.0" encoding="utf-8"?>
<colorTheme id="479" name="Calm" modified="2011-02-26 08:06:00" author="Guoguodi">
    <searchResultIndication color="#616161" />
    <filteredSearchResultIndication color="#616161" />
    <occurrenceIndication color="#616161" />
    <writeOccurrenceIndication color="#616161" />
    <findScope color="#E0E2E4" />
    <deletionIndication color="#E0E2E4" />
    <sourceHoverBackground color="#FFFFFF" />
    <singleLineComment color="#72C0D8" />
    <multiLineComment color="#72C0D8" />
    <commentTaskTag color="#72C0D8" bold="true" />
    <javadoc color="#7EB8B3" />
    <javadocLink color="#678CB1" />
    <javadocTag color="#7EB8B3" bold="true" />
    <javadocKeyword color="#7EB8B3" bold="false" />
    <class color="#E0E2E4" />
    <interface color="#E0E2E4" />
    <method color="#E0E2E4" />
    <methodDeclaration color="#FFFF80" bold="false" />
    <bracket color="#E0E2E4" />
    <number color="#EFEDD6" />
    <string color="#E0E2E4" />
    <operator color="#E0E2E4" />
    <keyword color="#80FF80" />
    <annotation color="#A8AEB5" />
    <staticMethod color="#E0E2E4" italic="true" />
    <localVariable color="#E0E2E4" />
    <localVariableDeclaration color="#E0E2E4" />
    <field color="#E0E2E4" />
    <staticField color="#80FF80" italic="true" />
    <staticFinalField color="#80FF80" />
    <deprecatedMember color="#E0E2E4" />
    <enum color="#E0E2E4" />
    <inheritedMethod color="#E0E2E4" />
    <abstractMethod color="#E0E2E4" />
    <parameterVariable color="#83EDE0" />
    <typeArgument color="#E0E2E4" italic="true" />
    <typeParameter color="#E0E2E4" italic="false" />
    <constant color="#A082BD" />
    <background color="#293134" />
    <currentLine color="#2F393C" />
    <foreground color="#E0E2E4" />
    <lineNumber color="#81969A" />
    <selectionBackground color="#804000" />
    <selectionForeground color="#E0E2E4" />
</colorTheme>