<?xml version="1.0" encoding="utf-8"?>
<colorTheme id="937" name="Caribbean Night" modified="2011-03-30 14:15:15" author="Pierre Solutions">
    <searchResultIndication color="#D8D8D8" />
    <filteredSearchResultIndication color="#D8D8D8" />
    <occurrenceIndication color="#000000" />
    <writeOccurrenceIndication color="#000000" />
    <findScope color="#000000" />
    <deletionIndication color="#D25252" underline="false" strikethrough="false" />
    <sourceHoverBackground color="#000000" />
    <singleLineComment color="#CCCCCC" italic="true" />
    <multiLineComment color="#CCCCCC" italic="true" underline="false" strikethrough="false" />
    <commentTaskTag color="#79ABFF" italic="true" underline="false" strikethrough="false" />
    <javadoc color="#79ABFF" italic="true" underline="false" strikethrough="false" />
    <javadocLink color="#D9E577" italic="true" underline="false" strikethrough="false" />
    <javadocTag color="#D9E577" italic="true" />
    <javadocKeyword color="#D9E577" italic="true" underline="false" strikethrough="false" />
    <class color="#FFC600" bold="true" underline="false" strikethrough="false" />
    <interface color="#FF0000" bold="true" underline="false" strikethrough="false" />
    <method color="#FFC600" bold="true" underline="false" strikethrough="false" />
    <methodDeclaration color="#FFC600" bold="true" underline="false" strikethrough="false" />
    <bracket color="#51F209" bold="true" underline="false" strikethrough="false" />
    <number color="#79ABFF" />
    <string color="#FFFFFF" italic="true" />
    <operator color="#51F209" bold="true" />
    <keyword color="#FF0000" bold="true" italic="true" underline="false" strikethrough="false" />
    <annotation color="#FFFFFF" italic="false" underline="false" strikethrough="false" />
    <staticMethod color="#FF0000" bold="true" underline="false" strikethrough="false" />
    <localVariable color="#FFC600" underline="false" strikethrough="false" />
    <localVariableDeclaration color="#FFC600" underline="false" strikethrough="false" />
    <field color="#FFC600" underline="false" strikethrough="false" />
    <staticField color="#FFC600" underline="false" strikethrough="false" />
    <staticFinalField color="#FFC600" underline="false" strikethrough="false" />
    <deprecatedMember color="#D25252" underline="false" strikethrough="false" />
    <enum color="#FFC600" underline="false" strikethrough="false" />
    <inheritedMethod color="#FF0000" bold="true" underline="false" strikethrough="false" />
    <abstractMethod color="#FF0000" bold="true" underline="false" strikethrough="false" />
    <parameterVariable color="#FFC600" underline="false" strikethrough="false" />
    <typeArgument color="#FF0000" bold="true" underline="false" strikethrough="false" />
    <typeParameter color="#FF0000" bold="true" underline="false" strikethrough="false" />
    <constant color="#FFC600" underline="false" strikethrough="false" />
    <background color="#000000" />
    <currentLine color="#000000" />
    <foreground color="#51F209" />
    <lineNumber color="#CCCCCC" />
    <selectionBackground color="#000000" />
    <selectionForeground color="#CCCCCC" />
</colorTheme>