<?xml version="1.0" encoding="utf-8"?>
<colorTheme id="216" name="Carnage" modified="2011-02-10 14:18:25" author="Neos" website="www.the-draco.ru">
    <searchResultIndication color="#006080" />
    <filteredSearchResultIndication color="#606080" />
    <occurrenceIndication color="#000000" />
    <writeOccurrenceIndication color="#000000" />
    <findScope color="#FFFFFF" />
    <deletionIndication color="#FFFFFF" />
    <sourceHoverBackground color="#FFFFFF" />
    <singleLineComment color="#3F55BF" bold="false" underline="false" strikethrough="false" />
    <multiLineComment color="#3F55BF" />
    <commentTaskTag color="#00FF00" underline="false" strikethrough="false" />
    <javadoc color="#3F55BF" underline="false" strikethrough="false" />
    <javadocLink color="#D9E577" bold="false" underline="false" strikethrough="false" />
    <javadocTag color="#808080" bold="false" underline="false" strikethrough="false" />
    <javadocKeyword color="#808080" bold="false" underline="false" strikethrough="false" />
    <class color="#FFA702" />
    <interface color="#D197D9" />
    <method color="#5477D8" />
    <methodDeclaration color="#BED6FF" />
    <bracket color="#D0D0D0" />
    <number color="#00FF00" />
    <string color="#FFFF00" underline="false" strikethrough="false" />
    <operator color="#D0D0D0" underline="false" strikethrough="false" />
    <keyword color="#757575" />
    <annotation color="#FFFFFF" />
    <staticMethod color="#FFAA50" />
    <localVariable color="#00C42E" underline="false" strikethrough="false" />
    <localVariableDeclaration color="#00C42E" underline="false" strikethrough="false" />
    <field color="#7BBCFB" />
    <staticField color="#7BBCFB" underline="true" strikethrough="false" />
    <staticFinalField color="#7BBCFB" italic="true" underline="true" strikethrough="false" />
    <deprecatedMember color="#FFFFFF" />
    <enum color="#FFFFFF" />
    <inheritedMethod color="#BED6FF" />
    <abstractMethod color="#BED6FF" />
    <parameterVariable color="#79ABFF" underline="false" strikethrough="false" />
    <typeArgument color="#BFA4A4" bold="false" italic="false" underline="false" strikethrough="false" />
    <typeParameter color="#BFA4A4" underline="false" strikethrough="false" />
    <constant color="#E6E6FA" />
    <background color="#101020" />
    <currentLine color="#202030" />
    <foreground color="#D0D0D0" />
    <lineNumber color="#2B91AF" />
    <selectionBackground color="#0000FF" />
    <selectionForeground color="#FFFFFF" />
</colorTheme>