<?xml version="1.0" encoding="utf-8"?>
<colorTheme id="1696" name="cct0" modified="2011-05-13 15:15:38" author="cctimar">
    <searchResultIndication color="#EFEFEF" />
    <filteredSearchResultIndication color="#EFEFEF" />
    <occurrenceIndication color="#EFEFEF" />
    <writeOccurrenceIndication color="#EFEFEF" />
    <findScope color="#BCADAD" />
    <deletionIndication color="#9b5656" />
    <sourceHoverBackground color="#EEEEEE" />
    <singleLineComment color="#A0A0A0" />
    <multiLineComment color="#A0A0A0" />
    <commentTaskTag color="#800000" />
    <javadoc color="#008000" />
    <javadocLink color="#0000FF" />
    <javadocTag color="#008080" />
    <javadocKeyword color="#008080" />
    <class color="#000080" />
    <interface color="#9b5656" />
    <method color="#FF00FF" />
    <methodDeclaration color="#FF00FF" />
    <bracket color="#8000FF" />
    <number color="#FF8000" />
    <string color="#808080" />
    <operator color="#8000FF" />
    <keyword color="#0000FF" />
    <annotation color="#808080" />
    <staticMethod color="#C4C4B7" />
    <localVariable color="#000080" />
    <localVariableDeclaration color="#000080" />
    <field color="#800080" />
    <staticField color="#800040" />
    <staticFinalField color="#800040" />
    <deprecatedMember color="#ab2525" />
    <enum color="#800040" />
    <inheritedMethod color="#FF00FF" />
    <abstractMethod color="#FF00FF" />
    <parameterVariable color="#0000FF" />
    <typeArgument color="#885d3b" />
    <typeParameter color="#885d3b" />
    <background color="#FFFFFF" />
    <currentLine color="#C0E0FF" />
    <foreground color="#000000" />
    <lineNumber color="#999999" />
    <selectionBackground color="#FFFF00" />
    <selectionForeground color="#000000" />
</colorTheme>