<?xml version="1.0" encoding="utf-8"?>
<colorTheme id="672" name="CD Light Theme" modified="2011-03-12 12:03:11" author="D">
    <searchResultIndication color="#EFEFEF" />
    <filteredSearchResultIndication color="#EFEFEF" />
    <occurrenceIndication color="#EFEFEF" />
    <writeOccurrenceIndication color="#EFEFEF" />
    <findScope color="#BCADff" />
    <deletionIndication color="#aaccff" />
    <sourceHoverBackground color="#EEEEEE" />
    <singleLineComment color="#334466" bold="false" italic="false" />
    <multiLineComment color="#334466" />
    <commentTaskTag color="#666666" />
    <javadoc color="#05314d" />
    <javadocLink color="#05314d" />
    <javadocTag color="#05314d" />
    <javadocKeyword color="#05314d" />
    <class color="#000066" />
    <interface color="#000066" />
    <method color="#5c8198" />
    <methodDeclaration color="#5c8198" />
    <bracket color="#000066" />
    <number color="#333333" />
    <string color="#333333" />
    <operator color="#333333" />
    <keyword color="#5c8198" />
    <annotation color="#AAAAFF" />
    <staticMethod color="#5c8198" />
    <localVariable color="#5c8198" />
    <localVariableDeclaration color="#5c8198" />
    <field color="#566874" />
    <staticField color="#05314d" />
    <staticFinalField color="#05314d" />
    <deprecatedMember color="#ab2525" />
    <enum color="#000066" />
    <inheritedMethod color="#5c8198" />
    <abstractMethod color="#5c8198" />
    <parameterVariable color="#5c8198" />
    <typeArgument color="#5c8198" />
    <typeParameter color="#5c8198" />
    <background color="#FAFAFA" />
    <currentLine color="#AACCFF" />
    <foreground color="#111111" />
    <lineNumber color="#222222" />
    <selectionBackground color="#Efefff" />
    <selectionForeground color="#000066" />
</colorTheme>