<?xml version="1.0" encoding="utf-8"?>
<colorTheme id="1186" name="Cedros" modified="2011-04-12 08:42:34" author="Hironymous Blood">
    <searchResultIndication color="#FFDF99" />
    <filteredSearchResultIndication color="#FFDF99" />
    <occurrenceIndication color="#FFCFBB" />
    <writeOccurrenceIndication color="#FFCFBB" />
    <findScope color="#BDD8F2" />
    <deletionIndication color="#D25252" />
    <sourceHoverBackground color="#FFFFE1" />
    <singleLineComment color="#008080" italic="false" />
    <multiLineComment color="#008080" italic="false" />
    <commentTaskTag color="#FF0000" bold="true" italic="false" />
    <javadoc color="#405CC0" italic="false" />
    <javadocLink color="#4040C0" italic="false" />
    <javadocTag color="#80A4C0" bold="false" italic="false" />
    <javadocKeyword color="#8080A4" bold="true" italic="false" />
    <class color="#005032" bold="false" underline="false" strikethrough="false" />
    <interface color="#323F70" italic="true" />
    <method color="#000000" bold="false" />
    <methodDeclaration color="#000000" bold="false" />
    <bracket color="#808080" />
    <number color="#0000FF" />
    <string color="#008000" />
    <operator color="#808080" />
    <keyword color="#400080" bold="false" />
    <annotation color="#646464" />
    <staticMethod color="#C08000" />
    <localVariable color="#800040" />
    <localVariableDeclaration color="#800040" />
    <field color="#8000FF" />
    <staticField color="#C08000" italic="true" />
    <staticFinalField color="#C08000" italic="true" />
    <deprecatedMember color="#000000" bold="false" italic="false" underline="false" strikethrough="true" />
    <enum color="#644632" />
    <inheritedMethod color="#804040" />
    <abstractMethod color="#000000" />
    <parameterVariable color="#800080" />
    <typeArgument color="#644632" />
    <typeParameter color="#644632" />
    <constant color="#808000" italic="true" />
    <background color="#FFFFFF" />
    <currentLine color="#E0E0FF" />
    <foreground color="#000000" />
    <lineNumber color="#787878" />
    <selectionBackground color="#BDD8F2" />
    <selectionForeground color="#484848" />
</colorTheme>