<?xml version="1.0" encoding="utf-8"?>
<colorTheme id="1538" name="chalkdust" modified="2011-05-03 13:58:47" author="David Wilhelm">
    <searchResultIndication color="#000000" />
    <filteredSearchResultIndication color="#000000" />
    <occurrenceIndication color="#000000" />
    <writeOccurrenceIndication color="#000000" />
    <findScope color="#111111" />
    <deletionIndication color="#D25252" />
    <sourceHoverBackground color="#000000" />
    <singleLineComment color="#9933CC" italic="false" />
    <multiLineComment color="#9933CC" italic="false" />
    <commentTaskTag color="#9933CC" italic="false" />
    <javadoc color="#9933CC" italic="false" />
    <javadocLink color="#9933CC" italic="false" />
    <javadocTag color="#9933CC" italic="false" />
    <javadocKeyword color="#9933CC" italic="false" />
    <class color="#FFCC00" bold="false" underline="false" strikethrough="false" />
    <interface color="#FFCC00" />
    <method color="#FFCC00" />
    <methodDeclaration color="#DDE93D" />
    <bracket color="#D8D8D8" />
    <number color="#CCFF33" />
    <string color="#66FF00" />
    <operator color="#D8D8D8" />
    <keyword color="#FF6600" bold="false" />
    <annotation color="#FFFFFF" />
    <staticMethod color="#FFCC00" />
    <localVariable color="#FFFFFF" />
    <localVariableDeclaration color="#FFCC00" />
    <field color="#FFCC00" />
    <staticField color="#00C8FF" />
    <staticFinalField color="#00C8FF" />
    <deprecatedMember color="#D25252" underline="false" strikethrough="true" />
    <enum color="#7FB347" />
    <inheritedMethod color="#BED6FF" />
    <abstractMethod color="#BED6FF" />
    <parameterVariable color="#79ABFF" />
    <typeArgument color="#BFA4A4" />
    <typeParameter color="#BFA4A4" />
    <constant color="#EFC090" />
    <background color="#000000" />
    <currentLine color="#2A2A2A" />
    <foreground color="#FFFFFF" />
    <lineNumber color="#D0D0D0" />
    <selectionBackground color="#000000" />
    <selectionForeground color="#FFFFFF" />
</colorTheme>