<?xml version="1.0" encoding="utf-8"?>
<colorTheme id="1803" name="Charles_oblivion" modified="2011-05-21 15:14:23" author="Charles">
    <searchResultIndication color="#000000" />
    <filteredSearchResultIndication color="#000000" />
    <occurrenceIndication color="#000000" />
    <writeOccurrenceIndication color="#000000" />
    <findScope color="#111111" />
    <deletionIndication color="#D25252" bold="false" />
    <sourceHoverBackground color="#000000" />
    <singleLineComment color="#C7DD0C" bold="false" italic="false" />
    <multiLineComment color="#C7DD0C" italic="false" />
    <commentTaskTag color="#CCDF32" italic="false" />
    <javadoc color="#CCDF32" bold="false" italic="false" />
    <javadocLink color="#D9E577" bold="false" italic="false" />
    <javadocTag color="#D9E577" italic="false" />
    <javadocKeyword color="#D9E577" italic="false" />
    <class color="#FFFFFF" bold="false" underline="false" strikethrough="false" />
    <interface color="#D197D9" />
    <method color="#FFFFFF" bold="false" />
    <methodDeclaration color="#BED6FF" bold="false" />
    <bracket color="#D8D8D8" bold="false" />
    <number color="#7FB347" bold="true" />
    <string color="#FFC600" bold="false" />
    <operator color="#D8D8D8" bold="false" />
    <keyword color="#EC691E" bold="true" />
    <annotation color="#FFFFFF" />
    <staticMethod color="#BED6FF" />
    <localVariable color="#79ABFF" bold="false" />
    <localVariableDeclaration color="#BED6FF" />
    <field color="#BED6FF" />
    <staticField color="#EFC090" bold="false" />
    <staticFinalField color="#EFC090" bold="false" />
    <deprecatedMember color="#D25252" bold="false" underline="false" strikethrough="true" />
    <enum color="#7FB347" />
    <inheritedMethod color="#BED6FF" />
    <abstractMethod color="#BED6FF" />
    <parameterVariable color="#79ABFF" />
    <typeArgument color="#BFA4A4" bold="false" />
    <typeParameter color="#BFA4A4" bold="false" />
    <constant color="#EFC090" />
    <background color="#000000" />
    <currentLine color="#222220" />
    <foreground color="#FFFFFF" />
    <lineNumber color="#D0D0D0" />
    <selectionBackground color="#333333" />
    <selectionForeground color="#FFFFFF" />
</colorTheme>