<?xml version="1.0" encoding="utf-8"?>
<colorTheme id="998" name="Charcoal Black" modified="2011-04-12 21:21:54" author="Brian Gruber">
    <searchResultIndication color="#668B8B" />
    <filteredSearchResultIndication color="#668B8B" />
    <occurrenceIndication color="#6E6E6E" />
    <writeOccurrenceIndication color="#6E6E6E" />
    <findScope color="#111111" />
    <deletionIndication color="#D25252" />
    <sourceHoverBackground color="#000000" />
    <singleLineComment color="#ADD8E6" />
    <multiLineComment color="#C7DD0C" bold="false" />
    <commentTaskTag color="#CCDF32" bold="false" />
    <javadoc color="#87CEEB" />
    <javadocLink color="#D9E577" bold="false" />
    <javadocTag color="#98FB98" bold="false" />
    <javadocKeyword color="#98FB98" bold="false" />
    <class color="#87CEEB" bold="true" underline="false" strikethrough="false" />
    <interface color="#87CEEB" bold="true" />
    <method color="#BEBEBE" bold="false" />
    <methodDeclaration color="#BED6FF" bold="false" />
    <bracket color="#D8D8D8" bold="false" />
    <number color="#BEBEBE" bold="false" />
    <string color="#87CEFA" bold="false" />
    <operator color="#D8D8D8" />
    <keyword color="#AFEEEE" bold="true" />
    <annotation color="#FFFFFF" bold="false" />
    <staticMethod color="#BED6FF" bold="false" />
    <localVariable color="#BEBEBE" bold="false" />
    <localVariableDeclaration color="#BEBEBE" bold="false" />
    <field color="#BED6FF" />
    <staticField color="#EFC090" />
    <staticFinalField color="#98FB98" bold="false" />
    <deprecatedMember color="#D25252" underline="false" strikethrough="true" />
    <enum color="#87CEEB" bold="true" />
    <inheritedMethod color="#BED6FF" />
    <abstractMethod color="#BED6FF" />
    <parameterVariable color="#BEBEBE" bold="false" />
    <typeArgument color="#BFA4A4" bold="false" />
    <typeParameter color="#BFA4A4" bold="false" />
    <constant color="#EFC090" />
    <background color="#262626" />
    <currentLine color="#363636" />
    <foreground color="#BEBEBE" />
    <lineNumber color="#BEBEBE" />
    <selectionBackground color="#483D8B" />
    <selectionForeground color="#BEBEBE" />
</colorTheme>