<?xml version="1.0" encoding="utf-8"?>
<colorTheme id="881" name="Charcoal Rainbow" modified="2011-03-25 14:35:18" author="Erwan Richard">
    <searchResultIndication color="#333333" />
    <filteredSearchResultIndication color="#333333" />
    <occurrenceIndication color="#333333" />
    <writeOccurrenceIndication color="#333333" />
    <findScope color="#BCADff" />
    <deletionIndication color="#aaccff" />
    <sourceHoverBackground color="#333333" />
    <singleLineComment color="#666666" italic="true" />
    <multiLineComment color="#666666" italic="true" />
    <commentTaskTag color="#666666" italic="true" />
    <javadoc color="#666666" italic="true" />
    <javadocLink color="#666666" italic="true" />
    <javadocTag color="#666666" italic="true" />
    <javadocKeyword color="#666666" italic="true" />
    <class color="#FFFFFF" italic="false" />
    <interface color="#FFFFFF" />
    <method color="#CDE1F7" />
    <methodDeclaration color="#CDE1F7" />
    <bracket color="#FF9900" />
    <number color="#74FFFF" />
    <string color="#FFCC66" />
    <operator color="#FF9900" />
    <keyword color="#E2FEA9" />
    <annotation color="#AAAAFF" />
    <staticMethod color="#70ADF1" />
    <localVariable color="#70ADF1" />
    <localVariableDeclaration color="#70ADF1" />
    <field color="#70ADF1" />
    <staticField color="#70ADF1" />
    <staticFinalField color="#70ADF1" />
    <deprecatedMember color="#ab2525" />
    <enum color="#000066" />
    <inheritedMethod color="#5c8198" />
    <abstractMethod color="#5c8198" />
    <parameterVariable color="#5c8198" />
    <typeArgument color="#5c8198" />
    <typeParameter color="#5c8198" />
    <constant color="#70ADF1" bold="true" />
    <background color="#333333" />
    <currentLine color="#292929" />
    <foreground color="#FFFFFF" />
    <lineNumber color="#666666" />
    <selectionBackground color="#666666" />
    <selectionForeground color="#FFFFFF" />
</colorTheme>