<?xml version="1.0" encoding="utf-8"?>
<colorTheme id="892" name="Chicago Skyline" modified="2011-03-26 11:43:03" author="Ben_R_R" website="chicagoskyline">
    <occurrenceIndication color="#616161" />
    <sourceHoverBackground color="#FFFFFF" />
    <singleLineComment color="#2B91AF" bold="false" italic="false" underline="false" strikethrough="false" />
    <multiLineComment color="#2B91AF" />
    <commentTaskTag color="#4FA9FF" />
    <javadoc color="#4FA9AA" />
    <class color="#87CEFA" />
    <interface color="#87FAC4" />
    <method color="#87CEFA" />
    <methodDeclaration color="#CFBFAD" />
    <bracket color="#CFBFAD" />
    <number color="#FFCD8B" />
    <string color="#FFCD8B" />
    <operator color="#CFBFAD" bold="true" />
    <keyword color="#CCC800" />
    <staticMethod color="#99B9C1" bold="true" italic="false" />
    <localVariable color="#CFCFF9" />
    <localVariableDeclaration color="#CFCFF9" italic="true" />
    <field color="#99B9C1" />
    <staticField color="#99B9C1" bold="true" />
    <staticFinalField color="#559191" />
    <deprecatedMember color="" underline="false" strikethrough="true" />
    <enum color="" bold="false" underline="true" strikethrough="false" />
    <abstractMethod color="" italic="true" />
    <background color="#101030" />
    <currentLine color="#2D2D44" />
    <foreground color="#CFCFCF" />
    <lineNumber color="#2B91AF" />
    <selectionBackground color="#8B8BFF" />
    <selectionForeground color="#404070" />
</colorTheme>