<?xml version="1.0" encoding="utf-8"?>
<colorTheme id="40" name="Chill" modified="2011-01-27 13:51:21" author="João">
    <searchResultIndication color="#D8D8D8" />
    <filteredSearchResultIndication color="#D8D8D8" />
    <occurrenceIndication color="#000000" />
    <writeOccurrenceIndication color="#000000" />
    <findScope color="#000000" />
    <deletionIndication color="#de5044" />
    <sourceHoverBackground color="#000000" />
    <singleLineComment color="#6c6c6c" />
    <multiLineComment color="#6c6c6c" />
    <commentTaskTag color="#6c6c6c" />
    <javadoc color="#6c6c6c" />
    <javadocLink color="#D9E577" />
    <javadocTag color="#D9E577" />
    <javadocKeyword color="#D9E577" />
    <class color="#D25252" />
    <interface color="#D197D9" />
    <method color="#de5044" />
    <methodDeclaration color="#de5044" />
    <bracket color="#D8D8D8" />
    <number color="#6a9bb1" />
    <string color="#a0c25f" />
    <operator color="#D8D8D8" />
    <keyword color="#de5044" />
    <annotation color="#de5044" />
    <staticMethod color="#f5c176" />
    <localVariable color="#f5c176" />
    <localVariableDeclaration color="#f5c176" />
    <field color="#f5c176" />
    <staticField color="#EFC090" />
    <staticFinalField color="#EFC090" />
    <inheritedMethod color="#BED6FF" />
    <abstractMethod color="#BED6FF" />
    <parameterVariable color="#79ABFF" />
    <typeArgument color="#BFA4A4" />
    <typeParameter color="#BFA4A4" />
    <background color="#f5f5f5" />
    <currentLine color="#ababab" />
    <foreground color="#ececec" />
    <lineNumber color="#ababab" />
    <selectionBackground color="#757575" />
    <selectionForeground color="#D0D0D0" />
</colorTheme>