<?xml version="1.0" encoding="utf-8"?>
<colorTheme id="358" name="chill time" modified="2011-02-18 23:28:02" author="Jeff Van Dorn">
    <searchResultIndication color="#616161" />
    <filteredSearchResultIndication color="#616161" />
    <occurrenceIndication color="#616161" />
    <writeOccurrenceIndication color="#616161" />
    <findScope color="#E0E2E4" />
    <deletionIndication color="#E0E2E4" />
    <sourceHoverBackground color="#FFFFFF" />
    <singleLineComment color="#7D8C93" />
    <multiLineComment color="#7D8C93" />
    <commentTaskTag color="#FF8BFF" />
    <javadoc color="#7D8C93" />
    <javadocLink color="#678CB1" />
    <javadocTag color="#E0E2E4" />
    <javadocKeyword color="#A082BD" />
    <class color="#99C0F9" bold="false" underline="false" strikethrough="false" />
    <interface color="#99C0F9" />
    <method color="#99C0F9" />
    <methodDeclaration color="#E8E2B7" />
    <bracket color="#E8E2B7" />
    <number color="#F18511" />
    <string color="#C7D980" />
    <operator color="#E8E2B7" />
    <keyword color="#4DB84D" bold="false" />
    <annotation color="#A082BD" />
    <staticMethod color="#E0E2E4" />
    <localVariable color="#E0E2E4" />
    <localVariableDeclaration color="#E0E2E4" />
    <field color="#99C0F9" />
    <staticField color="#99C0F9" />
    <staticFinalField color="#E0E2E4" />
    <deprecatedMember color="#E0E2E4" underline="false" strikethrough="true" />
    <enum color="#E0E2E4" />
    <inheritedMethod color="#E0E2E4" />
    <abstractMethod color="#E0E2E4" />
    <parameterVariable color="#E0E2E4" />
    <typeArgument color="#E0E2E4" />
    <typeParameter color="#E0E2E4" />
    <constant color="#A082BD" />
    <background color="#273B50" />
    <currentLine color="#4D4E50" />
    <foreground color="#FFFFFF" />
    <lineNumber color="#81969A" />
    <selectionBackground color="#804000" />
    <selectionForeground color="#E0E2E4" />
</colorTheme>