<?xml version="1.0" encoding="utf-8"?>
<colorTheme id="1232" name="ciege" modified="2011-04-13 22:23:52" author="cj">
    <searchResultIndication color="#EFEFEF" />
    <filteredSearchResultIndication color="#EFEFEF" />
    <occurrenceIndication color="#EFEFEF" />
    <writeOccurrenceIndication color="#EFEFEF" />
    <findScope color="#BCADAD" />
    <deletionIndication color="#9b5656" />
    <sourceHoverBackground color="#EEEEEE" />
    <singleLineComment color="#828282" italic="true" />
    <multiLineComment color="#828282" italic="true" />
    <commentTaskTag color="#828282" bold="true" italic="true" underline="true" strikethrough="false" />
    <javadoc color="#828282" italic="true" />
    <javadocLink color="#828282" italic="true" />
    <javadocTag color="#828282" italic="true" />
    <javadocKeyword color="#828282" italic="true" />
    <class color="#00007B" />
    <interface color="#9b5656" />
    <method color="#00007B" />
    <methodDeclaration color="#00007B" bold="true" italic="false" />
    <bracket color="#8000FF" />
    <number color="#FF8000" />
    <string color="#808080" />
    <operator color="#8000FF" />
    <keyword color="#0000FF" />
    <annotation color="#808080" />
    <staticMethod color="#C4C4B7" />
    <localVariable color="#000080" />
    <localVariableDeclaration color="#000080" />
    <field color="#800080" />
    <staticField color="#800040" />
    <staticFinalField color="#800040" />
    <deprecatedMember color="#ab2525" />
    <enum color="#800040" />
    <inheritedMethod color="#FF00FF" />
    <abstractMethod color="#FF00FF" />
    <parameterVariable color="#0000FF" />
    <typeArgument color="#885d3b" />
    <typeParameter color="#885d3b" />
    <background color="#DDDDDD" />
    <currentLine color="#EEEEEE" />
    <foreground color="#8000FF" />
    <lineNumber color="#999999" />
    <selectionBackground color="#EEEEEE" />
    <selectionForeground color="#000000" />
</colorTheme>