<?xml version="1.0" encoding="utf-8"?>
<colorTheme id="141" name="City night" modified="2011-02-19 12:09:51" author="konart">
    <searchResultIndication color="#D8D8D8" />
    <filteredSearchResultIndication color="#D8D8D8" />
    <occurrenceIndication color="#000000" />
    <writeOccurrenceIndication color="#000000" />
    <findScope color="#000000" />
    <deletionIndication color="#D25252" />
    <sourceHoverBackground color="#000000" />
    <singleLineComment color="#555753" />
    <multiLineComment color="#555753" />
    <commentTaskTag color="#555753" />
    <javadoc color="#CCDF32" />
    <javadocLink color="#D9E577" />
    <javadocTag color="#D9E577" />
    <javadocKeyword color="#D9E577" />
    <class color="#D17373" />
    <interface color="#D197D9" />
    <method color="#F5A418" />
    <methodDeclaration color="#ADCCFF" />
    <bracket color="#D8D8D8" />
    <number color="#CCDF32" />
    <string color="#CCDF32" />
    <operator color="#D8D8D8" />
    <keyword color="#F5A418" bold="false" italic="false" underline="false" strikethrough="false" />
    <annotation color="#FFFFFF" />
    <staticMethod color="#ADCCFF" />
    <localVariable color="#C9C9C9" />
    <localVariableDeclaration color="#C9C9C9" />
    <field color="#ADCCFF" />
    <staticField color="#EFC090" />
    <staticFinalField color="#EFC090" />
    <inheritedMethod color="#ADCCFF" />
    <abstractMethod color="#ADCCFF" />
    <parameterVariable color="#ADCCFF" />
    <typeArgument color="#BFA4A4" />
    <typeParameter color="#BFA4A4" />
    <background color="#1E1E1E" />
    <currentLine color="#414240" />
    <foreground color="#FFFFFF" />
    <lineNumber color="#414240" />
    <selectionBackground color="#757575" />
    <selectionForeground color="#D0D0D0" />
</colorTheme>