<?xml version="1.0" encoding="utf-8"?>
<colorTheme id="675" name="Clarion" modified="2011-03-13 17:20:51" author="Niq">
    <searchResultIndication color="#D8D8D8" />
    <filteredSearchResultIndication color="#D8D8D8" />
    <occurrenceIndication color="#000000" />
    <writeOccurrenceIndication color="#000000" />
    <findScope color="#111111" />
    <deletionIndication color="#D25252" />
    <sourceHoverBackground color="#000000" />
    <singleLineComment color="#D0D0D0" />
    <multiLineComment color="#D0D0D0" />
    <commentTaskTag color="#C0C0C0" />
    <javadoc color="#B0B0B0" />
    <javadocLink color="#D9E577" />
    <javadocTag color="#D9E577" />
    <javadocKeyword color="#D1D000" />
    <class color="#FFF000" bold="false" italic="false" underline="false" strikethrough="false" />
    <interface color="#FF0000" />
    <method color="#FFF000" />
    <methodDeclaration color="#BED6FF" />
    <bracket color="#FFFFFF" />
    <number color="#FF00FF" />
    <string color="#00F000" />
    <operator color="#FFFFFF" />
    <keyword color="#00D0F0" bold="false" />
    <annotation color="#FFFFFF" />
    <staticMethod color="#BED6FF" />
    <localVariable color="#79ABFF" />
    <localVariableDeclaration color="#BED6FF" />
    <field color="#BED6FF" />
    <staticField color="#EFC0A0" />
    <staticFinalField color="#EFA0A0" />
    <deprecatedMember color="#D25252" underline="false" strikethrough="true" />
    <enum color="#7FB347" />
    <inheritedMethod color="#BED6FF" />
    <abstractMethod color="#BED6FF" />
    <parameterVariable color="#79ABFF" />
    <typeArgument color="#BFA4A4" />
    <typeParameter color="#BFA4A4" />
    <constant color="#EFC090" />
    <background color="#000000" />
    <currentLine color="#2A2A2A" />
    <foreground color="#D8D8D8" />
    <lineNumber color="#D0D0D0" />
    <selectionBackground color="#000000" />
    <selectionForeground color="#D0D0D0" />
</colorTheme>