<?xml version="1.0" encoding="utf-8"?>
<colorTheme id="662" name="Classic Brief" modified="2011-03-11 20:14:36" author="Jason Douglas" website="http://www.douglasconsulting.net">
    <searchResultIndication color="#D8D8D8" />
    <filteredSearchResultIndication color="#D8D8D8" />
    <occurrenceIndication color="#000000" />
    <writeOccurrenceIndication color="#000000" />
    <findScope color="#111111" />
    <deletionIndication color="#D25252" />
    <sourceHoverBackground color="#000000" />
    <singleLineComment color="#C0C0B5" />
    <multiLineComment color="#C0C0B5" />
    <commentTaskTag color="#CCDF32" />
    <javadoc color="#C0C0B5" bold="true" />
    <javadocLink color="#C0C0B5" underline="true" strikethrough="false" />
    <javadocTag color="#D9E577" />
    <javadocKeyword color="#D9E577" />
    <class color="#D25252" bold="false" underline="false" strikethrough="false" />
    <interface color="#D197D9" />
    <method color="#FFFFFF" bold="true" />
    <methodDeclaration color="#BED6FF" />
    <bracket color="#D8D8D8" />
    <number color="#7FB347" />
    <string color="#A00080" />
    <operator color="#00FF00" />
    <keyword color="#FFFFFF" bold="false" />
    <annotation color="#FFFFFF" />
    <staticMethod color="#BED6FF" />
    <localVariable color="#79ABFF" />
    <localVariableDeclaration color="#BED6FF" />
    <field color="#BED6FF" />
    <staticField color="#EFC090" />
    <staticFinalField color="#EFC090" />
    <deprecatedMember color="#D25252" underline="false" strikethrough="true" />
    <enum color="#7FB347" />
    <inheritedMethod color="#BED6FF" />
    <abstractMethod color="#BED6FF" />
    <parameterVariable color="#79ABFF" />
    <typeArgument color="#BFA4A4" />
    <typeParameter color="#BFA4A4" />
    <constant color="#EFC090" />
    <background color="#400080" />
    <currentLine color="#2A2A2A" />
    <foreground color="#FFFF00" />
    <lineNumber color="#D0D0D0" />
    <selectionBackground color="#000000" />
    <selectionForeground color="#D0D0D0" />
</colorTheme>