<?xml version="1.0" encoding="utf-8"?>
<colorTheme id="272" name="ClassicHistory" modified="2011-02-15 12:09:05" author="Sabine">
    <searchResultIndication color="#D8D8D8" />
    <filteredSearchResultIndication color="#D8D8D8" />
    <occurrenceIndication color="#000000" />
    <writeOccurrenceIndication color="#000000" />
    <findScope color="#111111" />
    <deletionIndication color="#D25252" />
    <sourceHoverBackground color="#000000" />
    <singleLineComment color="#088A85" bold="false" />
    <multiLineComment color="#088A85" />
    <commentTaskTag color="#088A85" />
    <javadoc color="#01DFD7" />
    <javadocLink color="#01DFD7" />
    <javadocTag color="#01DFD7" />
    <javadocKeyword color="#01DFD7" />
    <class color="#FFC600" bold="false" underline="false" strikethrough="false" />
    <interface color="#FFC600" />
    <method color="#FFFFFF" />
    <methodDeclaration color="#FFFFFF" />
    <bracket color="#FFFFFF" />
    <number color="#FF00FF" />
    <string color="#FF00FF" />
    <operator color="#01DF01" />
    <keyword color="#01DF01" bold="false" />
    <annotation color="#01DF01" />
    <staticMethod color="#FFFFFF" />
    <localVariable color="#F7FE2E" />
    <localVariableDeclaration color="#F7FE2E" />
    <field color="#FFFFFF" />
    <staticField color="#FFFFFF" />
    <staticFinalField color="#FFFFFF" />
    <deprecatedMember color="#D25252" underline="false" strikethrough="true" />
    <enum color="#01DF01" />
    <inheritedMethod color="#FFFFFF" />
    <abstractMethod color="#FFFFFF" />
    <parameterVariable color="#FFFFFF" />
    <typeArgument color="#FFFFFF" />
    <typeParameter color="#FFFFFF" />
    <constant color="#FF00FF" />
    <background color="#1E1E1E" />
    <currentLine color="#2A2A2A" />
    <foreground color="#D8D8D8" />
    <lineNumber color="#D0D0D0" />
    <selectionBackground color="#000000" />
    <selectionForeground color="#D0D0D0" />
</colorTheme>