<?xml version="1.0" encoding="utf-8"?>
<colorTheme id="1341" name="classic" modified="2011-04-19 06:40:55" author="VARUN">
    <searchResultIndication color="#590900" />
    <filteredSearchResultIndication color="#590900" />
    <occurrenceIndication color="#000000" />
    <writeOccurrenceIndication color="#000000" />
    <findScope color="#111111" />
    <deletionIndication color="#D209B0" bold="true" />
    <sourceHoverBackground color="#000000" />
    <singleLineComment color="#9400D3" bold="true" italic="false" />
    <multiLineComment color="#9400D3" bold="true" italic="false" />
    <commentTaskTag color="#9400D3" bold="true" italic="false" />
    <javadoc color="#9400D3" bold="true" italic="false" />
    <javadocLink color="#038185" bold="true" italic="false" />
    <javadocTag color="#038185" bold="true" italic="false" />
    <javadocKeyword color="#038185" bold="true" italic="false" />
    <class color="#B10F0A" bold="true" underline="false" strikethrough="false" />
    <interface color="#58003B" bold="true" />
    <method color="#580101" bold="true" />
    <methodDeclaration color="#031654" bold="true" />
    <bracket color="#580101" bold="true" />
    <number color="#58003B" bold="true" />
    <string color="#06A63B" bold="true" />
    <operator color="#96350B" bold="true" />
    <keyword color="#580101" bold="true" />
    <annotation color="#96350B" bold="true" />
    <staticMethod color="#031654" bold="true" />
    <localVariable color="#031654" bold="true" />
    <localVariableDeclaration color="#031654" bold="true" />
    <field color="#031654" bold="true" />
    <staticField color="#607010" bold="true" />
    <staticFinalField color="#607010" bold="true" />
    <deprecatedMember color="#D209B0" bold="true" underline="false" strikethrough="true" />
    <enum color="#0BA37A" bold="true" />
    <inheritedMethod color="#2572A4" bold="true" />
    <abstractMethod color="#2572A4" bold="true" />
    <parameterVariable color="#2572A4" bold="true" />
    <typeArgument color="#B10F0A" bold="true" />
    <typeParameter color="#B10F0A" bold="true" />
    <constant color="#B10F0A" bold="true" />
    <background color="#FFEFD5" />
    <currentLine color="#2A2A2A" />
    <foreground color="#590900" />
    <lineNumber color="#191970" />
    <selectionBackground color="#2E8B57" />
    <selectionForeground color="#FFE0C8" />
</colorTheme>