<?xml version="1.0" encoding="utf-8"?>
<colorTheme id="1563" name="Clean and dark" modified="2011-05-05 15:28:45" author="Alessandro Crugnola" website="http://blog.sephiroth.it">
    <searchResultIndication color="#000000" />
    <filteredSearchResultIndication color="#000000" />
    <occurrenceIndication color="#000000" />
    <writeOccurrenceIndication color="#000000" />
    <findScope color="#111111" />
    <deletionIndication color="#FFFFFF" />
    <sourceHoverBackground color="#000000" />
    <singleLineComment color="#7FB347" bold="false" italic="false" />
    <multiLineComment color="#7FB347" italic="false" />
    <commentTaskTag color="#7FB347" italic="false" />
    <javadoc color="#7FB347" italic="false" />
    <javadocLink color="#7FB347" italic="false" underline="true" strikethrough="false" />
    <javadocTag color="#7FB347" bold="true" italic="false" />
    <javadocKeyword color="#7FB347" italic="false" />
    <class color="#FFFFFF" bold="true" underline="false" strikethrough="false" />
    <interface color="#D197D9" bold="true" />
    <method color="#FFFFFF" bold="false" italic="false" />
    <methodDeclaration color="#FFFFFF" bold="false" underline="false" strikethrough="false" />
    <bracket color="#FFFFFF" />
    <number color="#D37350" bold="true" italic="false" />
    <string color="#EA8C8A" bold="false" italic="false" underline="false" strikethrough="false" />
    <operator color="#FFFFFF" bold="false" />
    <keyword color="#8B9DBF" bold="true" />
    <annotation color="#218EBC" bold="true" />
    <staticMethod color="#FFFFFF" bold="false" />
    <localVariable color="#FFFFFF" bold="false" italic="true" underline="false" strikethrough="false" />
    <localVariableDeclaration color="#FFFFFF" bold="false" italic="false" />
    <field color="#FFFFFF" italic="false" />
    <staticField color="#E0B970" bold="true" italic="false" />
    <staticFinalField color="#E0B970" bold="true" italic="false" underline="false" strikethrough="false" />
    <deprecatedMember color="#FFFFFF" underline="false" strikethrough="true" />
    <enum color="#5793ED" bold="true" italic="true" />
    <inheritedMethod color="#FFFFFF" bold="true" underline="true" strikethrough="false" />
    <abstractMethod color="#6D7CD6" bold="true" />
    <parameterVariable color="#FFFFFF" bold="false" />
    <typeArgument color="#FFFFFF" />
    <typeParameter color="#FFFFFF" />
    <constant color="#E0B970" bold="false" italic="false" underline="false" strikethrough="false" />
    <background color="#1E1E1E" />
    <currentLine color="#2A2A2A" />
    <foreground color="#EEEEEE" />
    <lineNumber color="#D0D0D0" />
    <selectionBackground color="#000000" />
    <selectionForeground color="#D0D0D0" />
</colorTheme>