<?xml version="1.0" encoding="utf-8"?>
<colorTheme id="1693" name="cleanX" modified="2011-06-06 10:03:40" author="freakazoid">
    <searchResultIndication color="#BC9757" />
    <filteredSearchResultIndication color="#7C6439" />
    <occurrenceIndication color="#FFD68F" />
    <writeOccurrenceIndication color="#FFD68F" />
    <findScope color="#BC9757" />
    <deletionIndication color="#9B5656" />
    <sourceHoverBackground color="#EEEEEE" />
    <singleLineComment color="#934943" bold="false" italic="true" underline="false" strikethrough="false" />
    <multiLineComment color="#934943" bold="false" italic="true" underline="false" strikethrough="false" />
    <commentTaskTag color="#C9655D" bold="false" italic="false" underline="true" strikethrough="false" />
    <javadoc color="#C98A85" bold="false" italic="true" />
    <javadocLink color="#7D615F" bold="false" italic="true" underline="false" strikethrough="false" />
    <javadocTag color="#7D615F" bold="false" italic="true" />
    <javadocKeyword color="#7D615F" bold="false" italic="true" underline="false" strikethrough="false" />
    <class color="#4A5E70" bold="false" italic="false" />
    <interface color="#27313B" italic="true" />
    <method color="#315C87" bold="false" italic="false" />
    <methodDeclaration color="#E0A43E" bold="false" italic="false" />
    <bracket color="#485B6D" bold="false" />
    <number color="#AF0F91" bold="false" />
    <string color="#3D6333" bold="false" italic="true" underline="false" strikethrough="false" />
    <operator color="#000000" bold="false" italic="false" />
    <keyword color="#7C9EBC" bold="false" italic="true" underline="false" strikethrough="false" />
    <annotation color="#7AB06B" bold="false" />
    <staticMethod color="#89424D" bold="false" italic="true" />
    <localVariable color="#3F8EE0" bold="false" italic="false" underline="false" strikethrough="false" />
    <localVariableDeclaration color="#3F8EE0" bold="false" />
    <field color="#6083A6" bold="true" />
    <staticField color="#49BFBF" bold="false" italic="true" />
    <staticFinalField color="#49BFBF" italic="true" />
    <deprecatedMember color="#AB2525" bold="false" />
    <enum color="#49BFBF" bold="false" italic="true" />
    <inheritedMethod color="#59B592" italic="true" />
    <abstractMethod color="#59B592" italic="true" />
    <parameterVariable color="#2D65A1" bold="false" />
    <typeArgument color="#885D3B" />
    <typeParameter color="#885D3B" />
    <constant color="#0A0B0C" />
    <background color="#FFFFFF" />
    <currentLine color="#E0E0FF" />
    <foreground color="#585858" />
    <lineNumber color="#AFBFCF" />
    <selectionBackground color="#BDD8F2" />
    <selectionForeground color="#484848" />
</colorTheme>