<?xml version="1.0" encoding="utf-8"?>
<colorTheme id="1819" name="Cleaner" modified="2011-05-23 08:29:57" author="13ankster">
    <searchResultIndication color="#000000" />
    <filteredSearchResultIndication color="#000000" />
    <occurrenceIndication color="#000000" />
    <writeOccurrenceIndication color="#000000" />
    <findScope color="#111111" />
    <deletionIndication color="#D25252" />
    <sourceHoverBackground color="#000000" />
    <singleLineComment color="#A5A5A5" italic="false" />
    <multiLineComment color="#A5A5A5" italic="false" />
    <commentTaskTag color="#FF8000" italic="false" />
    <javadoc color="#FF8000" italic="false" underline="false" strikethrough="false" />
    <javadocLink color="#FF8000" bold="true" italic="false" underline="false" strikethrough="false" />
    <javadocTag color="#FF8000" italic="false" underline="false" strikethrough="false" />
    <javadocKeyword color="#FF8000" bold="false" italic="false" />
    <class color="#FF0080" bold="false" underline="false" strikethrough="false" />
    <interface color="#CF3080" />
    <method color="#008000" />
    <methodDeclaration color="#008000" underline="false" strikethrough="false" />
    <bracket color="#000000" />
    <number color="#0000BB" bold="false" />
    <string color="#DD0000" />
    <operator color="#000000" />
    <keyword color="#0000BB" bold="false" underline="false" strikethrough="false" />
    <annotation color="#FFFFFF" underline="false" strikethrough="true" />
    <staticMethod color="#BED6FF" />
    <localVariable color="#FF6600" italic="false" underline="false" strikethrough="false" />
    <localVariableDeclaration color="#FF6600" underline="false" strikethrough="false" />
    <field color="#805A00" bold="false" underline="false" strikethrough="false" />
    <staticField color="#8000FF" bold="true" />
    <staticFinalField color="#8000FF" bold="true" />
    <deprecatedMember color="#D25252" underline="false" strikethrough="false" />
    <enum color="#8000FF" />
    <inheritedMethod color="#804000" />
    <abstractMethod color="#804000" />
    <parameterVariable color="#FF6600" />
    <typeArgument color="#FF6600" bold="false" />
    <typeParameter color="#FF6600" bold="false" italic="false" />
    <constant color="#8000FF" />
    <background color="#FFFFFF" />
    <currentLine color="#DDDDDD" />
    <foreground color="#000000" />
    <lineNumber color="#999999" />
    <selectionBackground color="#4899EA" />
    <selectionForeground color="#D0D0D0" />
</colorTheme>