<?xml version="1.0" encoding="utf-8"?>
<colorTheme id="981" name="cleartype" modified="2011-04-01 11:10:57" author="Hardie Boeve">
    <searchResultIndication color="#D8D8D8" />
    <filteredSearchResultIndication color="#D8D8D8" />
    <occurrenceIndication color="#000000" />
    <writeOccurrenceIndication color="#000000" />
    <sourceHoverBackground color="#D8D8D8" />
    <singleLineComment color="#FF9900" />
    <multiLineComment color="#FF9900" />
    <commentTaskTag color="#FF3300" />
    <javadoc color="#FF3300" />
    <javadocLink color="#990099" />
    <javadocTag color="#990099" />
    <javadocKeyword color="#990099" />
    <class color="#006600" />
    <interface color="#006600" />
    <method color="#000099" />
    <methodDeclaration color="#000099" />
    <bracket color="#000099" />
    <number color="#FF3300" />
    <string color="#FF3300" />
    <operator color="#0000FF" />
    <keyword color="#0000FF" />
    <annotation color="#990000" />
    <staticMethod color="#990000" />
    <localVariable color="#0066FF" />
    <localVariableDeclaration color="#000099" />
    <field color="#000099" />
    <staticField color="#552200" />
    <staticFinalField color="#552200" />
    <deprecatedMember color="#D8D8D8" />
    <enum color="#FF0000" />
    <inheritedMethod color="#000099" />
    <abstractMethod color="#000099" />
    <parameterVariable color="#0000FF" />
    <typeArgument color="#0000FF" />
    <typeParameter color="#006600" />
    <constant color="#552200" />
    <background color="#FFFFFF" />
    <currentLine color="#D8D8D8" />
    <foreground color="#000000" />
    <lineNumber color="#000099" />
    <selectionBackground color="#0000FF" />
    <selectionForeground color="#FFFFFF" />
</colorTheme>