<?xml version="1.0" encoding="utf-8"?>
<colorTheme id="597" name="Cobalt 2" modified="2011-03-08 19:26:21" author="flienteen" website="flienteen.com">
    <searchResultIndication color="#D8D8D8" />
    <filteredSearchResultIndication color="#D8D8D8" />
    <occurrenceIndication color="#425768" />
    <writeOccurrenceIndication color="#171A1C" />
    <findScope color="#FF0000" />
    <deletionIndication color="#D25252" underline="true" strikethrough="false" />
    <sourceHoverBackground color="#FF0000" />
    <singleLineComment color="#007CE8" bold="false" italic="true" />
    <multiLineComment color="#007CE8" bold="false" italic="true" />
    <commentTaskTag color="#007CE8" bold="false" italic="false" underline="false" strikethrough="true" />
    <javadoc color="#007CE8" bold="false" italic="true" underline="false" strikethrough="false" />
    <javadocLink color="#85ABE2" bold="false" italic="false" underline="false" strikethrough="false" />
    <javadocTag color="#D25252" bold="false" underline="false" strikethrough="false" />
    <javadocKeyword color="#85ABE2" />
    <class color="#FFEE80" bold="true" underline="false" strikethrough="false" />
    <interface color="#D197D9" />
    <method color="#9EFF80" bold="false" />
    <methodDeclaration color="#BED6FF" bold="false" underline="false" strikethrough="true" />
    <bracket color="#D8D8D8" underline="false" strikethrough="true" />
    <number color="#FF80E1" bold="false" underline="false" strikethrough="false" />
    <string color="#3AD900" />
    <operator color="#D8D8D8" />
    <keyword color="#FF9D00" bold="true" italic="false" underline="false" strikethrough="false" />
    <annotation color="#FFEE80" bold="false" underline="true" strikethrough="false" />
    <staticMethod color="#9EFFFF" bold="false" underline="false" strikethrough="false" />
    <localVariable color="#9EFFFF" bold="false" underline="false" strikethrough="false" />
    <localVariableDeclaration color="#9EFFFF" underline="false" strikethrough="false" />
    <field color="#9EFFFF" underline="false" strikethrough="false" />
    <staticField color="#EFC090" bold="true" italic="false" />
    <staticFinalField color="#EFC090" />
    <deprecatedMember color="#D25252" underline="false" strikethrough="true" />
    <enum color="#7FB347" underline="false" strikethrough="false" />
    <inheritedMethod color="#BED6FF" underline="false" strikethrough="false" />
    <abstractMethod color="#BED6FF" underline="true" strikethrough="false" />
    <parameterVariable color="#D25252" bold="false" underline="false" strikethrough="false" />
    <typeArgument color="#BFA4A4" underline="false" strikethrough="true" />
    <typeParameter color="#BFA4A4" underline="true" strikethrough="false" />
    <constant color="#EFC090" underline="false" strikethrough="true" />
    <background color="#002240" />
    <currentLine color="#03447C" />
    <foreground color="#FFFFFF" />
    <lineNumber color="#D0D0D0" />
    <selectionBackground color="#093960" />
    <selectionForeground color="#7FB347" />
</colorTheme>