<?xml version="1.0" encoding="utf-8"?>
<colorTheme id="275" name="Cod" modified="2011-02-15 15:33:43" author="Chris Schomaker">
    <searchResultIndication color="#D8D8D8" />
    <filteredSearchResultIndication color="#D8D8D8" />
    <occurrenceIndication color="#000000" />
    <writeOccurrenceIndication color="#000000" />
    <findScope color="#111111" />
    <deletionIndication color="#D25252" />
    <sourceHoverBackground color="#000000" />
    <singleLineComment color="#666666" />
    <multiLineComment color="#666666" />
    <commentTaskTag color="#CCDF32" />
    <javadoc color="#CCDF32" />
    <javadocLink color="#D9E577" />
    <javadocTag color="#D9E577" />
    <javadocKeyword color="#D9E577" />
    <class color="#EB7962" bold="false" underline="false" strikethrough="false" />
    <interface color="#D197D9" />
    <method color="#85FFDF" />
    <methodDeclaration color="#BED6FF" />
    <bracket color="#D8D8D8" />
    <number color="#7FB347" />
    <string color="#9ACA7E" />
    <operator color="#D8D8D8" />
    <keyword color="#66C8EF" bold="false" />
    <annotation color="#FFFFFF" />
    <staticMethod color="#BED6FF" />
    <localVariable color="#79ABFF" />
    <localVariableDeclaration color="#BED6FF" />
    <field color="#BED6FF" />
    <staticField color="#EFC090" />
    <staticFinalField color="#EFC090" />
    <deprecatedMember color="#D25252" underline="false" strikethrough="true" />
    <enum color="#7FB347" />
    <inheritedMethod color="#BED6FF" />
    <abstractMethod color="#BED6FF" />
    <parameterVariable color="#79ABFF" />
    <typeArgument color="#BFA4A4" />
    <typeParameter color="#BFA4A4" />
    <constant color="#EFC090" />
    <background color="#222222" />
    <currentLine color="#2A2A2A" />
    <foreground color="#EEEEEE" />
    <lineNumber color="#D0D0D0" />
    <selectionBackground color="#2F3F52" />
    <selectionForeground color="#D0D0D0" />
</colorTheme>