<?xml version="1.0" encoding="utf-8"?>
<colorTheme id="264" name="codable2" modified="2011-02-15 01:58:15" author="myect">
    <searchResultIndication color="#464467" />
    <filteredSearchResultIndication color="#3F3F6A" />
    <occurrenceIndication color="#616161" />
    <writeOccurrenceIndication color="#948567" />
    <findScope color="#BCADAD" />
    <deletionIndication color="" bold="false" />
    <sourceHoverBackground color="#A19879" />
    <singleLineComment color="#7F9F7F" bold="false" />
    <multiLineComment color="#73879B" bold="false" />
    <commentTaskTag color="#ACC1AC" bold="false" />
    <javadoc color="#B3B5AF" bold="false" />
    <javadocLink color="#A893CC" bold="false" />
    <javadocTag color="#9393CC" bold="false" />
    <javadocKeyword color="#CC9393" bold="false" />
    <class color="#CAE682" bold="false" />
    <interface color="#CAE682" bold="false" />
    <method color="#DFBE95" bold="true" />
    <methodDeclaration color="#DFBE95" bold="false" />
    <bracket color="#8DCBE2" bold="false" />
    <number color="#EAB882" bold="false" />
    <string color="#CC9393" bold="false" />
    <operator color="#8DCBE2" bold="false" />
    <keyword color="#8DCBE2" bold="false" />
    <annotation color="#808080" bold="false" />
    <staticMethod color="#C4C4B7" bold="true" />
    <localVariable color="#D4C4A9" bold="false" />
    <localVariableDeclaration color="#D4C4A9" bold="false" />
    <field color="#B3B784" bold="false" />
    <staticField color="#93A2CC" bold="false" />
    <staticFinalField color="#53DCCD" bold="false" />
    <deprecatedMember color="#FFFFFF" bold="false" />
    <enum color="" bold="false" />
    <inheritedMethod color="" bold="false" />
    <abstractMethod color="" bold="false" />
    <parameterVariable color="" bold="false" />
    <typeArgument color="" bold="false" />
    <typeParameter color="" bold="false" />
    <constant color="" bold="false" />
    <background color="#000000" />
    <currentLine color="#505050" />
    <foreground color="#FFFFFF" />
    <lineNumber color="#C0C0C0" />
    <selectionBackground color="#364656" />
    <selectionForeground color="#FFFFFF" />
</colorTheme>