<?xml version="1.0" encoding="utf-8"?>
<colorTheme id="189" name="Codding Horror" modified="2011-02-08 18:41:31" author="Grzegorz Szpetkowski">
    <searchResultIndication color="#EFEFEF" />
    <filteredSearchResultIndication color="#EFEFEF" />
    <occurrenceIndication color="#EFEFEF" />
    <writeOccurrenceIndication color="#EFEFEF" />
    <findScope color="#BCADAD" />
    <deletionIndication color="#9B5656" />
    <sourceHoverBackground color="#EEEEEE" />
    <singleLineComment color="#008000" />
    <multiLineComment color="#008000" />
    <commentTaskTag color="#008000" />
    <javadoc color="#008000" />
    <javadocLink color="#008000" />
    <javadocTag color="#004F27" />
    <javadocKeyword color="#008000" />
    <class color="#A65300" />
    <interface color="#18AADE" />
    <method color="#444444" />
    <methodDeclaration color="#222222" />
    <bracket color="#444444" />
    <number color="#801F91" />
    <string color="#000000" />
    <operator color="#000000" />
    <keyword color="#000080" />
    <annotation color="#8000FF" />
    <staticMethod color="#444444" />
    <localVariable color="#800000" />
    <localVariableDeclaration color="#800000" />
    <field color="#000000" />
    <staticField color="#800000" />
    <staticFinalField color="#800000" />
    <inheritedMethod color="#2C577C" />
    <abstractMethod color="#2C577C" />
    <parameterVariable color="#5C8198" />
    <typeArgument color="#885D3B" />
    <typeParameter color="#885D3B" />
    <background color="#F8F8F8" />
    <currentLine color="#DFFFB0" />
    <foreground color="#000000" />
    <lineNumber color="#808080" />
    <selectionBackground color="#CEFF84" />
    <selectionForeground color="#000000" />
</colorTheme>