<?xml version="1.0" encoding="utf-8"?>
<colorTheme id="686" name="Codding Horror Revised" modified="2011-03-14 10:21:49" author="Martin Brand">
    <searchResultIndication color="#CECCF7" />
    <filteredSearchResultIndication color="#CECCF7" />
    <occurrenceIndication color="#CCFF88" />
    <writeOccurrenceIndication color="#AAFF88" />
    <findScope color="#444444" />
    <deletionIndication color="#9b5656" underline="false" strikethrough="true" />
    <sourceHoverBackground color="#222222" />
    <singleLineComment color="#008000" />
    <multiLineComment color="#008000" />
    <commentTaskTag color="#008000" />
    <javadoc color="#008000" />
    <javadocLink color="#008000" />
    <javadocTag color="#004F27" />
    <javadocKeyword color="#008000" />
    <class color="#A65300" />
    <interface color="#18AADE" />
    <method color="#444444" />
    <methodDeclaration color="#222222" />
    <bracket color="#444444" />
    <number color="#801F91" />
    <string color="#000000" underline="false" strikethrough="false" />
    <operator color="#8000FF" />
    <keyword color="#000080" />
    <annotation color="#8000FF" />
    <staticMethod color="#444444" />
    <localVariable color="#800000" />
    <localVariableDeclaration color="#800000" />
    <field color="#2222CC" />
    <staticField color="#800000" />
    <staticFinalField color="#800000" />
    <deprecatedMember color="#AB2525" underline="false" strikethrough="true" />
    <enum color="#800040" />
    <inheritedMethod color="#2C577C" />
    <abstractMethod color="#2C577C" />
    <parameterVariable color="#5C8198" />
    <typeArgument color="#885D3B" />
    <typeParameter color="#885D3B" />
    <constant color="#AB2525" />
    <background color="#F8F8F8" />
    <currentLine color="#E9FFCA" />
    <foreground color="#000000" />
    <lineNumber color="#808080" />
    <selectionBackground color="#FFFFBB" />
    <selectionForeground color="#000000" />
</colorTheme>