<?xml version="1.0" encoding="utf-8"?>
<colorTheme id="1705" name="Code In A Candy Shop" modified="2011-05-17 13:26:12" author="JB">
    <searchResultIndication color="#000000" />
    <filteredSearchResultIndication color="#000000" />
    <occurrenceIndication color="#000000" />
    <writeOccurrenceIndication color="#000000" />
    <findScope color="#111111" />
    <deletionIndication color="#CC0000" />
    <sourceHoverBackground color="#000000" />
    <singleLineComment color="#33FF00" italic="false" />
    <multiLineComment color="#33FF00" italic="false" />
    <commentTaskTag color="#33FF00" bold="true" italic="false" />
    <javadoc color="#33FF00" italic="false" />
    <javadocLink color="#006600" bold="false" italic="false" />
    <javadocTag color="#006600" bold="false" italic="false" />
    <javadocKeyword color="#006600" bold="false" italic="false" />
    <class color="#9933FF" bold="false" underline="false" strikethrough="false" />
    <interface color="#FFCC66" />
    <method color="#FFFF00" bold="false" />
    <methodDeclaration color="#FFFFFF" bold="true" />
    <bracket color="#CCCCCC" />
    <number color="#00FFFF" />
    <string color="#00FFFF" />
    <operator color="#D8D8D8" />
    <keyword color="#FFFFFF" bold="false" />
    <annotation color="#FF00FF" />
    <staticMethod color="#BED6FF" />
    <localVariable color="#79ABFF" />
    <localVariableDeclaration color="#FF6600" />
    <field color="#BED6FF" />
    <staticField color="#FFCC66" />
    <staticFinalField color="#FFCC66" />
    <deprecatedMember color="#FF0000" bold="false" underline="false" strikethrough="true" />
    <enum color="#00CC66" />
    <inheritedMethod color="#BED6FF" />
    <abstractMethod color="#BED6FF" />
    <parameterVariable color="#0066CC" />
    <typeArgument color="#FF9966" />
    <typeParameter color="#FF9966" />
    <constant color="#FFFFFF" />
    <background color="#111111" />
    <currentLine color="#2A2A2A" />
    <foreground color="#D8D8D8" />
    <lineNumber color="#D0D0D0" />
    <selectionBackground color="#0000FF" />
    <selectionForeground color="#FFFFFF" />
</colorTheme>