<?xml version="1.0" encoding="utf-8"?>
<colorTheme id="1091" name="Codesessions-dark" modified="2011-04-07 10:46:34" author="Vladimir Cetkovic" website="www.codesessions.com">
    <searchResultIndication color="#D8D8D8" />
    <filteredSearchResultIndication color="#D8D8D8" />
    <occurrenceIndication color="#111111" />
    <writeOccurrenceIndication color="#111111" />
    <findScope color="#111111" />
    <deletionIndication color="#D8D8D8" />
    <sourceHoverBackground color="#D8D8D8" />
    <singleLineComment color="#D8D8D8" italic="false" />
    <multiLineComment color="#D8D8D8" italic="false" />
    <commentTaskTag color="#D8D8D8" italic="false" />
    <javadoc color="#D8D8D8" italic="false" />
    <javadocLink color="#C657C9" italic="false" />
    <javadocTag color="#C657C9" italic="false" />
    <javadocKeyword color="#C657C9" italic="false" />
    <class color="#D8D8D8" bold="false" italic="false" underline="false" strikethrough="false" />
    <interface color="#D8D8D8" italic="false" />
    <method color="#D8D8D8" />
    <methodDeclaration color="#D8D8D8" />
    <bracket color="#D8D8D8" />
    <number color="#D8D8D8" />
    <string color="#C657C9" />
    <operator color="#D8D8D8" />
    <keyword color="#C657C9" bold="false" />
    <annotation color="#D8D8D8" />
    <staticMethod color="#D8D8D8" italic="false" />
    <localVariable color="#D8D8D8" />
    <localVariableDeclaration color="#D8D8D8" />
    <field color="#5AC957" bold="false" />
    <staticField color="#D8D8D8" italic="true" />
    <staticFinalField color="#D8D8D8" italic="true" />
    <deprecatedMember color="#D8D8D8" underline="false" strikethrough="true" />
    <enum color="#D8D8D8" bold="false" italic="true" />
    <inheritedMethod color="#D8D8D8" />
    <abstractMethod color="#D8D8D8" />
    <parameterVariable color="#D8D8D8" />
    <typeArgument color="#D8D8D8" />
    <typeParameter color="#D8D8D8" />
    <constant color="#D8D8D8" italic="false" />
    <background color="#2A2A2A" />
    <currentLine color="#2A2A2A" />
    <foreground color="#D8D8D8" />
    <lineNumber color="#D0D0D0" />
    <selectionBackground color="#D8D8D8" />
    <selectionForeground color="#2A2A2A" />
</colorTheme>