<?xml version="1.0" encoding="utf-8"?>
<colorTheme id="1438" name="Colorite" modified="2011-04-26 21:24:39" author="Ahmad Farihan Bin Azman" website="http://ahmadfarihan.my">
    <searchResultIndication color="#D8D8D8" />
    <filteredSearchResultIndication color="#D8D8D8" />
    <occurrenceIndication color="#1E1E1E" />
    <writeOccurrenceIndication color="#1E1E1E" />
    <findScope color="#111111" />
    <deletionIndication color="#D25252" />
    <sourceHoverBackground color="#000000" />
    <singleLineComment color="#C7DD0C" italic="false" />
    <multiLineComment color="#C7DD0C" italic="false" />
    <commentTaskTag color="#CCDF32" italic="false" />
    <javadoc color="#CCDF32" italic="false" />
    <javadocLink color="#D9E577" italic="false" />
    <javadocTag color="#D9E577" italic="false" />
    <javadocKeyword color="#D9E577" italic="false" />
    <class color="#D25252" bold="false" underline="false" strikethrough="false" />
    <interface color="#D197D9" />
    <method color="#06C806" bold="false" />
    <methodDeclaration color="#06C806" />
    <bracket color="#D25252" />
    <number color="#00FF00" />
    <string color="#FFC600" />
    <operator color="#D8D8D8" />
    <keyword color="#059F05" bold="false" />
    <annotation color="#FFFFFF" />
    <staticMethod color="#BED6FF" />
    <localVariable color="#CE4906" />
    <localVariableDeclaration color="#FF5500" />
    <field color="#BED6FF" />
    <staticField color="#EFC090" />
    <staticFinalField color="#EFC090" />
    <deprecatedMember color="#D25252" underline="false" strikethrough="true" />
    <enum color="#7FB347" />
    <inheritedMethod color="#BED6FF" />
    <abstractMethod color="#BED6FF" />
    <parameterVariable color="#79ABFF" bold="false" />
    <typeArgument color="#BFA4A4" />
    <typeParameter color="#BFA4A4" />
    <constant color="#EFC090" />
    <background color="#1E1E1E" />
    <currentLine color="#222222" />
    <foreground color="#D8D8D8" />
    <lineNumber color="#D0D0D0" />
    <selectionBackground color="#5E5E5E" />
    <selectionForeground color="#D0D0D0" />
</colorTheme>