<?xml version="1.0" encoding="utf-8"?>
<colorTheme id="1965" name="Colorificz" modified="2011-06-01 05:23:17" author="Andrius">
    <searchResultIndication color="#FFCC99" />
    <filteredSearchResultIndication color="#FFCC99" />
    <occurrenceIndication color="#FFCCCC" />
    <writeOccurrenceIndication color="#FFCCCC" />
    <findScope color="#99CCFF" />
    <deletionIndication color="#9B5656" bold="false" italic="false" />
    <sourceHoverBackground color="#EEEEEE" />
    <singleLineComment color="#666633" bold="false" italic="true" underline="false" strikethrough="false" />
    <multiLineComment color="#666633" bold="false" italic="true" underline="false" strikethrough="false" />
    <commentTaskTag color="#336699" bold="false" italic="false" underline="true" strikethrough="false" />
    <javadoc color="#666600" bold="false" italic="true" />
    <javadocLink color="#336699" bold="false" italic="true" />
    <javadocTag color="#666699" bold="true" italic="true" />
    <javadocKeyword color="#669966" bold="false" underline="false" strikethrough="false" />
    <class color="#000000" bold="false" italic="false" underline="false" strikethrough="false" />
    <interface color="#000000" />
    <method color="#333333" bold="false" />
    <methodDeclaration color="#333333" bold="false" />
    <bracket color="#CC6666" bold="false" />
    <number color="#006666" bold="false" italic="true" underline="false" strikethrough="false" />
    <string color="#660066" bold="false" italic="true" underline="false" strikethrough="false" />
    <operator color="#666666" bold="false" />
    <keyword color="#003300" bold="true" italic="false" underline="false" strikethrough="false" />
    <annotation color="#666666" bold="false" />
    <staticMethod color="#333333" bold="false" />
    <localVariable color="#000066" bold="false" italic="false" underline="false" strikethrough="false" />
    <localVariableDeclaration color="#000066" bold="false" />
    <field color="#336699" bold="false" italic="false" />
    <staticField color="#003399" bold="false" italic="false" />
    <staticFinalField color="#003399" bold="true" />
    <deprecatedMember color="#993333" bold="false" underline="false" strikethrough="true" />
    <enum color="#996633" bold="false" />
    <inheritedMethod color="#333366" bold="false" />
    <abstractMethod color="#333366" bold="false" />
    <parameterVariable color="#006600" bold="false" italic="false" />
    <typeArgument color="#996633" bold="false" />
    <typeParameter color="#996633" bold="false" />
    <constant color="#000033" bold="true" italic="false" />
    <background color="#EEEEEE" />
    <currentLine color="#CCCCFF" />
    <foreground color="#666666" />
    <lineNumber color="#999999" />
    <selectionBackground color="#CCCCCC" />
    <selectionForeground color="#333333" />
</colorTheme>