<?xml version="1.0" encoding="utf-8"?>
<colorTheme id="428" name="Comfortable Blue" modified="2011-02-23 17:30:18" author="Tomek Augustyn" website="http://play.blog2t.net">
    <searchResultIndication color="#006080" />
    <filteredSearchResultIndication color="#606080" />
    <occurrenceIndication color="#000000" />
    <writeOccurrenceIndication color="#000000" />
    <findScope color="#FFFFFF" />
    <deletionIndication color="#FFFFFF" />
    <sourceHoverBackground color="#FFFFFF" />
    <singleLineComment color="#13615B" />
    <multiLineComment color="#9B9B9B" />
    <commentTaskTag color="#00FF00" />
    <javadoc color="#9B9B9B" />
    <javadocLink color="#D9E577" />
    <javadocTag color="#D9E577" />
    <javadocKeyword color="#D9E577" />
    <class color="#FF8080" />
    <interface color="#D197D9" />
    <method color="#D0D0D0" />
    <methodDeclaration color="#BED6FF" />
    <bracket color="#D0D0D0" />
    <number color="#FFFF00" />
    <string color="#00C1E4" />
    <operator color="#D0D0D0" />
    <keyword color="#FBC449" />
    <annotation color="#FFFFFF" />
    <staticMethod color="#BED6FF" />
    <localVariable color="#79ABFF" />
    <localVariableDeclaration color="#BED6FF" />
    <field color="#BED6FF" />
    <staticField color="#EFC090" />
    <staticFinalField color="#EFC090" />
    <deprecatedMember color="#FFFFFF" />
    <enum color="#FFFFFF" />
    <inheritedMethod color="#BED6FF" />
    <abstractMethod color="#BED6FF" />
    <parameterVariable color="#79ABFF" />
    <typeArgument color="#BFA4A4" />
    <typeParameter color="#BFA4A4" />
    <constant color="#FCB439" />
    <background color="#0C1021" />
    <currentLine color="#202030" />
    <foreground color="#FFFFFF" />
    <lineNumber color="#2B91AF" />
    <selectionBackground color="#0000FF" />
    <selectionForeground color="#FFFFFF" />
</colorTheme>