<?xml version="1.0" encoding="utf-8"?>
<colorTheme id="1995" name="Commodore 64 " modified="2011-06-03 04:43:42" author="Joe Cincotta" website="http://www.pixolut.com">
    <searchResultIndication color="#EFEFEF" />
    <filteredSearchResultIndication color="#EFEFEF" />
    <occurrenceIndication color="#EFEFEF" />
    <writeOccurrenceIndication color="#EFEFEF" />
    <findScope color="#BCADAD" />
    <deletionIndication color="#5090FF" />
    <sourceHoverBackground color="#EEEEEE" />
    <singleLineComment color="#5090FF" />
    <multiLineComment color="#5090FF" />
    <commentTaskTag color="#008000" />
    <javadoc color="#FFFFFF" />
    <javadocLink color="#FFFFFF" />
    <javadocTag color="#FFFFFF" />
    <javadocKeyword color="#5090FF" />
    <class color="#5090FF" />
    <interface color="#5090FF" />
    <method color="#5090FF" />
    <methodDeclaration color="#5090FF" />
    <bracket color="#5090FF" />
    <number color="#5090FF" />
    <string color="#5090FF" />
    <operator color="#5090FF" />
    <keyword color="#5090FF" />
    <annotation color="#5090FF" />
    <staticMethod color="#5090FF" />
    <localVariable color="#5090FF" />
    <localVariableDeclaration color="#5090FF" />
    <field color="#5090FF" />
    <staticField color="#5090FF" />
    <staticFinalField color="#5090FF" />
    <deprecatedMember color="#5090FF" />
    <enum color="#5090FF" />
    <inheritedMethod color="#FFFFFF" />
    <abstractMethod color="#FFFFFF" />
    <parameterVariable color="#5090FF" />
    <typeArgument color="#885d3b" />
    <typeParameter color="#885d3b" />
    <constant color="#FFFFFF" />
    <background color="#0040FF" />
    <currentLine color="#0040FF" />
    <foreground color="#5090FF" />
    <lineNumber color="#999999" />
    <selectionBackground color="#5090FF" />
    <selectionForeground color="#0040FF" />
</colorTheme>