<?xml version="1.0" encoding="utf-8"?>
<colorTheme id="696" name="Composeful" modified="2011-03-15 15:37:31" author="Julen">
    <searchResultIndication color="#D8D8D8" />
    <filteredSearchResultIndication color="#D8D8D8" />
    <occurrenceIndication color="#000000" />
    <writeOccurrenceIndication color="#000000" />
    <findScope color="#111111" />
    <deletionIndication color="#D25252" />
    <sourceHoverBackground color="#000000" />
    <singleLineComment color="#999999" />
    <multiLineComment color="#999999" />
    <commentTaskTag color="#7F9FBF" />
    <javadoc color="#999999" />
    <javadocLink color="#999999" />
    <javadocTag color="#999999" italic="true" />
    <javadocKeyword color="#999999" italic="true" />
    <class color="#B4C9B8" bold="false" underline="false" strikethrough="false" />
    <interface color="#C5D6C8" />
    <method color="#17D6EC" />
    <methodDeclaration color="#BED6FF" />
    <bracket color="#FFFFFF" />
    <number color="#BD84FD" />
    <string color="#B89AF5" />
    <operator color="#FFFFFF" />
    <keyword color="#F4538B" bold="false" />
    <annotation color="#FFFFFF" />
    <staticMethod color="#17D6EC" italic="true" />
    <localVariable color="#FFFFFF" />
    <localVariableDeclaration color="#EBF1E2" />
    <field color="#EBFADC" />
    <staticField color="#CCCCFF" italic="true" />
    <staticFinalField color="#CCCCFF" bold="true" italic="false" />
    <deprecatedMember color="#CDCDCD" underline="false" strikethrough="true" />
    <enum color="#C89191" />
    <inheritedMethod color="#11D6EC" italic="true" />
    <abstractMethod color="#56CBD1" />
    <parameterVariable color="#FFFFFF" />
    <typeArgument color="#AEAEAE" />
    <typeParameter color="#AEAEAE" bold="true" />
    <constant color="#B89AF5" />
    <background color="#1E1E1E" />
    <currentLine color="#2A2A2A" />
    <foreground color="#D8D8D8" />
    <lineNumber color="#D0D0D0" />
    <selectionBackground color="#000000" />
    <selectionForeground color="#D0D0D0" />
</colorTheme>