<?xml version="1.0" encoding="utf-8"?>
<colorTheme id="617" name="Contrast" modified="2011-03-08 12:36:21" author="Jon Hegg" website="http://www.jonhegg.com">
    <searchResultIndication color="#616161" />
    <filteredSearchResultIndication color="#616161" />
    <occurrenceIndication color="#616161" />
    <writeOccurrenceIndication color="#616161" />
    <findScope color="#E0E2E4" />
    <deletionIndication color="#E0E2E4" />
    <sourceHoverBackground color="#FFFFFF" />
    <singleLineComment color="#7D8C93" />
    <multiLineComment color="#7D8C93" />
    <commentTaskTag color="#a57b61" />
    <javadoc color="#7D8C93" />
    <javadocLink color="#678CB1" />
    <javadocTag color="#E0E2E4" />
    <javadocKeyword color="#A082BD" />
    <class color="#82677E" />
    <interface color="#82677E" />
    <method color="#007966" />
    <methodDeclaration color="#00EE66" />
    <bracket color="#CCCCCC" />
    <number color="#c78d9b" />
    <string color="#F78D9B" bold="true" italic="false" />
    <operator color="#E8E2B7" />
    <keyword color="#82677E" />
    <annotation color="#A082BD" />
    <staticMethod color="#E0E2E4" />
    <localVariable color="#E0E2E4" />
    <localVariableDeclaration color="#E0E2E4" />
    <field color="#678CB1" />
    <staticField color="#678CB1" />
    <staticFinalField color="#E0E2E4" />
    <deprecatedMember color="#E0E2E4" />
    <enum color="#E0E2E4" />
    <inheritedMethod color="#E0E2E4" />
    <abstractMethod color="#E0E2E4" />
    <parameterVariable color="#E0E2E4" />
    <typeArgument color="#E0E2E4" />
    <typeParameter color="#E0E2E4" />
    <constant color="#A082BD" />
    <background color="#000000" />
    <currentLine color="#2F393C" />
    <foreground color="#C0C0C0" />
    <lineNumber color="#81969A" />
    <selectionBackground color="#000066" />
    <selectionForeground color="#C0C0C0" />
</colorTheme>