<?xml version="1.0" encoding="utf-8"?>
<colorTheme id="1569" name="ContentIsKing" modified="2011-05-05 08:11:48" author="Dan Dot">
    <searchResultIndication color="#5A6A5A" />
    <filteredSearchResultIndication color="#5A6A5A" />
    <occurrenceIndication color="#5A6A5A" />
    <writeOccurrenceIndication color="#5A6A5A" />
    <findScope color="#DDF0FF" />
    <deletionIndication color="#D25252" italic="false" underline="false" strikethrough="false" />
    <sourceHoverBackground color="#000000" />
    <singleLineComment color="#6A6A6A" italic="true" />
    <multiLineComment color="#6A6A6A" italic="true" />
    <commentTaskTag color="#6A6A6A" italic="false" />
    <javadoc color="#6A6A6A" italic="false" />
    <javadocLink color="#6A6A6A" italic="false" />
    <javadocTag color="#906A6A" italic="false" />
    <javadocKeyword color="#AC9F57" italic="false" />
    <class color="#92A3E7" bold="false" italic="false" underline="false" strikethrough="false" />
    <interface color="#92A3E7" italic="false" />
    <method color="#92A3E7" italic="false" />
    <methodDeclaration color="#92A3E7" italic="false" />
    <bracket color="#6A6A6A" italic="false" />
    <number color="#DD2200" italic="false" />
    <string color="#76DC53" italic="false" />
    <operator color="#FFDF91" italic="false" />
    <keyword color="#AC9F57" bold="false" italic="false" />
    <annotation color="#A020F0" bold="false" italic="false" />
    <staticMethod color="#92A3E7" bold="false" italic="false" underline="false" strikethrough="false" />
    <localVariable color="#FFD8D8" bold="true" italic="false" underline="false" strikethrough="false" />
    <localVariableDeclaration color="#D8D8D8" italic="false" underline="false" strikethrough="false" />
    <field color="#D8D8D8" italic="false" underline="false" strikethrough="false" />
    <staticField color="#D8D8D8" italic="false" underline="false" strikethrough="false" />
    <staticFinalField color="#D8D8D8" italic="false" underline="false" strikethrough="false" />
    <deprecatedMember color="#F9F9F9" italic="false" underline="false" strikethrough="false" />
    <enum color="#7FB347" italic="false" underline="false" strikethrough="false" />
    <inheritedMethod color="#F9F9F9" italic="false" underline="false" strikethrough="false" />
    <abstractMethod color="#F9F9F9" italic="false" underline="false" strikethrough="false" />
    <parameterVariable color="#D8D8D8" italic="false" underline="false" strikethrough="false" />
    <typeArgument color="#AC8257" italic="false" underline="false" strikethrough="false" />
    <typeParameter color="#AC8257" italic="false" underline="false" strikethrough="false" />
    <constant color="#D8D8D8" italic="false" underline="false" strikethrough="false" />
    <background color="#000000" />
    <currentLine color="#3F3F3F" />
    <foreground color="#FFFFFF" />
    <lineNumber color="#6A6A6A" />
    <selectionBackground color="#DDF0FF" />
    <selectionForeground color="#000000" />
</colorTheme>