<?xml version="1.0" encoding="utf-8"?>
<colorTheme id="477" name="ContrastBrightColors" modified="2011-03-28 23:31:10" author="Kyle Monson">
    <occurrenceIndication color="#414141" />
    <writeOccurrenceIndication color="#515151" />
    <findScope color="#191919" />
    <deletionIndication color="#FF0000" bold="true" />
    <singleLineComment color="#FF2424" bold="true" />
    <multiLineComment color="#FF2424" bold="true" />
    <commentTaskTag color="#FF2424" bold="true" />
    <javadoc color="#FF2424" bold="true" />
    <javadocLink color="#FF2424" bold="true" />
    <javadocTag color="#CA00CA" bold="true" />
    <javadocKeyword color="#CA00CA" bold="true" />
    <class color="#8080FF" bold="true" />
    <interface color="#87F025" bold="true" />
    <method color="#8080FF" bold="true" />
    <methodDeclaration color="#8080FF" bold="true" />
    <bracket color="#FFFFFF" bold="true" />
    <number color="#FFFFFF" bold="true" />
    <string color="#00AA00" bold="true" />
    <operator color="#FFFFFF" bold="true" />
    <keyword color="#FF7700" bold="true" />
    <annotation color="#999999" bold="true" />
    <staticMethod color="#8080FF" bold="true" />
    <localVariable color="#FFFFFF" bold="true" />
    <localVariableDeclaration color="#FFFFFF" bold="true" />
    <field color="#CA00CA" bold="true" />
    <staticField color="#FFFFFF" bold="true" />
    <staticFinalField color="#80FF00" bold="true" />
    <deprecatedMember color="#FFFFFF" bold="true" underline="false" strikethrough="true" />
    <enum color="#408000" bold="true" />
    <inheritedMethod color="#8080FF" bold="true" />
    <abstractMethod color="#8080FF" bold="true" />
    <parameterVariable color="#069609" bold="true" />
    <typeArgument color="#D9B0AC" bold="true" />
    <typeParameter color="#CDB1AD" bold="true" />
    <constant color="" bold="true" />
    <background color="#000000" />
    <currentLine color="#222220" />
    <foreground color="#FFFFFF" />
    <lineNumber color="#999999" />
    <selectionBackground color="#2222CC" />
    <selectionForeground color="#FFFFFF" />
</colorTheme>