<?xml version="1.0" encoding="utf-8"?>
<colorTheme id="2007" name="Cool Darkness" modified="2011-06-04 23:42:58" author="Ken">
    <searchResultIndication color="#AF9FAF" />
    <filteredSearchResultIndication color="#AF9FAF" />
    <occurrenceIndication color="#AF9FAF" />
    <writeOccurrenceIndication color="#AF9FAF" />
    <findScope color="#DDF0FF" />
    <deletionIndication color="#AA0000" underline="false" strikethrough="true" />
    <sourceHoverBackground color="#EFFFBB" />
    <singleLineComment color="#8888BB" italic="false" />
    <multiLineComment color="#8888BB" italic="false" />
    <commentTaskTag color="#6666AA" bold="true" italic="false" />
    <javadoc color="#4444AA" italic="false" />
    <javadocLink color="#548FA0" italic="false" />
    <javadocTag color="#4444AA" bold="true" italic="false" />
    <javadocKeyword color="#BBAFA0" bold="true" italic="false" />
    <class color="#22BB80" bold="true" underline="false" strikethrough="false" />
    <interface color="#802280" bold="true" />
    <method color="#505070" bold="true" />
    <methodDeclaration color="#505070" bold="true" />
    <bracket color="#EFFFBB" />
    <number color="#A020F0" />
    <string color="#009060" />
    <operator color="#EFFFBB" />
    <keyword color="#1133FF" bold="true" />
    <annotation color="#A020F0" />
    <staticMethod color="#EFFFBB" />
    <localVariable color="#8A8A8A" />
    <localVariableDeclaration color="#8A8A8A" />
    <field color="#8A208A" bold="true" />
    <staticField color="#40506A" />
    <staticFinalField color="#40506A" bold="true" />
    <deprecatedMember color="#EFFFBB" underline="false" strikethrough="true" />
    <enum color="#226090" bold="true" />
    <inheritedMethod color="#505070" bold="true" />
    <abstractMethod color="#505070" />
    <parameterVariable color="#EFFFBB" />
    <typeArgument color="#EFFFBB" />
    <typeParameter color="#EFFFBB" />
    <constant color="#EFFFBB" />
    <background color="#000000" />
    <currentLine color="#0A0A20" />
    <foreground color="#EFFFBB" />
    <lineNumber color="#444466" />
    <selectionBackground color="#AACCFF" />
    <selectionForeground color="#000000" />
</colorTheme>