<?xml version="1.0" encoding="utf-8"?>
<colorTheme id="1319" name="Crappy-Solarized" modified="2011-04-18 16:37:09" author="Patrick O'Dwyer" website="http://www.turtledome.com">
    <searchResultIndication color="#EEE8D5" />
    <filteredSearchResultIndication color="#EEE8D5" />
    <occurrenceIndication color="#EEE8D5" />
    <writeOccurrenceIndication color="#073642" />
    <findScope color="#EEE8D5" />
    <deletionIndication color="#657B83" />
    <sourceHoverBackground color="#EEE8D5" />
    <singleLineComment color="#859900" italic="false" />
    <multiLineComment color="#859900" italic="false" />
    <commentTaskTag color="#859900" bold="true" italic="false" />
    <javadoc color="#2AA198" italic="false" />
    <javadocLink color="#2AA198" italic="false" underline="true" strikethrough="false" />
    <javadocTag color="#2AA198" bold="true" italic="false" />
    <javadocKeyword color="#2AA198" bold="true" italic="false" />
    <class color="#657B83" bold="false" italic="true" underline="false" strikethrough="false" />
    <interface color="#657B83" />
    <method color="#657B83" />
    <methodDeclaration color="#657B83" />
    <bracket color="#657B83" />
    <number color="#268BD2" />
    <string color="#268BD2" />
    <operator color="#657B83" />
    <keyword color="#D33682" bold="true" />
    <annotation color="#657B83" />
    <staticMethod color="#657B83" />
    <localVariable color="#657B83" />
    <localVariableDeclaration color="#657B83" />
    <field color="#268BD2" />
    <staticField color="#DC322F" />
    <staticFinalField color="#DC322F" />
    <deprecatedMember color="#657B83" underline="false" strikethrough="true" />
    <enum color="#657B83" />
    <inheritedMethod color="#657B83" />
    <abstractMethod color="#657B83" />
    <parameterVariable color="#B58900" bold="true" />
    <typeArgument color="#657B83" />
    <typeParameter color="#657B83" />
    <constant color="#DC322F" />
    <background color="#FDF6E3" />
    <currentLine color="#EEE8D5" />
    <foreground color="#657B83" />
    <lineNumber color="#93A1A1" />
    <selectionBackground color="#002B36" />
    <selectionForeground color="#839496" />
</colorTheme>