<?xml version="1.0" encoding="utf-8"?>
<colorTheme id="395" name="Crayon Day Dreams" modified="2011-02-21 16:55:21" author="Casey Corcoran" website="http://www.colourlovers.com/palette/1464294/Crayon_Day_Dreams">
    <searchResultIndication color="#38072F" />
    <filteredSearchResultIndication color="#38072F" />
    <occurrenceIndication color="#38072F" />
    <writeOccurrenceIndication color="#38072F" />
    <findScope color="#38072F" />
    <deletionIndication color="#D25252" />
    <sourceHoverBackground color="#38072F" />
    <singleLineComment color="#E35353" />
    <multiLineComment color="#E35353" />
    <commentTaskTag color="#E35353" />
    <javadoc color="#E35353" />
    <javadocLink color="#E35353" />
    <javadocTag color="#E35353" bold="true" italic="false" underline="false" strikethrough="false" />
    <javadocKeyword color="#E35353" />
    <class color="#BC5133" bold="false" underline="false" strikethrough="false" />
    <interface color="#C7A69D" />
    <method color="#BD6C33" />
    <methodDeclaration color="#E35353" />
    <bracket color="#D8D8D8" />
    <number color="#BD8833" />
    <string color="#BD8833" />
    <operator color="#D8D8D8" />
    <keyword color="#BD6C33" bold="false" />
    <annotation color="#BD6C33" />
    <staticMethod color="#E35353" />
    <localVariable color="#C7A69D" />
    <localVariableDeclaration color="#E35353" />
    <field color="#E35353" />
    <staticField color="#EFC090" />
    <staticFinalField color="#EFC090" />
    <deprecatedMember color="#D25252" bold="false" underline="false" strikethrough="true" />
    <enum color="#BD8833" />
    <inheritedMethod color="#E35353" />
    <abstractMethod color="#E35353" />
    <parameterVariable color="#C7A69D" />
    <typeArgument color="#BFA4A4" />
    <typeParameter color="#BFA4A4" />
    <constant color="#EFC090" />
    <background color="#38072F" />
    <currentLine color="#38072F" />
    <foreground color="#FFB947" />
    <lineNumber color="#38072F" />
    <selectionBackground color="#38072F" />
    <selectionForeground color="#38072F" />
</colorTheme>