<?xml version="1.0" encoding="utf-8"?>
<colorTheme id="1912" name="creative-area" modified="2011-05-29 11:28:41" author="LiLr0b">
    <searchResultIndication color="#FFFFFF" />
    <filteredSearchResultIndication color="#FFFFFF" />
    <occurrenceIndication color="#FFFFFF" />
    <writeOccurrenceIndication color="#FFFFFF" />
    <findScope color="#FFFFFF" />
    <deletionIndication color="#FFFFFF" />
    <sourceHoverBackground color="#FFFFFF" />
    <singleLineComment color="#FFFFFF" italic="false" />
    <multiLineComment color="#FFFFFF" italic="false" />
    <commentTaskTag color="#FFFFFF" />
    <javadoc color="#FFFFFF" italic="false" />
    <javadocLink color="#FFFFFF" />
    <javadocTag color="#FFFFFF" />
    <javadocKeyword color="#FFFFFF" />
    <class color="#FFFFFF" />
    <interface color="#FFFFFF" />
    <method color="#FFFFFF" />
    <methodDeclaration color="#FFFFFF" />
    <bracket color="#FFFFFF" />
    <number color="#FFFFFF" />
    <string color="#FFFFFF" />
    <operator color="#FFFFFF" />
    <keyword color="#FFFFFF" />
    <annotation color="#FFFFFF" />
    <staticMethod color="#FFFFFF" />
    <localVariable color="#FFFFFF" />
    <localVariableDeclaration color="#FFFFFF" />
    <field color="#FFFFFF" />
    <staticField color="#FFFFFF" />
    <staticFinalField color="#FFFFFF" />
    <deprecatedMember color="#FFFFFF" underline="false" strikethrough="false" />
    <enum color="#FFFFFF" />
    <inheritedMethod color="#FFFFFF" />
    <abstractMethod color="#FFFFFF" />
    <parameterVariable color="#FFFFFF" />
    <typeArgument color="#FFFFFF" />
    <typeParameter color="#FFFFFF" />
    <constant color="#FFFFFF" bold="false" underline="false" strikethrough="false" />
    <background color="#222222" />
    <currentLine color="#444444" />
    <foreground color="#FFFFFF" />
    <lineNumber color="#444444" />
    <selectionBackground color="#FFFFFF" />
    <selectionForeground color="#FFFFFF" />
</colorTheme>