<?xml version="1.0" encoding="utf-8"?>
<colorTheme id="1177" name="crxDark" modified="2011-04-11 20:45:58" author="MrCoRex">
    <searchResultIndication color="#464467" />
    <filteredSearchResultIndication color="#3F3F6A" />
    <occurrenceIndication color="#616161" />
    <writeOccurrenceIndication color="#948567" />
    <findScope color="#BCADAD" />
    <sourceHoverBackground color="#A19879" />
    <singleLineComment color="#808080" />
    <multiLineComment color="#808080" />
    <commentTaskTag color="#808080" />
    <javadoc color="#808080" />
    <javadocLink color="#808080" />
    <javadocTag color="#808080" />
    <javadocKeyword color="#808080" />
    <class color="#FF8000" />
    <interface color="#FF8000" />
    <method color="#FFFFFF" />
    <methodDeclaration color="#DFBE95" />
    <bracket color="#FFFFFF" />
    <number color="#FF0000" />
    <string color="#0080FF" />
    <operator color="#FFFF00" bold="false" />
    <keyword color="#FFFFFF" />
    <annotation color="#808080" />
    <staticMethod color="#C4C4B7" />
    <localVariable color="#FF8000" />
    <localVariableDeclaration color="#FF8000" />
    <field color="#B3B784" />
    <staticField color="#0080FF" />
    <staticFinalField color="#00D225" />
    <deprecatedMember color="#FFFFFF" />
    <background color="#1E1E1E" />
    <currentLine color="#505050" />
    <foreground color="#C0C0C0" />
    <lineNumber color="#C0C0C0" />
    <selectionBackground color="#364656" />
    <selectionForeground color="#FFFFFF" />
</colorTheme>