<?xml version="1.0" encoding="utf-8"?>
<colorTheme id="1776" name="csharplike" modified="2011-05-19 19:15:53" author="Mrcus">
    <searchResultIndication color="#FCFF9E" />
    <filteredSearchResultIndication color="#FFE09E" />
    <occurrenceIndication color="#FCC390" />
    <writeOccurrenceIndication color="#FAAD87" />
    <findScope color="#FFFFFF" />
    <deletionIndication color="#D25252" />
    <sourceHoverBackground color="#FFFFFF" />
    <singleLineComment color="#68ED87" italic="false" />
    <multiLineComment color="#68ED87" italic="false" />
    <commentTaskTag color="#68ED87" italic="false" />
    <javadoc color="#68ED87" italic="false" />
    <javadocLink color="#68ED87" italic="false" />
    <javadocTag color="#68ED87" italic="false" />
    <javadocKeyword color="#68ED87" italic="false" />
    <class color="#35D4D1" bold="true" underline="false" strikethrough="false" />
    <interface color="#35D4D1" bold="true" />
    <method color="#FFFFFF" />
    <methodDeclaration color="#FFFFFF" />
    <bracket color="#FCFF9E" />
    <number color="#FCFF9E" />
    <string color="#FFC600" />
    <operator color="#D8D8D8" />
    <keyword color="#6EC8F5" bold="false" />
    <annotation color="#FFFFFF" />
    <staticMethod color="#BED6FF" />
    <localVariable color="#79ABFF" />
    <localVariableDeclaration color="#BED6FF" />
    <field color="#BED6FF" />
    <staticField color="#EFC090" />
    <staticFinalField color="#EFC090" />
    <deprecatedMember color="#D25252" underline="false" strikethrough="true" />
    <enum color="#35D4D1" />
    <inheritedMethod color="#BED6FF" />
    <abstractMethod color="#BED6FF" />
    <parameterVariable color="#79ABFF" />
    <typeArgument color="#BFA4A4" />
    <typeParameter color="#BFA4A4" />
    <constant color="#EFC090" />
    <background color="#1E1E1E" />
    <currentLine color="#CCCCCC" />
    <foreground color="#FFFFFF" />
    <lineNumber color="#00E3C8" />
    <selectionBackground color="#367CFF" />
    <selectionForeground color="#FFFFFF" />
</colorTheme>