<?xml version="1.0" encoding="utf-8"?>
<colorTheme id="1210" name="Custom Obsidian2" modified="2011-04-13 10:01:25" author="Dennis Fyodorov">
    <searchResultIndication color="#616161" />
    <filteredSearchResultIndication color="#616161" />
    <occurrenceIndication color="#616161" />
    <writeOccurrenceIndication color="#616161" />
    <findScope color="#E0E2E4" />
    <deletionIndication color="#E0E2E4" />
    <sourceHoverBackground color="#FFFFFF" />
    <singleLineComment color="#7D8C93" />
    <multiLineComment color="#7D8C93" />
    <commentTaskTag color="#FF8BFF" />
    <javadoc color="#7D8C93" />
    <javadocLink color="#678CB1" />
    <javadocTag color="#E0E2E4" />
    <javadocKeyword color="#A082BD" />
    <class color="#008000" />
    <interface color="#678CB1" />
    <method color="#FFFFFF" bold="true" italic="true" />
    <methodDeclaration color="#FFFFFF" bold="true" italic="true" />
    <bracket color="#E8E2B7" />
    <number color="#FFCD22" />
    <string color="#EC7600" />
    <operator color="#E8E2B7" />
    <keyword color="#93C763" />
    <annotation color="#A082BD" />
    <staticMethod color="#DDC7A2" italic="true" />
    <localVariable color="#678CB1" />
    <localVariableDeclaration color="#678CB1" />
    <field color="#EFEFAF" />
    <staticField color="#678CB1" />
    <staticFinalField color="#E0E2E4" />
    <deprecatedMember color="#E0E2E4" />
    <enum color="#E0E2E4" />
    <inheritedMethod color="#E0E2E4" />
    <abstractMethod color="#E0E2E4" />
    <parameterVariable color="#0080C0" />
    <typeArgument color="#E0E2E4" />
    <typeParameter color="#E0E2E4" />
    <constant color="#FF80C0" italic="true" />
    <background color="#293134" />
    <currentLine color="#2F393C" />
    <foreground color="#E0E2E4" />
    <lineNumber color="#81969A" />
    <selectionBackground color="#804000" />
    <selectionForeground color="#E0E2E4" />
</colorTheme>