<?xml version="1.0" encoding="utf-8"?>
<colorTheme id="1024" name="Custom Oblivion" modified="2011-04-03 20:50:54" author="Cesar">
    <searchResultIndication color="#D8D8D8" />
    <filteredSearchResultIndication color="#D8D8D8" />
    <occurrenceIndication color="#000000" />
    <writeOccurrenceIndication color="#000000" />
    <findScope color="#111111" />
    <deletionIndication color="#D25252" />
    <sourceHoverBackground color="#000000" />
    <singleLineComment color="#7D8C93" bold="false" />
    <multiLineComment color="#7D8C93" bold="false" />
    <commentTaskTag color="#7D8C93" bold="false" />
    <javadoc color="#7D8C93" />
    <javadocLink color="#D9E577" />
    <javadocTag color="#D9E577" />
    <javadocKeyword color="#D9E577" />
    <class color="#7FB347" bold="false" underline="false" strikethrough="false" />
    <interface color="#678CB1" />
    <method color="#FFFFFF" />
    <methodDeclaration color="#BED6FF" />
    <bracket color="#D8D8D8" />
    <number color="#FFCD22" />
    <string color="#EC7600" />
    <operator color="#FF6666" />
    <keyword color="#678CB1" bold="false" />
    <annotation color="#FFFFFF" />
    <staticMethod color="#BED6FF" bold="false" />
    <localVariable color="#79ABFF" bold="false" />
    <localVariableDeclaration color="#BED6FF" bold="false" />
    <field color="#BED6FF" bold="false" />
    <staticField color="#EFC090" />
    <staticFinalField color="#EFC090" />
    <deprecatedMember color="#D25252" underline="false" strikethrough="true" />
    <enum color="#7FB347" />
    <inheritedMethod color="#BED6FF" bold="false" />
    <abstractMethod color="#BED6FF" />
    <parameterVariable color="#79ABFF" />
    <typeArgument color="#BFA4A4" />
    <typeParameter color="#BFA4A4" />
    <constant color="#EFC090" />
    <background color="#162433" />
    <currentLine color="#2A2A2A" />
    <foreground color="#D8D8D8" />
    <lineNumber color="#777777" />
    <selectionBackground color="#000000" />
    <selectionForeground color="#D0D0D0" />
</colorTheme>