<?xml version="1.0" encoding="utf-8"?>
<colorTheme id="486" name="Custom Zenburn" modified="2011-02-26 16:33:57" author="Pegisys">
    <searchResultIndication color="#464467" />
    <filteredSearchResultIndication color="#3F3F6A" />
    <occurrenceIndication color="#616161" />
    <writeOccurrenceIndication color="#948567" />
    <findScope color="#BCADAD" />
    <deletionIndication color="" bold="false" />
    <sourceHoverBackground color="#A19879" />
    <singleLineComment color="#7F9F7F" bold="false" />
    <multiLineComment color="#7F9F7F" bold="false" />
    <commentTaskTag color="#ACC1AC" bold="false" />
    <javadoc color="#B3B5AF" />
    <javadocLink color="#A893CC" />
    <javadocTag color="#9393CC" />
    <javadocKeyword color="#CC9393" />
    <class color="#308DAF" bold="false" underline="false" strikethrough="false" />
    <interface color="#D0D081" />
    <method color="#C9C9BA" />
    <methodDeclaration color="#C9C9BA" />
    <bracket color="#FFFFFF" />
    <number color="#8ACCCF" />
    <string color="#CC9393" />
    <operator color="#F0EFD0" />
    <keyword color="#D3C6A5" />
    <annotation color="#808080" />
    <staticMethod color="#C4C4B7" />
    <localVariable color="#C9C9BA" />
    <localVariableDeclaration color="#C9C9BA" bold="false" />
    <field color="#B3B784" bold="false" />
    <staticField color="#93A2CC" bold="false" />
    <staticFinalField color="#53DCCD" bold="false" />
    <deprecatedMember color="#FFFFFF" bold="false" />
    <background color="#404040" />
    <currentLine color="#505050" />
    <foreground color="#F6F3E8" />
    <lineNumber color="#C0C0C0" />
    <selectionBackground color="#898941" />
    <selectionForeground color="#000000" />
</colorTheme>