<?xml version="1.0" encoding="utf-8"?>
<colorTheme id="585" name="Cyanoblast" modified="2011-03-09 00:30:57" author="João Paulo Marquesini">
    <searchResultIndication color="#D8D8D8" />
    <filteredSearchResultIndication color="#D8D8D8" />
    <occurrenceIndication color="#000000" />
    <writeOccurrenceIndication color="#000000" />
    <findScope color="#111111" />
    <deletionIndication color="#D25252" />
    <sourceHoverBackground color="#000000" />
    <singleLineComment color="#00AA77" />
    <multiLineComment color="#009966" />
    <commentTaskTag color="#00FFAA" />
    <javadoc color="#009966" />
    <javadocLink color="#00CCFF" />
    <javadocTag color="#00FFCC" />
    <javadocKeyword color="#00FFCC" />
    <class color="#00FCFC" bold="false" underline="false" strikethrough="false" />
    <interface color="#00FFDD" />
    <method color="#DDFFFF" />
    <methodDeclaration color="#FF00FF" />
    <bracket color="#D8D8D8" />
    <number color="#7FB347" />
    <string color="#FFC600" />
    <operator color="#D8D8D8" />
    <keyword color="#FFFFFF" bold="false" />
    <annotation color="#FFFFFF" />
    <staticMethod color="#BED6FF" />
    <localVariable color="#79ABFF" />
    <localVariableDeclaration color="#BED6FF" />
    <field color="#BED6FF" />
    <staticField color="#EFC090" />
    <staticFinalField color="#EFC090" />
    <deprecatedMember color="#D25252" underline="false" strikethrough="true" />
    <enum color="#7FB347" />
    <inheritedMethod color="#BED6FF" />
    <abstractMethod color="#BED6FF" />
    <parameterVariable color="#79ABFF" />
    <typeArgument color="#BFA4A4" />
    <typeParameter color="#BFA4A4" />
    <constant color="#EFC090" />
    <background color="#000000" />
    <currentLine color="#004444" />
    <foreground color="#FFFFFF" />
    <lineNumber color="#DDDDDD" />
    <selectionBackground color="#006688" />
    <selectionForeground color="#99FFFF" />
</colorTheme>