<?xml version="1.0" encoding="utf-8"?>
<colorTheme id="536" name="cyanbomb" modified="2011-03-02 16:27:22" author="João Paulo Marquesini">
    <searchResultIndication color="#005533" />
    <filteredSearchResultIndication color="#003333" />
    <occurrenceIndication color="#005555" />
    <writeOccurrenceIndication color="#005555" />
    <findScope color="#005555" />
    <deletionIndication color="#FFFFFF" />
    <sourceHoverBackground color="#005555" />
    <singleLineComment color="#008888" />
    <multiLineComment color="#007777" />
    <commentTaskTag color="#009977" />
    <javadoc color="#00CCAA" />
    <javadocLink color="#00CCCC" />
    <javadocTag color="#00CCCC" />
    <javadocKeyword color="#FFFFFF" />
    <class color="#FFFFFF" />
    <interface color="#FFFFFF" />
    <method color="#FFFFFF" />
    <methodDeclaration color="#FFFFFF" />
    <bracket color="#FFFFFF" />
    <number color="#FFFFFF" />
    <string color="#FFFFFF" />
    <operator color="#FFFFFF" />
    <keyword color="#FFFFFF" />
    <annotation color="#FFFFFF" />
    <staticMethod color="#FFFFFF" />
    <localVariable color="#FFFFFF" />
    <localVariableDeclaration color="#FFFFFF" />
    <field color="#FFFFFF" />
    <staticField color="#FFFFFF" />
    <staticFinalField color="#FFFFFF" />
    <deprecatedMember color="#FFFFFF" />
    <enum color="#FFFFFF" />
    <inheritedMethod color="#FFFFFF" />
    <abstractMethod color="#FFFFFF" />
    <parameterVariable color="#FFFFFF" />
    <typeArgument color="#FFFFFF" />
    <typeParameter color="#FFFFFF" />
    <constant color="#FFFFFF" bold="false" />
    <background color="#000000" />
    <currentLine color="#005577" />
    <foreground color="#FFFFFF" />
    <lineNumber color="#CCCCCC" />
    <selectionBackground color="#666666" />
    <selectionForeground color="#CCCCCC" />
</colorTheme>