<?xml version="1.0" encoding="utf-8"?>
<colorTheme id="1173" name="Daily" modified="2011-04-11 14:04:49" author="Jiang">
    <occurrenceIndication color="#00FF00" />
    <writeOccurrenceIndication color="#FFA500" />
    <findScope color="#191919" />
    <deletionIndication color="#FF0000" />
    <singleLineComment color="#BFBFBF" italic="true" />
    <multiLineComment color="#BFBFBF" italic="true" />
    <commentTaskTag color="#FFFF00" bold="true" underline="true" strikethrough="false" />
    <javadoc color="#BFBFBF" italic="true" />
    <javadocLink color="#BFBFBF" italic="true" underline="true" strikethrough="false" />
    <javadocTag color="#E5E5E5" bold="true" italic="true" />
    <javadocKeyword color="#7F7F7F" bold="false" italic="true" />
    <class color="#EC691E" bold="true" />
    <interface color="#FFFFFF" />
    <method color="#FFFFFF" />
    <methodDeclaration color="#F7C527" />
    <bracket color="#FFFFFF" />
    <number color="#FFFFFF" bold="true" />
    <string color="#FFC0CB" />
    <operator color="#FFFF00" />
    <keyword color="#75FF75" bold="true" />
    <annotation color="#FFFFB4" />
    <staticMethod color="#FFFF00" italic="true" />
    <localVariable color="#00FFFF" />
    <localVariableDeclaration color="#00FFFF" />
    <field color="#52D4D4" bold="true" />
    <staticField color="#FFFF00" italic="true" />
    <staticFinalField color="#FFFF00" italic="true" />
    <deprecatedMember color="#FFFFFF" underline="false" strikethrough="true" />
    <enum color="#FFFFFF" />
    <inheritedMethod color="#FFFFFF" bold="true" />
    <abstractMethod color="#FFFFFF" italic="true" />
    <parameterVariable color="#BFBFBF" />
    <typeArgument color="#FFFFFF" />
    <typeParameter color="#CA7AFF" bold="true" />
    <background color="#4D4D4D" />
    <currentLine color="#222220" />
    <foreground color="#FFFFFF" />
    <lineNumber color="#666666" />
    <selectionBackground color="#414C3B" />
    <selectionForeground color="#FFFFFF" />
</colorTheme>