<?xml version="1.0" encoding="utf-8"?>
<colorTheme id="620" name="Daltonian" modified="2011-03-08 18:16:20" author="Flolagale">
    <searchResultIndication color="#2F393C" />
    <filteredSearchResultIndication color="#2F393C" />
    <occurrenceIndication color="#2F393C" />
    <writeOccurrenceIndication color="#2F393C" />
    <findScope color="#2F393C" />
    <deletionIndication color="#E0E2E4" underline="false" strikethrough="false" />
    <sourceHoverBackground color="#2F393C" />
    <singleLineComment color="#28CB28" />
    <multiLineComment color="#28CB28" />
    <commentTaskTag color="#FF8BFF" />
    <javadoc color="#7D8C93" />
    <javadocLink color="#678CB1" />
    <javadocTag color="#64A564" />
    <javadocKeyword color="#A082BD" />
    <class color="#D7D7D7" bold="true" italic="false" underline="false" strikethrough="false" />
    <interface color="#678CB1" bold="false" underline="false" strikethrough="false" />
    <method color="#D7D7D7" bold="false" underline="false" strikethrough="false" />
    <methodDeclaration color="#D7D7D7" bold="false" />
    <bracket color="#B40000" bold="false" italic="false" />
    <number color="#678CB1" bold="false" />
    <string color="#FF5BFF" />
    <operator color="#B40000" bold="false" underline="false" strikethrough="false" />
    <keyword color="#0FBBFD" />
    <annotation color="#A082BD" />
    <staticMethod color="#E0E2E4" underline="false" strikethrough="false" />
    <localVariable color="#E0E2E4" underline="false" strikethrough="false" />
    <localVariableDeclaration color="#E0E2E4" underline="false" strikethrough="false" />
    <field color="#678CB1" underline="false" strikethrough="false" />
    <staticField color="#678CB1" underline="false" strikethrough="false" />
    <staticFinalField color="#E0E2E4" underline="false" strikethrough="false" />
    <deprecatedMember color="#E0E2E4" underline="false" strikethrough="false" />
    <enum color="#E0E2E4" underline="false" strikethrough="false" />
    <inheritedMethod color="#E0E2E4" underline="false" strikethrough="false" />
    <abstractMethod color="#E0E2E4" />
    <parameterVariable color="#E0E2E4" underline="false" strikethrough="false" />
    <typeArgument color="#E0E2E4" bold="false" />
    <typeParameter color="#E0E2E4" underline="false" strikethrough="false" />
    <constant color="#A082BD" />
    <background color="#000000" />
    <currentLine color="#000000" />
    <foreground color="#D7D7D7" />
    <lineNumber color="#81969A" />
    <selectionBackground color="#316AC5" />
    <selectionForeground color="#D7D7D7" />
</colorTheme>