<?xml version="1.0" encoding="utf-8"?>
<colorTheme id="1870" name="damam" modified="2011-05-26 12:24:56" author="Damam">
    <searchResultIndication color="#000000" />
    <filteredSearchResultIndication color="#000000" />
    <occurrenceIndication color="#000000" />
    <writeOccurrenceIndication color="#000000" />
    <findScope color="#111111" />
    <deletionIndication color="#D25252" bold="true" />
    <sourceHoverBackground color="#000000" />
    <singleLineComment color="#C7DD0C" bold="true" italic="false" />
    <multiLineComment color="#C7DD0C" bold="true" italic="false" />
    <commentTaskTag color="#CCDF32" bold="true" italic="false" />
    <javadoc color="#CCDF32" bold="true" italic="false" />
    <javadocLink color="#D9E577" bold="true" italic="false" />
    <javadocTag color="#D9E577" bold="true" italic="false" />
    <javadocKeyword color="#D9E577" bold="true" italic="false" />
    <class color="#D25252" bold="true" underline="false" strikethrough="false" />
    <interface color="#D197D9" bold="true" />
    <method color="#FFFFFF" bold="true" />
    <methodDeclaration color="#BED6FF" bold="true" />
    <bracket color="#D8D8D8" bold="true" />
    <number color="#7FB347" bold="true" />
    <string color="#FFC600" bold="true" />
    <operator color="#D8D8D8" bold="true" />
    <keyword color="#FFFFFF" bold="true" />
    <annotation color="#FFFFFF" bold="true" />
    <staticMethod color="#BED6FF" bold="true" />
    <localVariable color="#79ABFF" bold="true" />
    <localVariableDeclaration color="#BED6FF" bold="true" />
    <field color="#BED6FF" bold="true" />
    <staticField color="#EFC090" bold="true" />
    <staticFinalField color="#EFC090" bold="true" />
    <deprecatedMember color="#D25252" bold="true" underline="false" strikethrough="true" />
    <enum color="#7FB347" bold="true" />
    <inheritedMethod color="#BED6FF" bold="true" />
    <abstractMethod color="#BED6FF" bold="true" />
    <parameterVariable color="#79ABFF" bold="true" />
    <typeArgument color="#BFA4A4" bold="true" />
    <typeParameter color="#BFA4A4" bold="true" />
    <constant color="#EFC090" bold="true" />
    <background color="#1E1E1E" />
    <currentLine color="#2A2A2A" />
    <foreground color="#D8D8D8" />
    <lineNumber color="#D0D0D0" />
    <selectionBackground color="#000000" />
    <selectionForeground color="#D0D0D0" />
</colorTheme>