<?xml version="1.0" encoding="utf-8"?>
<colorTheme id="1360" name="dan5" modified="2011-04-19 19:47:09" author="Dan">
    <occurrenceIndication color="#616161" />
    <sourceHoverBackground color="#FFFFFF" />
    <singleLineComment color="#CD8B00" />
    <multiLineComment color="#CD8B00" />
    <commentTaskTag color="#FF8BFF" />
    <class color="#87CEFA" bold="false" />
    <interface color="#87FAC4" bold="false" />
    <method color="#87CEFA" bold="false" />
    <methodDeclaration color="#CFBFAD" />
    <bracket color="#CFBFAD" />
    <number color="#FFCD8B" />
    <string color="#FFCD8B" />
    <operator color="#CFBFAD" />
    <keyword color="#808BED" />
    <background color="#000000" />
    <currentLine color="#2D2D44" />
    <foreground color="#CFBFAD" />
    <lineNumber color="#2B91AF" />
    <selectionBackground color="#8B8BFF" />
    <selectionForeground color="#404040" />
</colorTheme>