<?xml version="1.0" encoding="utf-8"?>
<colorTheme id="1344" name="DanEE Obsidian" modified="2011-04-19 13:42:53" author="Daniel Egger">
    <searchResultIndication color="#616161" />
    <filteredSearchResultIndication color="#616161" />
    <occurrenceIndication color="#616161" />
    <writeOccurrenceIndication color="#616161" />
    <findScope color="#E0E2E4" />
    <deletionIndication color="#E0E2E4" />
    <sourceHoverBackground color="#FFFFFF" />
    <singleLineComment color="#8C8C8C" />
    <multiLineComment color="#8C8C8C" />
    <commentTaskTag color="#FF8BFF" />
    <javadoc color="#8C8C8C" />
    <javadocLink color="#678CB1" />
    <javadocTag color="#E0E2E4" bold="false" />
    <javadocKeyword color="#A082BD" />
    <class color="#78B9DC" />
    <interface color="#78B9DC" />
    <method color="#B8C9DA" />
    <methodDeclaration color="#CCACD7" />
    <bracket color="#E8E2B7" />
    <number color="#FFCD22" />
    <string color="#EC7600" />
    <operator color="#E8E2B7" />
    <keyword color="#93C763" bold="true" />
    <annotation color="#A082BD" />
    <staticMethod color="#E0E2E4" />
    <localVariable color="#E0E2E4" />
    <localVariableDeclaration color="#E0E2E4" />
    <field color="#B8DED0" />
    <staticField color="#C7D5E2" />
    <staticFinalField color="#E0E2E4" />
    <deprecatedMember color="#E0E2E4" underline="false" strikethrough="true" />
    <enum color="#E0E2E4" />
    <inheritedMethod color="#E0E2E4" />
    <abstractMethod color="#E0E2E4" />
    <parameterVariable color="#E0E2E4" />
    <typeArgument color="#E0E2E4" />
    <typeParameter color="#E0E2E4" />
    <constant color="#A082BD" />
    <background color="#293134" />
    <currentLine color="#2F393C" />
    <foreground color="#E0E2E4" />
    <lineNumber color="#81969A" />
    <selectionBackground color="#804000" />
    <selectionForeground color="#E0E2E4" />
</colorTheme>