<?xml version="1.0" encoding="utf-8"?>
<colorTheme id="947" name="DarkDefault" modified="2011-03-30 23:26:38" author="Claire Semple">
    <searchResultIndication color="#333333" />
    <filteredSearchResultIndication color="#333333" />
    <occurrenceIndication color="#FFFFFF" />
    <writeOccurrenceIndication color="#FFFFFF" />
    <findScope color="#000000" />
    <deletionIndication color="#000000" />
    <sourceHoverBackground color="#333333" />
    <singleLineComment color="#008800" />
    <multiLineComment color="#008800" />
    <commentTaskTag color="#008800" bold="false" />
    <javadoc color="#008800" />
    <javadocLink color="#008888" />
    <javadocTag color="#008888" />
    <javadocKeyword color="#008888" />
    <class color="#006666" />
    <interface color="#666666" />
    <method color="#006666" />
    <methodDeclaration color="#000099" />
    <bracket color="#AAAAAA" />
    <number color="#0000FF" />
    <string color="#CC0000" />
    <operator color="#AAAAAA" />
    <keyword color="#0000AA" bold="false" />
    <annotation color="#990000" />
    <staticMethod color="#AAAAAA" />
    <localVariable color="#990099" />
    <localVariableDeclaration color="#990099" />
    <field color="#990000" />
    <staticField color="#00AA00" />
    <staticFinalField color="#00AA00" />
    <deprecatedMember color="#333333" />
    <enum color="#FF0000" />
    <inheritedMethod color="#000099" />
    <abstractMethod color="#000099" />
    <parameterVariable color="#990044" />
    <typeArgument color="#0000FF" />
    <typeParameter color="#006600" />
    <constant color="#00AA00" />
    <background color="#000000" />
    <currentLine color="#111111" />
    <foreground color="#AAAAAA" />
    <lineNumber color="#333333" />
    <selectionBackground color="#003300" />
    <selectionForeground color="#AAAAAA" />
</colorTheme>