<?xml version="1.0" encoding="utf-8"?>
<colorTheme id="79" name="darkSpoonColorTheme" modified="2011-01-30 22:30:59" author="Dusan Jicha" website="http://www.software-tuning.cz">
    <searchResultIndication color="#808040" />
    <filteredSearchResultIndication color="#808040" />
    <occurrenceIndication color="#408080" />
    <writeOccurrenceIndication color="#408080" />
    <findScope color="#00CECE" />
    <deletionIndication color="#D25252" />
    <sourceHoverBackground color="#275572" />
    <singleLineComment color="#FF8040" />
    <multiLineComment color="#FF8040" />
    <commentTaskTag color="#FF8040" />
    <javadoc color="#FF8040" />
    <javadocLink color="#0080FF" />
    <javadocTag color="#005EBB" />
    <javadocKeyword color="#FF8040" />
    <class color="#FFFFFF" />
    <interface color="#0080C0" />
    <method color="#FFFFFF" />
    <methodDeclaration color="#BED6FF" />
    <bracket color="#FF0080" />
    <number color="#FFFF00" />
    <string color="#00FF00" />
    <operator color="#FF00FF" />
    <keyword color="#AE0000" />
    <annotation color="#FFFFFF" />
    <staticMethod color="#BED6FF" />
    <localVariable color="#79ABFF" />
    <localVariableDeclaration color="#BED6FF" />
    <field color="#00FF00" />
    <staticField color="#EFC090" />
    <staticFinalField color="#EFC090" />
    <deprecatedMember color="#C0C0C0" />
    <enum color="#00FFFF" />
    <inheritedMethod color="#BED6FF" />
    <abstractMethod color="#BED6FF" />
    <parameterVariable color="#79ABFF" />
    <typeArgument color="#BFA4A4" />
    <typeParameter color="#BFA4A4" />
    <background color="#1E1E1E" />
    <currentLine color="#000000" />
    <foreground color="#FFFFFF" />
    <lineNumber color="#D0D0D0" />
    <selectionBackground color="#80FFFF" />
    <selectionForeground color="#FFFFFF" />
</colorTheme>