<?xml version="1.0" encoding="utf-8"?>
<colorTheme id="955" name="Dark Mist" modified="2011-03-31 04:25:38" author="Chuck">
    <searchResultIndication color="#616161" />
    <filteredSearchResultIndication color="#616161" />
    <occurrenceIndication color="#616161" />
    <writeOccurrenceIndication color="#A7884C" />
    <findScope color="#F1F2F3" />
    <deletionIndication color="#F1F2F3" />
    <sourceHoverBackground color="#FFFFFF" />
    <singleLineComment color="#5C5C5C" italic="true" />
    <multiLineComment color="#5C5C5C" italic="true" />
    <commentTaskTag color="#5C5C5C" bold="true" italic="true" />
    <javadoc color="#475043" italic="true" />
    <javadocLink color="#5F6753" italic="true" />
    <javadocTag color="#5F6753" bold="true" italic="true" />
    <javadocKeyword color="#776555" italic="true" />
    <class color="#6286A3" />
    <interface color="#786C91" />
    <method color="#F1F2F3" />
    <methodDeclaration color="#F1F2F3" />
    <bracket color="#E8E2B7" />
    <number color="#DDB120" />
    <string color="#EC7607" />
    <operator color="#E8E2B7" />
    <keyword color="#93C763" />
    <annotation color="#A082BD" />
    <staticMethod color="#F1F2F3" />
    <localVariable color="#F1F1C4" italic="true" />
    <localVariableDeclaration color="#F1F1C4" italic="true" />
    <field color="#F1F2F3" />
    <staticField color="#F1F2F3" />
    <staticFinalField color="#F1F2F3" />
    <deprecatedMember color="#F1F2F3" />
    <enum color="#F1F2F3" />
    <inheritedMethod color="#F1F2F3" />
    <abstractMethod color="#F1F2F3" />
    <parameterVariable color="#F1F2F3" />
    <typeArgument color="#F1F2F3" />
    <typeParameter color="#F1F2F3" />
    <constant color="#F1F2F3" />
    <background color="#22282A" />
    <currentLine color="#2F393C" />
    <foreground color="#F1F2F3" />
    <lineNumber color="#4A5A54" />
    <selectionBackground color="#334D4D" />
    <selectionForeground color="#F1F2F3" />
</colorTheme>