<?xml version="1.0" encoding="utf-8"?>
<colorTheme id="1051" name="darkGrass" modified="2011-04-05 00:22:22" author="Pirx">
    <searchResultIndication color="#D8DED3" />
    <filteredSearchResultIndication color="#D8DED3" />
    <occurrenceIndication color="#D8DED3" />
    <writeOccurrenceIndication color="#D8DED3" />
    <findScope color="#D8DED3" />
    <deletionIndication color="#FFFFFF" />
    <sourceHoverBackground color="#D8DED3" />
    <singleLineComment color="#346BCC" bold="false" italic="false" />
    <multiLineComment color="#346BCC" bold="false" italic="false" />
    <commentTaskTag color="#6895FF" bold="false" italic="false" />
    <javadoc color="#35B1C4" bold="true" italic="false" />
    <javadocLink color="#346BCC" bold="false" italic="false" />
    <javadocTag color="#D8DED3" bold="false" italic="false" underline="false" strikethrough="false" />
    <javadocKeyword color="#346BCC" bold="false" italic="false" />
    <class color="#40FF40" bold="false" italic="false" underline="false" strikethrough="false" />
    <interface color="#D8DED3" />
    <method color="#D8DED3" />
    <methodDeclaration color="#D8DED3" />
    <bracket color="#D8DED3" />
    <number color="#D8DED3" />
    <string color="#0564B2" bold="true" />
    <operator color="#D8DED3" />
    <keyword color="#FDFF5B" bold="true" italic="false" underline="false" strikethrough="false" />
    <annotation color="#D8DED3" />
    <staticMethod color="#D8DED3" />
    <localVariable color="#D8DED3" bold="true" />
    <localVariableDeclaration color="#D8DED3" bold="true" />
    <field color="#D8DED3" />
    <staticField color="#FFFFFF" />
    <staticFinalField color="#FFFFFF" />
    <deprecatedMember color="#FFFFFF" underline="false" strikethrough="true" />
    <enum color="#FFFFFF" />
    <inheritedMethod color="#FFFFFF" />
    <abstractMethod color="#FFFFFF" />
    <parameterVariable color="#FFFFFF" />
    <typeArgument color="#FFFFFF" />
    <typeParameter color="#FFFFFF" />
    <constant color="#D8DED3" />
    <background color="#363635" />
    <currentLine color="#D8DED3" />
    <foreground color="#FFFFFF" />
    <lineNumber color="#D8DED3" />
    <selectionBackground color="#D8DED3" />
    <selectionForeground color="#D8DED3" />
</colorTheme>