<?xml version="1.0" encoding="utf-8"?>
<colorTheme id="632" name="Dark Pinky Icarez" modified="2011-03-09 16:56:19" author="Icarez" website="http://icarez.wordpress.com">
    <searchResultIndication color="#D8D8D8" />
    <filteredSearchResultIndication color="#D8D8D8" />
    <occurrenceIndication color="#000000" />
    <writeOccurrenceIndication color="#000000" />
    <findScope color="#808000" />
    <deletionIndication color="#B1B1B1" />
    <sourceHoverBackground color="#FF0080" />
    <singleLineComment color="#D200D5" />
    <multiLineComment color="#D200D5" />
    <commentTaskTag color="#AE00B3" bold="true" italic="true" underline="true" strikethrough="false" />
    <javadoc color="#8499D7" />
    <javadocLink color="#6363CB" />
    <javadocTag color="#7F9FBF" bold="true" />
    <javadocKeyword color="#7F9FBF" />
    <class color="#B1B1B1" bold="false" underline="false" strikethrough="false" />
    <interface color="#B1B1B1" />
    <method color="#B1B1B1" />
    <methodDeclaration color="#BED6FF" />
    <bracket color="#FFFFFF" />
    <number color="#55FF55" />
    <string color="#55FF55" />
    <operator color="#FFFFFF" />
    <keyword color="#23B4EB" bold="false" />
    <annotation color="#646464" />
    <staticMethod color="#B1B1B1" />
    <localVariable color="#B1B1B1" />
    <localVariableDeclaration color="#B1B1B1" />
    <field color="#47B3D1" />
    <staticField color="#8CBEF0" italic="true" />
    <staticFinalField color="#8CBEF0" italic="true" />
    <deprecatedMember color="#B1B1B1" underline="false" strikethrough="true" />
    <enum color="#B1B1B1" underline="true" strikethrough="false" />
    <inheritedMethod color="#C6D0B0" />
    <abstractMethod color="#C6D0B0" bold="false" italic="true" />
    <parameterVariable color="#B1B1B1" />
    <typeArgument color="#BFA4A4" />
    <typeParameter color="#BFA4A4" />
    <constant color="#EFC090" />
    <background color="#1B1B1B" />
    <currentLine color="#9F9F9F" />
    <foreground color="#D8D8D8" />
    <lineNumber color="#9F9F9F" />
    <selectionBackground color="#626262" />
    <selectionForeground color="#D8D8D8" />
</colorTheme>