<?xml version="1.0" encoding="utf-8"?>
<colorTheme id="257" name="DarkBlue" modified="2011-02-14 18:16:13" author="gitarr">
    <searchResultIndication color="#D8D8D8" />
    <filteredSearchResultIndication color="#D8D8D8" />
    <occurrenceIndication color="#7CA4BA" />
    <writeOccurrenceIndication color="#7CA4BA" />
    <findScope color="#7CA4BA" />
    <deletionIndication color="#D25252" />
    <sourceHoverBackground color="#7CA4BA" />
    <singleLineComment color="#C7DD0C" />
    <multiLineComment color="#C7DD0C" />
    <commentTaskTag color="#CCDF32" />
    <javadoc color="#CCDF32" />
    <javadocLink color="#D9E577" />
    <javadocTag color="#D9E577" />
    <javadocKeyword color="#D9E577" />
    <class color="#F7A92C" bold="false" underline="false" strikethrough="false" />
    <interface color="#D197D9" />
    <method color="#FFFFFF" />
    <methodDeclaration color="#BED6FF" />
    <bracket color="#D8D8D8" />
    <number color="#00FF00" />
    <string color="#9CDD80" />
    <operator color="#D8D8D8" />
    <keyword color="#FFFFFF" bold="false" />
    <annotation color="#FFFFFF" />
    <staticMethod color="#BED6FF" />
    <localVariable color="#79ABFF" />
    <localVariableDeclaration color="#BED6FF" />
    <field color="#BED6FF" />
    <staticField color="#EFC090" />
    <staticFinalField color="#EFC090" />
    <deprecatedMember color="#D25252" underline="false" strikethrough="true" />
    <enum color="#7FB347" />
    <inheritedMethod color="#BED6FF" />
    <abstractMethod color="#BED6FF" />
    <parameterVariable color="#79ABFF" />
    <typeArgument color="#BFA4A4" />
    <typeParameter color="#BFA4A4" />
    <constant color="#EFC090" />
    <background color="#1D4E6D" />
    <currentLine color="#50809B" />
    <foreground color="#D8D8D8" />
    <lineNumber color="#D0D0D0" />
    <selectionBackground color="#376A89" />
    <selectionForeground color="#D0D0D0" />
</colorTheme>