<?xml version="1.0" encoding="utf-8"?>
<colorTheme id="1954" name="Dark Humor" modified="2011-05-31 19:09:51" author="Yony Kochinski">
    <searchResultIndication color="#000000" />
    <filteredSearchResultIndication color="#000000" />
    <occurrenceIndication color="#000000" />
    <writeOccurrenceIndication color="#000000" />
    <findScope color="#111111" />
    <deletionIndication color="#FFFFFF" />
    <sourceHoverBackground color="#000000" />
    <singleLineComment color="#808080" italic="false" />
    <multiLineComment color="#808080" bold="false" italic="false" />
    <commentTaskTag color="#808080" italic="false" />
    <javadoc color="#808080" italic="false" />
    <javadocLink color="#808080" italic="false" />
    <javadocTag color="#808080" bold="true" italic="false" />
    <javadocKeyword color="#808080" bold="true" italic="false" />
    <class color="#FFFFFF" bold="false" underline="false" strikethrough="false" />
    <interface color="#FFFFFF" />
    <method color="#FFFFFF" bold="true" />
    <methodDeclaration color="#FFFFFF" bold="true" />
    <bracket color="#FFFFFF" />
    <number color="#FFFFFF" />
    <string color="#D76600" />
    <operator color="#FFFFFF" />
    <keyword color="#FFFF00" bold="false" />
    <annotation color="#FFFFFF" />
    <staticMethod color="#FFFFFF" />
    <localVariable color="#FFFFFF" />
    <localVariableDeclaration color="#FFFFFF" />
    <field color="#FFFFFF" />
    <staticField color="#FFFFFF" />
    <staticFinalField color="#FFFFFF" />
    <deprecatedMember color="#FFFFFF" underline="false" strikethrough="true" />
    <enum color="#FFFF00" />
    <inheritedMethod color="#FFFFFF" />
    <abstractMethod color="#FFFFFF" />
    <parameterVariable color="#FFFFFF" />
    <typeArgument color="#FFFFFF" />
    <typeParameter color="#FFFFFF" />
    <constant color="#FFFFFF" />
    <background color="#000000" />
    <currentLine color="#2A2A2A" />
    <foreground color="#FFFFFF" />
    <lineNumber color="#D0D0D0" />
    <selectionBackground color="#000000" />
    <selectionForeground color="#D0D0D0" />
</colorTheme>