<?xml version="1.0" encoding="utf-8"?>
<colorTheme id="609" name="DarkEye" modified="2011-03-07 05:29:05" author="James">
    <searchResultIndication color="#616161" />
    <filteredSearchResultIndication color="#616161" />
    <occurrenceIndication color="#616161" />
    <writeOccurrenceIndication color="#616161" />
    <findScope color="#E0E2E4" />
    <deletionIndication color="#E0E2E4" />
    <sourceHoverBackground color="#FFFFFF" />
    <singleLineComment color="#00FF00" />
    <multiLineComment color="#00FF00" />
    <commentTaskTag color="#00FF00" />
    <javadoc color="#00FF00" />
    <javadocLink color="#678CB1" />
    <javadocTag color="#00FF00" />
    <javadocKeyword color="#FFFF00" />
    <class color="#678CB1" />
    <interface color="#678CB1" />
    <method color="#678CB1" />
    <methodDeclaration color="#E8E2B7" />
    <bracket color="#FFFF00" bold="false" />
    <number color="#FFCD22" />
    <string color="#FF7F00" />
    <operator color="#FFFF00" />
    <keyword color="#FFFF00" />
    <annotation color="#A082BD" />
    <staticMethod color="#E0E2E4" />
    <localVariable color="#E0E2E4" />
    <localVariableDeclaration color="#E0E2E4" />
    <field color="#678CB1" />
    <staticField color="#678CB1" />
    <staticFinalField color="#E0E2E4" />
    <deprecatedMember color="#E0E2E4" />
    <enum color="#FFFF00" />
    <inheritedMethod color="#E0E2E4" />
    <abstractMethod color="#E0E2E4" />
    <parameterVariable color="#E0E2E4" />
    <typeArgument color="#E0E2E4" />
    <typeParameter color="#E0E2E4" />
    <constant color="#A082BD" />
    <background color="#293134" />
    <currentLine color="#2F393C" />
    <foreground color="#E0E2E4" />
    <lineNumber color="#81969A" />
    <selectionBackground color="#804000" />
    <selectionForeground color="#E0E2E4" />
</colorTheme>