<?xml version="1.0" encoding="utf-8"?>
<colorTheme id="858" name="dark" modified="2011-03-24 05:53:01" author="gogohehe">
    <searchResultIndication color="#D8D8D8" />
    <filteredSearchResultIndication color="#D8D8D8" />
    <occurrenceIndication color="#000000" />
    <writeOccurrenceIndication color="#000000" />
    <findScope color="#111111" />
    <deletionIndication color="#D25252" />
    <sourceHoverBackground color="#000000" />
    <singleLineComment color="#D8D8D8" />
    <multiLineComment color="#D8D8D8" />
    <commentTaskTag color="#00FFFF" />
    <javadoc color="#00FFFF" />
    <javadocLink color="#00FFFF" />
    <javadocTag color="#00FFFF" />
    <javadocKeyword color="#00FFFF" />
    <class color="#FFFF00" bold="false" underline="false" strikethrough="false" />
    <interface color="#FFFF00" />
    <method color="#FFFF00" />
    <methodDeclaration color="#FFFF00" />
    <bracket color="#D8D8D8" />
    <number color="#FFFF00" />
    <string color="#FFC600" />
    <operator color="#D8D8D8" />
    <keyword color="#FFFFFF" bold="false" />
    <annotation color="#FFFFFF" />
    <staticMethod color="#BED6FF" />
    <localVariable color="#00FFFF" />
    <localVariableDeclaration color="#BED6FF" />
    <field color="#BED6FF" />
    <staticField color="#EFC090" />
    <staticFinalField color="#EFC090" />
    <deprecatedMember color="#D25252" underline="false" strikethrough="true" />
    <enum color="#7FB347" />
    <inheritedMethod color="#BED6FF" />
    <abstractMethod color="#BED6FF" />
    <parameterVariable color="#79ABFF" />
    <typeArgument color="#BFA4A4" />
    <typeParameter color="#BFA4A4" />
    <constant color="#EFC090" />
    <background color="#1E1E1E" />
    <currentLine color="#2A2A2A" />
    <foreground color="#D8D8D8" />
    <lineNumber color="#D0D0D0" />
    <selectionBackground color="#000000" />
    <selectionForeground color="#D0D0D0" />
</colorTheme>