<?xml version="1.0" encoding="utf-8"?>
<colorTheme id="1488" name="DarkPro" modified="2011-04-29 21:19:08" author="Bedo">
    <searchResultIndication color="#000000" />
    <filteredSearchResultIndication color="#000000" />
    <occurrenceIndication color="#000000" />
    <writeOccurrenceIndication color="#000000" />
    <findScope color="#111111" />
    <deletionIndication color="#D25252" />
    <sourceHoverBackground color="#000000" />
    <singleLineComment color="#618158" italic="false" />
    <multiLineComment color="#618158" italic="false" />
    <commentTaskTag color="#6FB45A" italic="false" />
    <javadoc color="#618158" italic="false" />
    <javadocLink color="#618158" italic="false" />
    <javadocTag color="#618158" italic="false" />
    <javadocKeyword color="#618158" italic="false" />
    <class color="#90B5E0" bold="false" underline="false" strikethrough="false" />
    <interface color="#91B9A4" />
    <method color="#C0C0C0" />
    <methodDeclaration color="#C0C0C0" />
    <bracket color="#C0C0C0" />
    <number color="#C0C0C0" />
    <string color="#E78E41" />
    <operator color="#C0C0C0" />
    <keyword color="#4B9CFF" bold="false" underline="false" strikethrough="false" />
    <annotation color="#618158" />
    <staticMethod color="#C0C0C0" />
    <localVariable color="#C0C0C0" />
    <localVariableDeclaration color="#C0C0C0" />
    <field color="#C0C0C0" />
    <staticField color="#A3C0BD" />
    <staticFinalField color="#A3C0BD" />
    <deprecatedMember color="#D25252" bold="false" underline="false" strikethrough="true" />
    <enum color="#7FB347" />
    <inheritedMethod color="#C0C0C0" />
    <abstractMethod color="#C0C0C0" />
    <parameterVariable color="#C0C0C0" />
    <typeArgument color="#BFA4A4" />
    <typeParameter color="#BFA4A4" />
    <constant color="#A3C0BD" />
    <background color="#000000" />
    <currentLine color="#0C0C0C" />
    <foreground color="#C0C0C0" />
    <lineNumber color="#5A5A5A" />
    <selectionBackground color="#5E81BC" />
    <selectionForeground color="#FFFFFF" />
</colorTheme>