<?xml version="1.0" encoding="utf-8"?>
<colorTheme id="1384" name="Dark Jahroots" modified="2011-04-21 14:58:56" author="Jahroots">
    <searchResultIndication color="#FF8000" />
    <filteredSearchResultIndication color="#FF8000" />
    <occurrenceIndication color="#FFC6E2" />
    <writeOccurrenceIndication color="#FFC6E2" />
    <findScope color="#B5B5DB" />
    <deletionIndication color="#D25252" />
    <sourceHoverBackground color="#FFC6E2" />
    <singleLineComment color="#C7DD0C" italic="false" />
    <multiLineComment color="#C7DD0C" italic="false" />
    <commentTaskTag color="#CCDF32" italic="false" />
    <javadoc color="#CCDF32" italic="false" />
    <javadocLink color="#D9E577" italic="false" />
    <javadocTag color="#D9E577" italic="false" />
    <javadocKeyword color="#D9E577" italic="false" />
    <class color="#C93434" bold="false" underline="false" strikethrough="false" />
    <interface color="#D197D9" />
    <method color="#FFFFFF" />
    <methodDeclaration color="#3F7F7F" />
    <bracket color="#D8D8D8" />
    <number color="#7FB347" />
    <string color="#FFC600" />
    <operator color="#D8D8D8" />
    <keyword color="#7F0055" bold="true" />
    <annotation color="#FFFFFF" />
    <staticMethod color="#3F7F7F" />
    <localVariable color="#79ABFF" />
    <localVariableDeclaration color="#3F7F7F" />
    <field color="#7F007F" />
    <staticField color="#EFC090" />
    <staticFinalField color="#EFC090" />
    <deprecatedMember color="#D25252" underline="false" strikethrough="true" />
    <enum color="#7FB347" />
    <inheritedMethod color="#3F7F7F" />
    <abstractMethod color="#3F7F7F" />
    <parameterVariable color="#79ABFF" />
    <typeArgument color="#BFA4A4" />
    <typeParameter color="#BFA4A4" />
    <constant color="#EFC090" />
    <background color="#000000" />
    <currentLine color="#575757" />
    <foreground color="#D8D8D8" />
    <lineNumber color="#D0D0D0" />
    <selectionBackground color="#FFFFFF" />
    <selectionForeground color="#D0D0D0" />
</colorTheme>