<?xml version="1.0" encoding="utf-8"?>
<colorTheme id="940" name="Dark Comfort" modified="2011-03-30 15:57:57" author="Juan Ortiz">
    <occurrenceIndication color="#616161" />
    <findScope color="#191919" />
    <deletionIndication color="#FF0000" />
    <singleLineComment color="#808080" />
    <multiLineComment color="#808080" />
    <commentTaskTag color="#808080" />
    <javadoc color="#949494" />
    <javadocLink color="#949494" />
    <javadocTag color="#949494" />
    <javadocKeyword color="#949494" />
    <class color="#DA4832" bold="true" />
    <interface color="#DA4832" bold="true" />
    <method color="#CC7832" bold="true" />
    <methodDeclaration color="#F1C438" bold="false" />
    <bracket color="#FFFFFF" />
    <number color="#FFFFFF" />
    <string color="#A5C25C" />
    <operator color="#FFFFFF" />
    <keyword color="#DA4832" />
    <staticMethod color="#FFFFFF" />
    <localVariable color="#FFFFFF" />
    <localVariableDeclaration color="#FFFFFF" />
    <field color="#FFFFFF" />
    <staticField color="#FFFFFF" />
    <staticFinalField color="#FFFFFF" />
    <deprecatedMember color="#FFFFFF" />
    <enum color="#408000" />
    <inheritedMethod color="#E3B735" />
    <abstractMethod color="#F1C436" />
    <parameterVariable color="#408000" />
    <typeArgument color="#D9B0AC" />
    <typeParameter color="#CDB1AD" />
    <background color="#2A2A2A" />
    <currentLine color="#383838" />
    <foreground color="#FFFFFF" />
    <lineNumber color="#2B91AF" />
    <selectionBackground color="#2A2A2A" />
    <selectionForeground color="#FF8000" />
</colorTheme>