<?xml version="1.0" encoding="utf-8"?>
<colorTheme id="1936" name="darkroom" modified="2011-06-02 09:40:13" author="Luke Rathbone">
    <searchResultIndication color="#25383C" />
    <filteredSearchResultIndication color="#25383C" />
    <occurrenceIndication color="#25383C" />
    <writeOccurrenceIndication color="#25383C" />
    <findScope color="#25383C" />
    <deletionIndication color="#D25252" />
    <sourceHoverBackground color="#25383C" />
    <singleLineComment color="#444455" italic="false" />
    <multiLineComment color="#444455" italic="false" />
    <commentTaskTag color="#444455" italic="false" />
    <javadoc color="#444455" italic="false" />
    <javadocLink color="#444455" italic="false" />
    <javadocTag color="#444455" italic="false" />
    <javadocKeyword color="#444455" italic="true" />
    <class color="#98AFC7" bold="false" underline="false" strikethrough="false" />
    <interface color="#98AFC7" />
    <method color="#98AFC7" />
    <methodDeclaration color="#98AFC7" />
    <bracket color="#98AFC7" bold="false" />
    <number color="#98AFC7" />
    <string color="#348781" />
    <operator color="#98AFC7" />
    <keyword color="#E6E8FA" bold="false" italic="false" underline="false" strikethrough="false" />
    <annotation color="#98AFC7" />
    <staticMethod color="#98AFC7" />
    <localVariable color="#98AFC7" />
    <localVariableDeclaration color="#98AFC7" />
    <field color="#348781" />
    <staticField color="#348781" bold="false" italic="true" />
    <staticFinalField color="#348781" bold="false" />
    <deprecatedMember color="#D25252" underline="false" strikethrough="true" />
    <enum color="#98AFC7" />
    <inheritedMethod color="#98AFC7" />
    <abstractMethod color="#98AFC7" />
    <parameterVariable color="#98AFC7" />
    <typeArgument color="#98AFC7" />
    <typeParameter color="#98AFC7" />
    <constant color="#5E7D7E" />
    <background color="#000000" />
    <currentLine color="#101010" />
    <foreground color="#98AFC7" />
    <lineNumber color="#444455" />
    <selectionBackground color="#222222" />
    <selectionForeground color="#98AFC7" />
</colorTheme>