<?xml version="1.0" encoding="utf-8"?>
<colorTheme id="252" name="DarkVoid" modified="2011-02-19 21:41:54" author="Łukasz Lubojański" website="http://gaudiumsoft.pl">
    <searchResultIndication color="#A96A3B" />
    <filteredSearchResultIndication color="#A75E47" />
    <occurrenceIndication color="#2F2F2F" />
    <writeOccurrenceIndication color="#2F2F2F" />
    <findScope color="#533F38" />
    <deletionIndication color="#E30005" bold="true" underline="false" strikethrough="true" />
    <sourceHoverBackground color="#4F4F4F" />
    <singleLineComment color="#93A486" />
    <multiLineComment color="#93A486" />
    <commentTaskTag color="#7E67A0" underline="true" strikethrough="false" />
    <javadoc color="#86A497" underline="false" strikethrough="false" />
    <javadocLink color="#86A497" underline="false" strikethrough="false" />
    <javadocTag color="#67A087" underline="true" strikethrough="false" />
    <javadocKeyword color="#67A09A" underline="true" strikethrough="false" />
    <class color="#52D252" bold="false" underline="false" strikethrough="false" />
    <interface color="#D197D9" underline="true" strikethrough="false" />
    <method color="#F000F0" bold="false" italic="false" underline="false" strikethrough="false" />
    <methodDeclaration color="#0050F0" bold="false" underline="false" strikethrough="false" />
    <bracket color="#08D8D8" bold="false" underline="false" strikethrough="false" />
    <number color="#0FFFFF" bold="false" italic="true" underline="false" strikethrough="false" />
    <string color="#FFD739" bold="false" italic="true" underline="false" strikethrough="false" />
    <operator color="#D8F848" />
    <keyword color="#39B7FF" bold="false" />
    <annotation color="#70A070" italic="true" />
    <staticMethod color="#BED6FF" />
    <localVariable color="#79ABFF" />
    <localVariableDeclaration color="#BED6FF" />
    <field color="#9ADAEA" />
    <staticField color="#EFC090" />
    <staticFinalField color="#EAAC70" />
    <deprecatedMember color="#FF0000" bold="true" underline="false" strikethrough="true" />
    <enum color="#7FB347" />
    <inheritedMethod color="#BED6FF" />
    <abstractMethod color="#83D3F4" />
    <parameterVariable color="#79ABFF" />
    <typeArgument color="#BFA4A4" />
    <typeParameter color="#BFA4A4" />
    <constant color="#EFC090" />
    <background color="#000000" />
    <currentLine color="#2A2A2A" />
    <foreground color="#FFFFFF" />
    <lineNumber color="#4F4F4F" />
    <selectionBackground color="#F0F0F0" />
    <selectionForeground color="#000000" />
</colorTheme>