<?xml version="1.0" encoding="utf-8"?>
<colorTheme id="1561" name="DarkSimple" modified="2011-05-04 21:01:41" author="Gherman Iov">
    <searchResultIndication color="#FFFF4C" />
    <filteredSearchResultIndication color="#EDEDFC" />
    <occurrenceIndication color="#FFFF56" />
    <writeOccurrenceIndication color="#FACA42" />
    <findScope color="#BCADAD" />
    <deletionIndication color="#DADADA" />
    <sourceHoverBackground color="#383838" />
    <singleLineComment color="#9BF8CA" bold="false" />
    <multiLineComment color="#94F6C5" />
    <commentTaskTag color="#B4C8DC" bold="true" />
    <javadoc color="#BDCEFF" />
    <javadocLink color="#9B9BFD" bold="false" />
    <javadocTag color="#AFC6DD" />
    <javadocKeyword color="#C5C5DA" />
    <class color="#DADADA" />
    <interface color="#DADADA" />
    <method color="#DADADA" />
    <methodDeclaration color="#DADADA" />
    <bracket color="#FFFFFF" />
    <number color="#DADADA" />
    <string color="#DFD9FF" />
    <operator color="#D2D2D2" />
    <keyword color="#E3A77F" bold="true" />
    <annotation color="#D2D2D2" />
    <staticMethod color="#FFFFFF" italic="true" />
    <localVariable color="#DADADA" />
    <localVariableDeclaration color="#DADADA" bold="false" />
    <field color="#7EE43C" bold="false" />
    <staticField color="#D0D0FF" bold="false" italic="true" />
    <staticFinalField color="#D0D0FF" bold="false" italic="true" />
    <deprecatedMember color="#D4D4D4" bold="false" />
    <enum color="#DADADA" />
    <inheritedMethod color="#DADADA" />
    <abstractMethod color="#DADADA" />
    <parameterVariable color="#DADADA" />
    <typeArgument color="#DADADA" />
    <typeParameter color="#DADADA" />
    <constant color="#DADADA" />
    <background color="#383838" />
    <currentLine color="#202626" />
    <foreground color="#DADADA" />
    <lineNumber color="#C0C0C0" />
    <selectionBackground color="#8E9AAB" />
    <selectionForeground color="#000000" />
</colorTheme>