<?xml version="1.0" encoding="utf-8"?>
<colorTheme id="1249" name="Darkmate" modified="2011-04-15 07:27:02" author="Jan Markmann">
    <searchResultIndication color="#6C4762" />
    <filteredSearchResultIndication color="#EDEDFC" />
    <occurrenceIndication color="#4F6C47" />
    <writeOccurrenceIndication color="#6C4762" />
    <findScope color="#191919" />
    <deletionIndication color="#FF0000" />
    <sourceHoverBackground color="#FFFFFF" />
    <singleLineComment color="#BB66FF" />
    <multiLineComment color="#BB66FF" />
    <commentTaskTag color="#800080" />
    <javadoc color="#BB66FF" />
    <javadocLink color="#814582" />
    <javadocTag color="#9E91FF" />
    <javadocKeyword color="#800080" />
    <class color="#DECD45" />
    <interface color="#DECD45" />
    <method color="#DDDDDD" />
    <methodDeclaration color="#DDDDDD" />
    <bracket color="#EEEEEE" />
    <number color="#00C99B" />
    <string color="#96FF00" />
    <operator color="#DDDDDD" />
    <keyword color="#FF9900" bold="true" />
    <staticMethod color="#DDDDDD" italic="true" />
    <localVariable color="#009CFF" />
    <localVariableDeclaration color="#009CFF" />
    <field color="#DDDDFF" />
    <staticField color="#DDDDFF" italic="true" />
    <staticFinalField color="#DDDDFF" italic="true" />
    <deprecatedMember color="#BBBBBB" underline="false" strikethrough="true" />
    <enum color="#408000" />
    <inheritedMethod color="#DDDDDD" />
    <abstractMethod color="#DDDDDD" underline="true" strikethrough="false" />
    <parameterVariable color="#009CFF" italic="true" />
    <typeArgument color="#DECD45" />
    <typeParameter color="#DECD45" />
    <constant color="#00D8FF" />
    <background color="#232323" />
    <currentLine color="#4D4D4D" />
    <foreground color="#EEEEEE" />
    <lineNumber color="#555753" />
    <selectionBackground color="#8B6914" />
    <selectionForeground color="#BFBFBF" />
</colorTheme>