<?xml version="1.0" encoding="utf-8"?>
<colorTheme id="298" name="Dark and Color" modified="2011-02-16 14:21:47" author="Tanja">
    <searchResultIndication color="#D8D8D8" />
    <filteredSearchResultIndication color="#D8D8D8" />
    <occurrenceIndication color="#000000" />
    <writeOccurrenceIndication color="#000000" />
    <findScope color="#111111" />
    <deletionIndication color="#D25252" />
    <sourceHoverBackground color="#000000" />
    <singleLineComment color="#C7DD0C" />
    <multiLineComment color="#CC0000" bold="false" />
    <commentTaskTag color="#CCDF32" bold="false" />
    <javadoc color="#CCDF32" bold="false" />
    <javadocLink color="#D9E577" bold="false" />
    <javadocTag color="#D9E577" bold="false" />
    <javadocKeyword color="#D9E577" bold="false" />
    <class color="#D25252" bold="false" underline="false" strikethrough="false" />
    <interface color="#D197D9" />
    <method color="#FFFFFF" bold="false" />
    <methodDeclaration color="#BED6FF" bold="false" />
    <bracket color="#D8D8D8" bold="false" />
    <number color="#7FB347" bold="false" />
    <string color="#7FB347" bold="false" />
    <operator color="#D8D8D8" bold="false" />
    <keyword color="#FF7F24" bold="false" />
    <annotation color="#FFFFFF" bold="false" />
    <staticMethod color="#BED6FF" bold="false" />
    <localVariable color="#79ABFF" bold="false" />
    <localVariableDeclaration color="#79ABFF" bold="false" />
    <field color="#FFC600" bold="true" />
    <staticField color="#EFC090" />
    <staticFinalField color="#EFC090" />
    <deprecatedMember color="#D25252" underline="false" strikethrough="true" />
    <enum color="#7FB347" />
    <inheritedMethod color="#BED6FF" bold="false" />
    <abstractMethod color="#BED6FF" bold="false" />
    <parameterVariable color="#79ABFF" />
    <typeArgument color="#BFA4A4" />
    <typeParameter color="#BFA4A4" />
    <constant color="#EFC090" />
    <background color="#000000" />
    <currentLine color="#2A2A2A" />
    <foreground color="#D8D8D8" />
    <lineNumber color="#D0D0D0" />
    <selectionBackground color="#D0D0D0" />
    <selectionForeground color="#000000" />
</colorTheme>