<?xml version="1.0" encoding="utf-8"?>
<colorTheme id="1907" name="DarkerFDT" modified="2011-06-01 23:44:32" author="okan ulas ">
    <searchResultIndication color="#264548" />
    <filteredSearchResultIndication color="#264548" />
    <occurrenceIndication color="#264548" />
    <writeOccurrenceIndication color="#264548" />
    <findScope color="#264548" />
    <deletionIndication color="#D25252" />
    <sourceHoverBackground color="#264548" />
    <singleLineComment color="#898989" italic="false" />
    <multiLineComment color="#898989" italic="false" />
    <commentTaskTag color="#898989" italic="false" />
    <javadoc color="#898989" italic="false" />
    <javadocLink color="#898989" italic="false" />
    <javadocTag color="#898989" italic="false" />
    <javadocKeyword color="#898989" italic="false" />
    <class color="#F9D135" bold="false" underline="false" strikethrough="false" />
    <interface color="#D197D9" />
    <method color="#F9D135" />
    <methodDeclaration color="#E1E1E1" />
    <bracket color="#FFFF00" />
    <number color="#FC47B5" />
    <string color="#81D30D" />
    <operator color="#FFCC00" />
    <keyword color="#77CDFA" bold="false" />
    <annotation color="#264548" />
    <staticMethod color="#E1E1E1" bold="false" />
    <localVariable color="#CCCCCC" />
    <localVariableDeclaration color="#66CC99" />
    <field color="#CCCCCC" />
    <staticField color="#A186BE" />
    <staticFinalField color="#C750F3" />
    <deprecatedMember color="#D25252" underline="false" strikethrough="true" />
    <enum color="#7FB347" />
    <inheritedMethod color="#E1E1E1" />
    <abstractMethod color="#E1E1E1" />
    <parameterVariable color="#CC66CC" />
    <typeArgument color="#BFA4A4" />
    <typeParameter color="#BFA4A4" />
    <constant color="#A186BE" />
    <background color="#000000" />
    <currentLine color="#2A2A2A" />
    <foreground color="#E1E1E1" />
    <lineNumber color="#AAAAAA" />
    <selectionBackground color="#264548" />
    <selectionForeground color="#FFFFFF" />
</colorTheme>