<?xml version="1.0" encoding="utf-8"?>
<colorTheme id="255" name="Darkness" modified="2011-02-14 16:56:04" author="Jordan">
    <occurrenceIndication color="#616161" />
    <findScope color="#191919" />
    <deletionIndication color="#FF0000" />
    <singleLineComment color="#2E9300" />
    <multiLineComment color="#2E9300" />
    <commentTaskTag color="#133700" />
    <javadoc color="#A7FC0A" />
    <javadocLink color="#408EF2" />
    <javadocTag color="#408EF2" />
    <javadocKeyword color="#408EF2" />
    <class color="#FFFFFF" />
    <interface color="#FFFFFF" />
    <method color="#F7C527" />
    <methodDeclaration color="#F1C438" />
    <bracket color="#FFFFFF" />
    <number color="#477488" />
    <string color="#477488" />
    <operator color="#FFFFFF" />
    <keyword color="#FF8300" />
    <staticMethod color="#FFFFFF" />
    <localVariable color="#C83525" />
    <localVariableDeclaration color="#C83525" />
    <field color="#357A8F" />
    <staticField color="#FFFFFF" />
    <staticFinalField color="#80FF00" />
    <deprecatedMember color="#FFFFFF" />
    <enum color="#408000" />
    <inheritedMethod color="#133700" />
    <abstractMethod color="#133700" />
    <parameterVariable color="#408000" />
    <typeArgument color="#D9B0AC" />
    <typeParameter color="#CDB1AD" />
    <constant color="#133700" />
    <background color="#191919" />
    <currentLine color="#222220" />
    <foreground color="#FFFFFF" />
    <lineNumber color="#666666" />
    <selectionBackground color="#414C3B" />
    <selectionForeground color="#FFFFFF" />
</colorTheme>