<?xml version="1.0" encoding="utf-8"?>
<colorTheme id="593" name="Dark Tassmjau" modified="2011-03-05 19:07:40" author="martin" website="tassmjau.com">
    <searchResultIndication color="#FFD700" />
    <filteredSearchResultIndication color="#FFD700" />
    <occurrenceIndication color="#FFD700" />
    <writeOccurrenceIndication color="#FFD700" />
    <findScope color="#FFD700" />
    <deletionIndication color="#BFA4A4" />
    <sourceHoverBackground color="#060606" />
    <singleLineComment color="#777777" />
    <multiLineComment color="#777777" />
    <commentTaskTag color="#777777" />
    <javadoc color="#777777" />
    <javadocLink color="#777777" />
    <javadocTag color="#777777" />
    <javadocKeyword color="#777777" />
    <class color="#99997E" bold="false" underline="false" strikethrough="false" />
    <interface color="#585E53" />
    <method color="#BBBAAB" />
    <methodDeclaration color="#BBBAAB" />
    <bracket color="#D8D8D8" />
    <number color="#818A5B" />
    <string color="#818A5B" />
    <operator color="#D8D8D8" />
    <keyword color="#5D5E59" bold="false" />
    <annotation color="#FFFFFF" />
    <staticMethod color="#8F8F94" />
    <localVariable color="#8F8F94" />
    <localVariableDeclaration color="#5D5E59" />
    <field color="#5D5E59" />
    <staticField color="#FFFFFF" />
    <staticFinalField color="#FFFFFF" />
    <deprecatedMember color="#BFA4A4" underline="false" strikethrough="true" />
    <enum color="#818A5B" />
    <inheritedMethod color="#5D5E59" />
    <abstractMethod color="#5D5E59" />
    <parameterVariable color="#5D5E59" />
    <typeArgument color="#BFA4A4" />
    <typeParameter color="#BFA4A4" />
    <constant color="#FFFFFF" />
    <background color="#000000" />
    <currentLine color="#060606" />
    <foreground color="#777777" />
    <lineNumber color="#777777" />
    <selectionBackground color="#C0FFC0" />
    <selectionForeground color="#000000" />
</colorTheme>