<?xml version="1.0" encoding="utf-8"?>
<colorTheme id="459" name="Dark Geany" modified="2011-03-09 12:27:04" author="Chade">
    <searchResultIndication color="#D8D8D8" />
    <filteredSearchResultIndication color="#D8D8D8" />
    <occurrenceIndication color="#000000" />
    <writeOccurrenceIndication color="#000000" />
    <findScope color="#7F7F7F" />
    <deletionIndication color="#D25252" />
    <sourceHoverBackground color="#7F7F7F" />
    <singleLineComment color="#747474" />
    <multiLineComment color="#747474" />
    <commentTaskTag color="#7F9FBF" />
    <javadoc color="#3F5FBF" />
    <javadocLink color="#3F3FBF" />
    <javadocTag color="#7F9FBF" bold="true" />
    <javadocKeyword color="#7F7F9F" />
    <class color="#7EB35B" bold="false" underline="false" strikethrough="false" />
    <interface color="#FFFFFF" />
    <method color="#FFFFFF" />
    <methodDeclaration color="#FFFFFF" bold="false" />
    <bracket color="#98BAC5" bold="true" />
    <number color="#7ECDFF" />
    <string color="#A18651" bold="true" />
    <operator color="#98BAC5" />
    <keyword color="#FFCB4F" bold="true" />
    <annotation color="#FFFFFF" />
    <staticMethod color="#FFFFFF" italic="false" />
    <localVariable color="#FFFFFF" />
    <localVariableDeclaration color="#FFFFFF" />
    <field color="#FFFFFF" />
    <staticField color="#FFFFFF" />
    <staticFinalField color="#FFFFFF" />
    <deprecatedMember color="#D25252" underline="false" strikethrough="true" />
    <enum color="#FFFFFF" />
    <inheritedMethod color="#FFFFFF" />
    <abstractMethod color="#FFFFFF" />
    <parameterVariable color="#FFFFFF" bold="false" italic="false" />
    <typeArgument color="#FFFFFF" bold="false" />
    <typeParameter color="#FFFFFF" />
    <constant color="#FFFFFF" bold="false" />
    <background color="#1E1E1E" />
    <currentLine color="#2F2F2F" />
    <foreground color="#FFFFFF" />
    <lineNumber color="#7F7F7F" />
    <selectionBackground color="#333964" />
    <selectionForeground color="#FFFFFF" />
</colorTheme>