<?xml version="1.0" encoding="utf-8"?>
<colorTheme id="2020" name="dark-night" modified="2011-06-05 14:06:46" author="Dean BF">
    <searchResultIndication color="#000000" />
    <filteredSearchResultIndication color="#000000" />
    <occurrenceIndication color="#000000" />
    <writeOccurrenceIndication color="#000000" />
    <findScope color="#111111" />
    <deletionIndication color="#D25252" />
    <sourceHoverBackground color="#000000" />
    <singleLineComment color="#33FF33" bold="false" italic="false" />
    <multiLineComment color="#33FF33" italic="false" />
    <commentTaskTag color="#CCDF32" italic="false" />
    <javadoc color="#CCDF32" italic="false" />
    <javadocLink color="#D9E577" italic="false" />
    <javadocTag color="#D9E577" italic="false" />
    <javadocKeyword color="#D9E577" italic="false" />
    <class color="#D25252" bold="false" underline="false" strikethrough="false" />
    <interface color="#D197D9" />
    <method color="#FFE920" bold="false" />
    <methodDeclaration color="#BED6FF" bold="false" />
    <bracket color="#D8D8D8" />
    <number color="#7FB347" />
    <string color="#00CC66" bold="false" />
    <operator color="#D8D8D8" />
    <keyword color="#FFFFFF" bold="true" />
    <annotation color="#FFFFFF" bold="false" />
    <staticMethod color="#BED6FF" bold="false" />
    <localVariable color="#79ABFF" bold="false" />
    <localVariableDeclaration color="#FFFF33" bold="false" />
    <field color="#1F88A7" bold="false" />
    <staticField color="#EFC090" />
    <staticFinalField color="#EFC090" />
    <deprecatedMember color="#D25252" underline="false" strikethrough="true" />
    <enum color="#7FB347" />
    <inheritedMethod color="#BED6FF" bold="false" />
    <abstractMethod color="#BED6FF" />
    <parameterVariable color="#79ABFF" />
    <typeArgument color="#BFA4A4" />
    <typeParameter color="#BFA4A4" />
    <constant color="#EFC090" />
    <background color="#000020" />
    <currentLine color="#2A2A2A" />
    <foreground color="#D8D8D8" />
    <lineNumber color="#D0D0D0" />
    <selectionBackground color="#000000" />
    <selectionForeground color="#D0D0D0" />
</colorTheme>