<?xml version="1.0" encoding="utf-8"?>
<colorTheme id="239" name="DarkAqua" modified="2011-02-12 22:13:35" author="Yahav" website="http://yahavgindibar.com">
    <searchResultIndication color="#F2EB00" />
    <filteredSearchResultIndication color="#D8D8D8" />
    <occurrenceIndication color="#FFFFFF" />
    <writeOccurrenceIndication color="#FFFFFF" />
    <findScope color="#38F9C0" />
    <deletionIndication color="#D25252" />
    <sourceHoverBackground color="#000000" />
    <singleLineComment color="#56D05C" />
    <multiLineComment color="#56D05C" />
    <commentTaskTag color="#56D05C" />
    <javadoc color="#56D05C" bold="false" underline="false" strikethrough="false" />
    <javadocLink color="#56D05C" underline="false" strikethrough="false" />
    <javadocTag color="#56D05C" bold="true" underline="true" strikethrough="false" />
    <javadocKeyword color="#56D05C" bold="false" underline="false" strikethrough="false" />
    <class color="#38F9C0" bold="false" underline="false" strikethrough="false" />
    <interface color="#38F9C0" />
    <method color="#38F9C0" />
    <methodDeclaration color="#38F9C0" />
    <bracket color="#FFFFFF" />
    <number color="#8B8AFD" />
    <string color="#FE464C" />
    <operator color="#FFFFFF" />
    <keyword color="#DA3CA5" bold="false" />
    <annotation color="#FFFFFF" />
    <staticMethod color="#38F9C0" underline="false" strikethrough="false" />
    <localVariable color="#79ABFF" />
    <localVariableDeclaration color="#BED6FF" />
    <field color="#38F9C0" />
    <staticField color="#38F9C0" />
    <staticFinalField color="#38F9C0" />
    <deprecatedMember color="#D25252" underline="false" strikethrough="true" />
    <enum color="#38F9C0" italic="false" />
    <inheritedMethod color="#FFFFFF" />
    <abstractMethod color="#FFFFFF" />
    <parameterVariable color="#FFFFFF" />
    <typeArgument color="#BFA4A4" />
    <typeParameter color="#BFA4A4" />
    <constant color="#38F9C0" />
    <background color="#000000" />
    <currentLine color="#000000" />
    <foreground color="#FFFFFF" />
    <lineNumber color="#FFFFFF" />
    <selectionBackground color="#B4D5FE" />
    <selectionForeground color="#FFFFFF" />
</colorTheme>