<?xml version="1.0" encoding="utf-8"?>
<colorTheme id="1010" name="Dark Idea " modified="2011-04-02 21:34:11" author="Felix W.">
    <searchResultIndication color="#D8D8D8" />
    <filteredSearchResultIndication color="#D8D8D8" />
    <occurrenceIndication color="#000000" />
    <writeOccurrenceIndication color="#000000" />
    <findScope color="#111111" />
    <deletionIndication color="#D25252" />
    <sourceHoverBackground color="#000000" />
    <singleLineComment color="#4B1EBC" />
    <multiLineComment color="#4B1EBC" />
    <commentTaskTag color="#4B1EBC" />
    <javadoc color="#4B1EBC" />
    <javadocLink color="#D9E577" />
    <javadocTag color="#D9E577" />
    <javadocKeyword color="#D9E577" />
    <class color="#FFFFFF" bold="false" underline="false" strikethrough="false" />
    <interface color="#3089F8" />
    <method color="#7F5DF9" />
    <methodDeclaration color="#BED6FF" />
    <bracket color="#D8D8D8" />
    <number color="#E72625" />
    <string color="#E730C0" />
    <operator color="#D8D8D8" />
    <keyword color="#1E5384" bold="false" />
    <annotation color="#FFFFFF" />
    <staticMethod color="#BED6FF" />
    <localVariable color="#79ABFF" />
    <localVariableDeclaration color="#BED6FF" />
    <field color="#BED6FF" />
    <staticField color="#3089F8" />
    <staticFinalField color="#3089F8" />
    <deprecatedMember color="#D25252" underline="false" strikethrough="true" />
    <enum color="#7FB347" />
    <inheritedMethod color="#BED6FF" />
    <abstractMethod color="#BED6FF" />
    <parameterVariable color="#79ABFF" />
    <typeArgument color="#BFA4A4" />
    <typeParameter color="#BFA4A4" />
    <constant color="#3089F8" />
    <background color="#000000" />
    <currentLine color="#2A2A2A" />
    <foreground color="#D8D8D8" />
    <lineNumber color="#D0D0D0" />
    <selectionBackground color="#171041" />
    <selectionForeground color="#171041" />
</colorTheme>