<?xml version="1.0" encoding="utf-8"?>
<colorTheme id="2006" name="Dark Against Light" modified="2011-06-04 23:46:53" author="Ken">
    <searchResultIndication color="#AF9FAF" />
    <filteredSearchResultIndication color="#AF9FAF" />
    <occurrenceIndication color="#AF9FAF" />
    <writeOccurrenceIndication color="#AF9FAF" />
    <findScope color="#DDF0FF" />
    <deletionIndication color="#AA0000" italic="false" underline="false" strikethrough="true" />
    <sourceHoverBackground color="#EFFFBB" />
    <singleLineComment color="#8888BB" bold="false" italic="false" />
    <multiLineComment color="#8888BB" italic="false" />
    <commentTaskTag color="#6666AA" bold="true" italic="false" />
    <javadoc color="#4444AA" bold="false" italic="false" />
    <javadocLink color="#548FA0" bold="false" italic="false" />
    <javadocTag color="#4444AA" bold="true" italic="false" />
    <javadocKeyword color="#BBAFA0" bold="true" italic="false" />
    <class color="#22BB80" bold="true" italic="false" underline="false" strikethrough="false" />
    <interface color="#802280" bold="true" italic="false" />
    <method color="#30304A" bold="true" italic="false" />
    <methodDeclaration color="#30304A" bold="true" italic="false" />
    <bracket color="#000000" italic="false" />
    <number color="#A020F0" italic="false" />
    <string color="#009060" italic="false" />
    <operator color="#000000" italic="false" />
    <keyword color="#1133FF" bold="true" italic="false" />
    <annotation color="#A020F0" bold="false" italic="false" />
    <staticMethod color="#000000" bold="false" italic="false" underline="false" strikethrough="false" />
    <localVariable color="#2A2A2A" bold="false" italic="false" underline="false" strikethrough="false" />
    <localVariableDeclaration color="#2A2A2A" bold="false" italic="false" underline="false" strikethrough="false" />
    <field color="#8A208A" bold="true" italic="false" underline="false" strikethrough="false" />
    <staticField color="#40506A" bold="false" italic="false" underline="false" strikethrough="false" />
    <staticFinalField color="#40506A" bold="true" italic="false" underline="false" strikethrough="false" />
    <deprecatedMember color="#000000" italic="false" underline="false" strikethrough="true" />
    <enum color="#226090" bold="true" italic="false" underline="false" strikethrough="false" />
    <inheritedMethod color="#30304A" bold="true" italic="false" underline="false" strikethrough="false" />
    <abstractMethod color="#30304A" italic="false" underline="false" strikethrough="false" />
    <parameterVariable color="#000000" italic="false" underline="false" strikethrough="false" />
    <typeArgument color="#000000" italic="false" underline="false" strikethrough="false" />
    <typeParameter color="#000000" italic="false" underline="false" strikethrough="false" />
    <constant color="#000000" italic="false" underline="false" strikethrough="false" />
    <background color="#FFFFFF" />
    <currentLine color="#CDEEAA" />
    <foreground color="#000000" />
    <lineNumber color="#444466" />
    <selectionBackground color="#AACCFF" />
    <selectionForeground color="#000000" />
</colorTheme>