<?xml version="1.0" encoding="utf-8"?>
<colorTheme id="734" name="DarkBluePurple" modified="2011-03-16 23:55:27" author="Kenshirou">
    <searchResultIndication color="#D8D8D8" />
    <filteredSearchResultIndication color="#D8D8D8" />
    <occurrenceIndication color="#000000" />
    <writeOccurrenceIndication color="#000000" />
    <findScope color="#111111" />
    <deletionIndication color="#D25252" />
    <sourceHoverBackground color="#000000" />
    <singleLineComment color="#00FF00" />
    <multiLineComment color="#00FF00" />
    <commentTaskTag color="#00FF00" />
    <javadoc color="#00FF00" />
    <javadocLink color="#D9E577" />
    <javadocTag color="#D9E577" />
    <javadocKeyword color="#D9E577" />
    <class color="#FC5438" bold="false" underline="false" strikethrough="false" />
    <interface color="#D197D9" />
    <method color="#FFFFFF" />
    <methodDeclaration color="#BED6FF" />
    <bracket color="#FFFFFF" />
    <number color="#FFFFFF" />
    <string color="#55FF5D" />
    <operator color="#C659FF" />
    <keyword color="#A70481" bold="true" />
    <annotation color="#FFFFFF" />
    <staticMethod color="#BED6FF" />
    <localVariable color="#FF9600" />
    <localVariableDeclaration color="#FFFFFF" />
    <field color="#EDFD5B" />
    <staticField color="#EFC090" italic="true" />
    <staticFinalField color="#5557FF" italic="true" />
    <deprecatedMember color="#D25252" underline="false" strikethrough="true" />
    <enum color="#7FB347" />
    <inheritedMethod color="#BED6FF" />
    <abstractMethod color="#BED6FF" />
    <parameterVariable color="#7AEFFF" />
    <typeArgument color="#BFA4A4" />
    <typeParameter color="#BFA4A4" />
    <constant color="#FFFF00" />
    <background color="#100E42" />
    <currentLine color="#2A2A2A" />
    <foreground color="#FFFFFF" />
    <lineNumber color="#A12CFB" />
    <selectionBackground color="#000000" />
    <selectionForeground color="#FFFFFF" />
</colorTheme>