<?xml version="1.0" encoding="utf-8"?>
<colorTheme id="1767" name="DarkSim" modified="2011-05-19 16:04:15" author="Chris Wetterman" website="http://www.reemergemedia.com">
    <searchResultIndication color="#006080" />
    <filteredSearchResultIndication color="#606080" />
    <occurrenceIndication color="#3148A5" />
    <writeOccurrenceIndication color="#3148A5" />
    <findScope color="#FFFFFF" />
    <deletionIndication color="#F8F8F8" />
    <sourceHoverBackground color="#FFFFFF" />
    <singleLineComment color="#555577" />
    <multiLineComment color="#555577" />
    <commentTaskTag color="#00FF00" />
    <javadoc color="#555577" />
    <javadocLink color="#6C6C96" />
    <javadocTag color="#6C6C96" />
    <javadocKeyword color="#6C6C96" />
    <class color="#CC6666" bold="false" underline="false" strikethrough="false" />
    <interface color="#DE5A00" underline="false" strikethrough="false" />
    <method color="#CC6666" bold="false" />
    <methodDeclaration color="#BED6FF" bold="false" underline="false" strikethrough="false" />
    <bracket color="#F8F8F8" bold="false" italic="false" underline="false" strikethrough="false" />
    <number color="#F66902" />
    <string color="#61CE3C" />
    <operator color="#EAEAEA" bold="false" />
    <keyword color="#6699CC" bold="false" italic="false" underline="false" strikethrough="false" />
    <annotation color="#FFFFFF" />
    <staticMethod color="#F8F8F8" underline="false" strikethrough="false" />
    <localVariable color="#6699CC" bold="false" underline="false" strikethrough="false" />
    <localVariableDeclaration color="#EAEAEA" bold="false" italic="false" underline="false" strikethrough="false" />
    <field color="#6699CC" bold="false" underline="false" strikethrough="false" />
    <staticField color="#EFC090" underline="false" strikethrough="false" />
    <staticFinalField color="#EFC090" underline="false" strikethrough="false" />
    <deprecatedMember color="#F8F8F8" />
    <enum color="#F8F8F8" bold="false" underline="false" strikethrough="false" />
    <inheritedMethod color="#F8F8F8" bold="false" />
    <abstractMethod color="#F8F8F8" />
    <parameterVariable color="#79ABFF" />
    <typeArgument color="#BFA4A4" bold="false" underline="false" strikethrough="false" />
    <typeParameter color="#BFA4A4" underline="false" strikethrough="false" />
    <constant color="#FFA352" />
    <background color="#0C1021" />
    <currentLine color="#202C59" />
    <foreground color="#D0D0D0" />
    <lineNumber color="#3F3F5B" />
    <selectionBackground color="#384D9E" />
    <selectionForeground color="#F8F8F8" />
</colorTheme>