<?xml version="1.0" encoding="utf-8"?>
<colorTheme id="1200" name="DarkSheelin" modified="2011-04-14 11:40:00" author="Sheelinra">
    <searchResultIndication color="#CCE6FF" />
    <filteredSearchResultIndication color="#CCE6FF" />
    <occurrenceIndication color="#000000" />
    <writeOccurrenceIndication color="#000000" />
    <findScope color="#111111" />
    <deletionIndication color="#D25252" />
    <sourceHoverBackground color="#000000" />
    <singleLineComment color="#5CADFF" bold="true" italic="false" />
    <multiLineComment color="#5CADFF" italic="false" />
    <commentTaskTag color="#5CADFF" italic="false" />
    <javadoc color="#5CADFF" italic="false" />
    <javadocLink color="#CCE6FF" italic="false" />
    <javadocTag color="#CCE6FF" italic="false" />
    <javadocKeyword color="#CCE6FF" italic="false" />
    <class color="#CCE6FF" bold="false" underline="false" strikethrough="false" />
    <interface color="#D197D9" />
    <method color="#CCE6FF" />
    <methodDeclaration color="#CCE6FF" />
    <bracket color="#CCE6FF" />
    <number color="#99D6FF" />
    <string color="#0052CC" />
    <operator color="#CCE6FF" />
    <keyword color="#CC0066" bold="false" />
    <annotation color="#FFFFFF" />
    <staticMethod color="#0052CC" />
    <localVariable color="#79ABFF" />
    <localVariableDeclaration color="#BED6FF" />
    <field color="#BED6FF" />
    <staticField color="#B8E2FF" />
    <staticFinalField color="#3083FF" />
    <deprecatedMember color="#D25252" underline="false" strikethrough="true" />
    <enum color="#19D119" />
    <inheritedMethod color="#BED6FF" />
    <abstractMethod color="#BED6FF" />
    <parameterVariable color="#79ABFF" />
    <typeArgument color="#BFA4A4" />
    <typeParameter color="#BFA4A4" />
    <constant color="#B8E2FF" />
    <background color="#000000" />
    <currentLine color="#000000" />
    <foreground color="#CCE6FF" />
    <lineNumber color="#CCE6FF" />
    <selectionBackground color="#333333" />
    <selectionForeground color="#D197D9" />
</colorTheme>