<?xml version="1.0" encoding="utf-8"?>
<colorTheme id="1462" name="darkened_by_nature" modified="2011-04-28 21:35:09" author="nino">
    <searchResultIndication color="#395EB1" />
    <filteredSearchResultIndication color="#395EB1" />
    <occurrenceIndication color="#454750" />
    <writeOccurrenceIndication color="#556255" />
    <findScope color="#FFFF00" />
    <deletionIndication color="#789C96" bold="false" />
    <sourceHoverBackground color="#FF00FF" />
    <singleLineComment color="#8F7C67" bold="false" italic="false" />
    <multiLineComment color="#8F7C67" bold="false" italic="false" />
    <commentTaskTag color="#C0C0C0" bold="false" italic="false" />
    <javadoc color="#8F7C67" bold="false" italic="false" />
    <javadocLink color="#83786E" bold="false" />
    <javadocTag color="#C0C0C0" bold="false" />
    <javadocKeyword color="#C0C0C0" bold="false" />
    <class color="#789C96" bold="false" italic="false" underline="false" strikethrough="false" />
    <interface color="#789C96" bold="true" />
    <method color="#789C96" bold="false" />
    <methodDeclaration color="#789C96" bold="false" />
    <bracket color="#F8E1AA" bold="false" italic="false" />
    <number color="#C0C0C0" bold="false" />
    <string color="#83786E" bold="false" />
    <operator color="#FFFFFF" bold="false" italic="false" />
    <keyword color="#C2D6A1" bold="true" italic="false" />
    <annotation color="#C0C0C0" bold="false" />
    <staticMethod color="#789C96" bold="false" />
    <localVariable color="#F8E1AA" bold="false" italic="false" />
    <localVariableDeclaration color="#F8E1AA" bold="false" />
    <field color="#789C96" bold="false" />
    <staticField color="#F8E1A3" bold="false" italic="true" />
    <staticFinalField color="#F8E1A3" bold="false" italic="true" />
    <deprecatedMember color="#789C96" bold="false" underline="false" strikethrough="true" />
    <enum color="#527D5D" bold="true" />
    <inheritedMethod color="#789C96" bold="false" />
    <abstractMethod color="#789C96" bold="false" />
    <parameterVariable color="#DBA284" bold="false" />
    <typeArgument color="#BFA4A4" bold="false" />
    <typeParameter color="#BFA4A4" bold="false" />
    <constant color="#EFC090" bold="false" italic="false" underline="false" strikethrough="false" />
    <background color="#2D2D2D" />
    <currentLine color="#000000" />
    <foreground color="#F8E1AA" />
    <lineNumber color="#83786E" />
    <selectionBackground color="#4E4E4E" />
    <selectionForeground color="#747474" />
</colorTheme>