<?xml version="1.0" encoding="utf-8"?>
<colorTheme id="1219" name="DarkSeid" modified="2011-04-13 15:56:20" author="Brandon Moseley">
    <searchResultIndication color="#616161" />
    <filteredSearchResultIndication color="#616161" />
    <occurrenceIndication color="#616161" />
    <writeOccurrenceIndication color="#616161" />
    <findScope color="#E0E2E4" />
    <deletionIndication color="#E6D009" />
    <sourceHoverBackground color="#E0E2E4" />
    <singleLineComment color="#90ADF8" />
    <multiLineComment color="#90ADF8" />
    <commentTaskTag color="#E0E2E4" />
    <javadoc color="#90ADF8" />
    <javadocLink color="#90ADF8" />
    <javadocTag color="#14C850" />
    <javadocKeyword color="#A082BD" />
    <class color="#335FFF" bold="false" italic="false" />
    <interface color="#335FFF" />
    <method color="#335FFF" />
    <methodDeclaration color="#E8E2B7" />
    <bracket color="#E8E2B7" />
    <number color="#FFCD22" />
    <string color="#EC7600" />
    <operator color="#E8E2B7" />
    <keyword color="#D54040" />
    <annotation color="#A082BD" />
    <staticMethod color="#14C850" />
    <localVariable color="#E6D009" />
    <localVariableDeclaration color="#E6D009" />
    <field color="#678CB1" />
    <staticField color="#678CB1" />
    <staticFinalField color="#E6D009" />
    <deprecatedMember color="#E6D009" />
    <enum color="#E6D009" />
    <inheritedMethod color="#E6D009" />
    <abstractMethod color="#E6D009" />
    <parameterVariable color="#E6D009" />
    <typeArgument color="#E6D009" />
    <typeParameter color="#E6D009" />
    <constant color="#A082BD" />
    <background color="#000000" />
    <currentLine color="#2F393C" />
    <foreground color="#E0E2E4" />
    <lineNumber color="#EAEAEA" />
    <selectionBackground color="#804000" />
    <selectionForeground color="#E0E2E4" />
</colorTheme>