<?xml version="1.0" encoding="utf-8"?>
<colorTheme id="320" name="darkspace" modified="2011-02-17 09:11:30" author="likewarster">
    <searchResultIndication color="#D8D8D8" />
    <filteredSearchResultIndication color="#D8D8D8" />
    <occurrenceIndication color="#000000" />
    <writeOccurrenceIndication color="#000000" />
    <findScope color="#111111" />
    <deletionIndication color="#D25252" />
    <sourceHoverBackground color="#000000" />
    <singleLineComment color="#00FF00" bold="false" italic="true" underline="false" strikethrough="false" />
    <multiLineComment color="#00FF00" italic="true" underline="false" strikethrough="false" />
    <commentTaskTag color="#00FF00" italic="true" />
    <javadoc color="#D9E577" italic="false" />
    <javadocLink color="#D9E577" />
    <javadocTag color="#D9E577" />
    <javadocKeyword color="#D9E577" />
    <class color="#FF9900" bold="false" underline="false" strikethrough="false" />
    <interface color="#D197D9" />
    <method color="#0000CC" italic="false" />
    <methodDeclaration color="#0000CC" />
    <bracket color="#FFFFFF" />
    <number color="#7FB347" />
    <string color="#660066" bold="false" italic="false" />
    <operator color="#D8D8D8" />
    <keyword color="#FF0000" bold="false" />
    <annotation color="#FFFFFF" italic="false" />
    <staticMethod color="#BED6FF" bold="false" italic="false" />
    <localVariable color="#00CCFF" />
    <localVariableDeclaration color="#00CCFF" bold="false" />
    <field color="#BED6FF" />
    <staticField color="#EFC090" />
    <staticFinalField color="#EFC090" />
    <deprecatedMember color="#D25252" underline="false" strikethrough="true" />
    <enum color="#7FB347" />
    <inheritedMethod color="#BED6FF" bold="false" />
    <abstractMethod color="#BED6FF" bold="false" />
    <parameterVariable color="#79ABFF" />
    <typeArgument color="#BFA4A4" />
    <typeParameter color="#BFA4A4" />
    <constant color="#EFC090" />
    <background color="#000000" />
    <currentLine color="#2A2A2A" />
    <foreground color="#D8D8D8" />
    <lineNumber color="#D0D0D0" />
    <selectionBackground color="#000000" />
    <selectionForeground color="#D0D0D0" />
</colorTheme>