<?xml version="1.0" encoding="utf-8"?>
<colorTheme id="1217" name="DarkDevel" modified="2011-04-13 19:07:27" author="Luiz Gonzaga dos Santos Filho">
    <searchResultIndication color="#D8D8D8" />
    <filteredSearchResultIndication color="#D8D8D8" />
    <occurrenceIndication color="#000000" />
    <writeOccurrenceIndication color="#000000" />
    <findScope color="#111111" />
    <deletionIndication color="#D25252" />
    <sourceHoverBackground color="#000000" />
    <singleLineComment color="#646464" italic="false" />
    <multiLineComment color="#646464" italic="false" />
    <commentTaskTag color="#CCDF32" italic="false" />
    <javadoc color="#CCDF32" italic="false" />
    <javadocLink color="#D9E577" italic="false" />
    <javadocTag color="#D9E577" italic="false" />
    <javadocKeyword color="#D9E577" italic="false" />
    <class color="#DC4B32" bold="false" underline="false" strikethrough="false" />
    <interface color="#D197D9" />
    <method color="#FFC864" />
    <methodDeclaration color="#FFC864" />
    <bracket color="#D8D8D8" />
    <number color="#64C896" />
    <string color="#64C896" />
    <operator color="#64C864" />
    <keyword color="#C86432" bold="false" />
    <annotation color="#FFFFFF" />
    <staticMethod color="#BED6FF" />
    <localVariable color="#79ABFF" />
    <localVariableDeclaration color="#BED6FF" />
    <field color="#BED6FF" />
    <staticField color="#EFC090" />
    <staticFinalField color="#EFC090" />
    <deprecatedMember color="#D25252" underline="false" strikethrough="true" />
    <enum color="#7FB347" />
    <inheritedMethod color="#BED6FF" />
    <abstractMethod color="#BED6FF" />
    <parameterVariable color="#79ABFF" />
    <typeArgument color="#BFA4A4" />
    <typeParameter color="#BFA4A4" />
    <constant color="#6496C8" />
    <background color="#000000" />
    <currentLine color="#222222" />
    <foreground color="#F0F0F0" />
    <lineNumber color="#777777" />
    <selectionBackground color="#D0D0D0" />
    <selectionForeground color="#222222" />
</colorTheme>