<?xml version="1.0" encoding="utf-8"?>
<colorTheme id="755" name="darkelf_modified" modified="2011-03-18 08:58:06" author="Wade">
    <searchResultIndication color="#D8D8D8" />
    <filteredSearchResultIndication color="#D8D8D8" />
    <occurrenceIndication color="#000000" />
    <writeOccurrenceIndication color="#000000" />
    <findScope color="#111111" />
    <deletionIndication color="#D25252" />
    <sourceHoverBackground color="#000000" />
    <singleLineComment color="#9088E0" />
    <multiLineComment color="#9088E0" />
    <commentTaskTag color="#CCDF32" />
    <javadoc color="#CCDF32" />
    <javadocLink color="#D9E577" />
    <javadocTag color="#D9E577" />
    <javadocKeyword color="#D9E577" />
    <class color="#30D050" bold="false" underline="false" strikethrough="false" />
    <interface color="#30D050" />
    <method color="#40D0E0" />
    <methodDeclaration color="#40D0E0" />
    <bracket color="#E0D8A0" />
    <number color="#E08080" />
    <string color="#E08080" />
    <operator color="#40D0E0" />
    <keyword color="#80B000" bold="false" />
    <annotation color="#FFFFFF" />
    <staticMethod color="#40D0E0" />
    <localVariable color="#79ABFF" />
    <localVariableDeclaration color="#79ABFF" />
    <field color="#BED6FF" />
    <staticField color="#BED6FF" />
    <staticFinalField color="#BED6FF" />
    <deprecatedMember color="#D25252" underline="false" strikethrough="true" />
    <enum color="#7FB347" />
    <inheritedMethod color="#40D0E0" />
    <abstractMethod color="#40D0E0" />
    <parameterVariable color="#79ABFF" />
    <typeArgument color="#BFA4A4" />
    <typeParameter color="#BFA4A4" />
    <constant color="#E08080" />
    <background color="#000000" />
    <currentLine color="#2A2A2A" />
    <foreground color="#E0D8A0" />
    <lineNumber color="#D0D0D0" />
    <selectionBackground color="#000000" />
    <selectionForeground color="#D0D0D0" />
</colorTheme>