<?xml version="1.0" encoding="utf-8"?>
<colorTheme id="887" name="Dark Feellings" modified="2011-03-25 18:18:34" author="Vinícius Abdala">
    <searchResultIndication color="#464467" />
    <filteredSearchResultIndication color="#3F3F6A" />
    <occurrenceIndication color="#616161" />
    <writeOccurrenceIndication color="#948567" />
    <findScope color="#BCADAD" />
    <sourceHoverBackground color="#A19879" />
    <singleLineComment color="#FFFFFF" />
    <multiLineComment color="#FFFFFF" />
    <commentTaskTag color="#ACC1AC" />
    <javadoc color="#B3B5AF" />
    <javadocLink color="#A893CC" />
    <javadocTag color="#9393CC" />
    <javadocKeyword color="#CC9393" />
    <class color="#CAE682" bold="true" />
    <interface color="#CAE682" bold="true" />
    <method color="#DFBE95" />
    <methodDeclaration color="#DFBE95" />
    <bracket color="#E0E0E0" />
    <number color="#EAB882" />
    <string color="#CC9393" />
    <operator color="#F0EFD0" />
    <keyword color="#8DCBE2" />
    <annotation color="#808080" />
    <staticMethod color="#C4C4B7" />
    <localVariable color="#D4C4A9" />
    <localVariableDeclaration color="#D4C4A9" />
    <field color="#B3B784" />
    <staticField color="#93A2CC" />
    <staticFinalField color="#53DCCD" />
    <deprecatedMember color="#FFFFFF" underline="false" strikethrough="true" />
    <enum color="" bold="true" italic="true" />
    <background color="#080000" />
    <currentLine color="#300000" />
    <foreground color="#E2E2E2" />
    <lineNumber color="#C0C0C0" />
    <selectionBackground color="#E8E8E8" />
    <selectionForeground color="#FFFFFF" />
</colorTheme>