<?xml version="1.0" encoding="utf-8"?>
<colorTheme id="308" name="Dark Candy" modified="2011-02-16 20:14:01" author="John H. Nguyen">
    <searchResultIndication color="#D8D8D8" />
    <filteredSearchResultIndication color="#D8D8D8" />
    <occurrenceIndication color="#000000" />
    <writeOccurrenceIndication color="#000000" />
    <findScope color="#111111" />
    <deletionIndication color="#D25252" />
    <sourceHoverBackground color="#000000" />
    <singleLineComment color="#C7DD0C" />
    <multiLineComment color="#C7DD0C" />
    <commentTaskTag color="#CCDF32" />
    <javadoc color="#CCDF32" />
    <javadocLink color="#D9E577" />
    <javadocTag color="#D9E577" />
    <javadocKeyword color="#D9E577" />
    <class color="#FF9900" bold="false" underline="false" strikethrough="false" />
    <interface color="#D197D9" />
    <method color="#CC0000" />
    <methodDeclaration color="#BED6FF" />
    <bracket color="#D8D8D8" />
    <number color="#FFFF00" />
    <string color="#D8D8D8" />
    <operator color="#FFFFFF" />
    <keyword color="#00FFFF" bold="false" />
    <annotation color="#FFFFFF" />
    <staticMethod color="#BED6FF" />
    <localVariable color="#FFFFFF" />
    <localVariableDeclaration color="#FFFFFF" />
    <field color="#BED6FF" />
    <staticField color="#FF00FF" />
    <staticFinalField color="#FF00FF" />
    <deprecatedMember color="#D25252" underline="false" strikethrough="true" />
    <enum color="#FF00FF" />
    <inheritedMethod color="#FFCC00" />
    <abstractMethod color="#FFFF00" />
    <parameterVariable color="#79ABFF" />
    <typeArgument color="#BFA4A4" />
    <typeParameter color="#BFA4A4" />
    <constant color="#FF00FF" />
    <background color="#000000" />
    <currentLine color="#2A2A2A" />
    <foreground color="#FFFFFF" />
    <lineNumber color="#D0D0D0" />
    <selectionBackground color="#000000" />
    <selectionForeground color="#D0D0D0" />
</colorTheme>