<?xml version="1.0" encoding="utf-8"?>
<colorTheme id="1764" name="dark knight" modified="2011-05-18 19:03:14" author="tony">
    <searchResultIndication color="#616161" />
    <filteredSearchResultIndication color="#616161" />
    <occurrenceIndication color="#616161" />
    <writeOccurrenceIndication color="#616161" />
    <findScope color="#E0E2E4" />
    <deletionIndication color="#E0E2E4" />
    <sourceHoverBackground color="#FFFFFF" />
    <singleLineComment color="#7D8C93" />
    <multiLineComment color="#7D8C93" />
    <commentTaskTag color="#a57b61" />
    <javadoc color="#7D8C93" />
    <javadocLink color="#678CB1" />
    <javadocTag color="#E0E2E4" />
    <javadocKeyword color="#A082BD" />
    <class color="#82677E" />
    <interface color="#82677E" />
    <method color="#82677E" />
    <methodDeclaration color="#82677E" />
    <bracket color="#CCCCCC" />
    <number color="#c78d9b" />
    <string color="#c78d9b" />
    <operator color="#E8E2B7" />
    <keyword color="#82677E" />
    <annotation color="#A082BD" />
    <staticMethod color="#E0E2E4" />
    <localVariable color="#E0E2E4" />
    <localVariableDeclaration color="#E0E2E4" />
    <field color="#678CB1" />
    <staticField color="#678CB1" />
    <staticFinalField color="#E0E2E4" />
    <deprecatedMember color="#E0E2E4" />
    <enum color="#E0E2E4" />
    <inheritedMethod color="#E0E2E4" />
    <abstractMethod color="#E0E2E4" />
    <parameterVariable color="#E0E2E4" />
    <typeArgument color="#E0E2E4" />
    <typeParameter color="#E0E2E4" />
    <constant color="#A082BD" />
    <background color="#000000" />
    <currentLine color="#2F393C" />
    <foreground color="#C0C0C0" />
    <lineNumber color="#81969A" />
    <selectionBackground color="#95bed8" />
    <selectionForeground color="#000000" />
</colorTheme>