<?xml version="1.0" encoding="utf-8"?>
<colorTheme id="1704" name="Darker Oblivision Improved 2" modified="2011-05-13 22:27:30" author="LIKE ZHANG">
    <searchResultIndication color="#007F00" />
    <filteredSearchResultIndication color="#007F00" />
    <occurrenceIndication color="#0000FF" />
    <writeOccurrenceIndication color="#0000FF" />
    <findScope color="#FFAAAA" />
    <deletionIndication color="#D25252" />
    <sourceHoverBackground color="#1111FF" />
    <singleLineComment color="#C7DD0C" italic="false" />
    <multiLineComment color="#C7DD0C" italic="false" />
    <commentTaskTag color="#CCDF32" italic="false" />
    <javadoc color="#CCDF32" italic="false" />
    <javadocLink color="#D9E577" italic="false" />
    <javadocTag color="#D9E577" italic="false" />
    <javadocKeyword color="#D9E577" italic="false" />
    <class color="#D25252" bold="true" underline="false" strikethrough="false" />
    <interface color="#D197D9" />
    <method color="#FFFFFF" bold="true" />
    <methodDeclaration color="#BED6FF" />
    <bracket color="#D8D8D8" />
    <number color="#7FB347" />
    <string color="#FFC600" />
    <operator color="#D8D8D8" />
    <keyword color="#FFFFFF" bold="false" />
    <annotation color="#FFFFFF" />
    <staticMethod color="#BED6FF" />
    <localVariable color="#79ABFF" />
    <localVariableDeclaration color="#BED6FF" />
    <field color="#BED6FF" />
    <staticField color="#EFC090" />
    <staticFinalField color="#EFC090" />
    <deprecatedMember color="#D25252" underline="false" strikethrough="true" />
    <enum color="#7FB347" />
    <inheritedMethod color="#BED6FF" />
    <abstractMethod color="#BED6FF" />
    <parameterVariable color="#79ABFF" />
    <typeArgument color="#BFA4A4" />
    <typeParameter color="#BFA4A4" />
    <constant color="#EFC090" bold="false" />
    <background color="#000000" />
    <currentLine color="#804040" />
    <foreground color="#D8D8D8" />
    <lineNumber color="#D0D0D0" />
    <selectionBackground color="#0000FF" />
    <selectionForeground color="#FFFFFF" />
</colorTheme>