<?xml version="1.0" encoding="utf-8"?>
<colorTheme id="1659" name="Dark Vision" modified="2011-05-12 20:55:02" author="Joe Young">
    <searchResultIndication color="#C7DD0C" />
    <filteredSearchResultIndication color="#C7DD0C" />
    <occurrenceIndication color="#C7DD0C" />
    <writeOccurrenceIndication color="#C7DD0C" />
    <findScope color="#C7DD0C" />
    <deletionIndication color="#D25252" />
    <sourceHoverBackground color="#000000" />
    <singleLineComment color="#66947F" italic="true" />
    <multiLineComment color="#66947F" italic="true" />
    <commentTaskTag color="#66947F" italic="true" />
    <javadoc color="#66947F" italic="true" />
    <javadocLink color="#66947F" italic="true" />
    <javadocTag color="#66947F" italic="true" />
    <javadocKeyword color="#66947F" italic="true" />
    <class color="#66CDAA" bold="false" underline="false" strikethrough="false" />
    <interface color="#2E91A2" />
    <method color="#EEE8AA" />
    <methodDeclaration color="#EEE8AA" />
    <bracket color="#D8D8D8" />
    <number color="#AC59FF" />
    <string color="#B57379" />
    <operator color="#C0C0C0" />
    <keyword color="#40C4FF" bold="false" />
    <annotation color="#373434" />
    <staticMethod color="#EEE8AA" />
    <localVariable color="#FFFF55" />
    <localVariableDeclaration color="#FFFF55" />
    <field color="#E87400" />
    <staticField color="#E87400" />
    <staticFinalField color="#E87400" />
    <deprecatedMember color="#D25252" underline="false" strikethrough="true" />
    <enum color="#66CDAA" />
    <inheritedMethod color="#EEE8AA" />
    <abstractMethod color="#EEE8AA" />
    <parameterVariable color="#C0C0C0" />
    <typeArgument color="#C0C0C0" />
    <typeParameter color="#C0C0C0" />
    <constant color="#E87400" />
    <background color="#000000" />
    <currentLine color="#1D1D1D" />
    <foreground color="#EEE8AA" />
    <lineNumber color="#8DAC85" />
    <selectionBackground color="#000000" />
    <selectionForeground color="#D0D0D0" />
</colorTheme>