<?xml version="1.0" encoding="utf-8"?>
<colorTheme id="1441" name="Dark Pastels" modified="2011-04-27 12:39:19" author="Duoglas Du">
    <searchResultIndication color="#666600" />
    <filteredSearchResultIndication color="#666600" />
    <occurrenceIndication color="#4E687D" />
    <writeOccurrenceIndication color="#253E5A" />
    <findScope color="#111111" />
    <deletionIndication color="#FFFFFF" />
    <sourceHoverBackground color="#000000" />
    <singleLineComment color="#A6A684" italic="false" />
    <multiLineComment color="#A6A684" italic="false" />
    <commentTaskTag color="#A6A684" bold="true" italic="true" />
    <javadoc color="#629755" bold="false" italic="false" />
    <javadocLink color="#629755" bold="true" italic="true" underline="true" strikethrough="false" />
    <javadocTag color="#629755" bold="true" italic="true" />
    <javadocKeyword color="#629755" bold="true" italic="true" />
    <class color="#6897BB" bold="true" underline="false" strikethrough="false" />
    <interface color="#6897BB" bold="true" italic="true" />
    <method color="#FFFFFF" />
    <methodDeclaration color="#0099FF" />
    <bracket color="#D8D8D8" />
    <number color="#99FF00" />
    <string color="#99FF99" />
    <operator color="#FFFFFF" />
    <keyword color="#0099FF" bold="false" />
    <annotation color="#0099FF" />
    <staticMethod color="#FFFFFF" />
    <localVariable color="#FFFFFF" />
    <localVariableDeclaration color="#FFFFFF" />
    <field color="#FFCC33" bold="true" />
    <staticField color="#00FF00" bold="true" italic="true" underline="false" strikethrough="false" />
    <staticFinalField color="#00FF00" bold="true" italic="true" />
    <deprecatedMember color="#FFFFFF" italic="false" underline="false" strikethrough="true" />
    <enum color="#FFFFFF" />
    <inheritedMethod color="#FFFFFF" />
    <abstractMethod color="#FFFFFF" />
    <parameterVariable color="#FFFFFF" />
    <typeArgument color="#0099FF" />
    <typeParameter color="#0099FF" />
    <constant color="#FFFFFF" />
    <background color="#0D1622" />
    <currentLine color="#708080" />
    <foreground color="#FFFFFF" />
    <lineNumber color="#333333" />
    <selectionBackground color="#4E687D" />
    <selectionForeground color="#FFFFFF" />
</colorTheme>