<?xml version="1.0" encoding="utf-8"?>
<colorTheme id="488" name="Dark Pastel" modified="2011-03-09 13:29:27" author="Daniel Melzer">
    <searchResultIndication color="#D8D8D8" />
    <filteredSearchResultIndication color="#D8D8D8" />
    <occurrenceIndication color="#FFCC00" />
    <writeOccurrenceIndication color="#253E5A" />
    <findScope color="#111111" />
    <deletionIndication color="#D20019" />
    <sourceHoverBackground color="#000000" />
    <singleLineComment color="#A6A684" italic="true" />
    <multiLineComment color="#A6A684" italic="true" />
    <commentTaskTag color="#A6A684" bold="true" italic="true" />
    <javadoc color="#A6A684" bold="false" italic="true" />
    <javadocLink color="#A6A684" bold="true" italic="true" underline="true" strikethrough="false" />
    <javadocTag color="#A6A684" bold="true" italic="true" />
    <javadocKeyword color="#A6A684" bold="true" italic="true" />
    <class color="#FFFFFF" bold="true" italic="false" underline="false" strikethrough="false" />
    <interface color="#A0A0A0" bold="true" italic="true" />
    <method color="#FFFFFF" />
    <methodDeclaration color="#BED6FF" bold="false" />
    <bracket color="#D8D8D8" />
    <number color="#99FF00" bold="false" italic="false" />
    <string color="#99FF99" bold="false" italic="false" />
    <operator color="#FFFFFF" />
    <keyword color="#0099FF" bold="false" />
    <annotation color="#FFFFFF" />
    <staticMethod color="#0099FF" />
    <localVariable color="#99CCFF" />
    <localVariableDeclaration color="#99CCFF" />
    <field color="#FFFFFF" />
    <staticField color="#FFFFFF" />
    <staticFinalField color="#FFFFFF" />
    <deprecatedMember color="#D20019" underline="false" strikethrough="true" />
    <enum color="#99FF00" />
    <inheritedMethod color="#BED6FF" />
    <abstractMethod color="#BED6FF" />
    <parameterVariable color="#99CCFF" />
    <typeArgument color="#0099FF" />
    <typeParameter color="#0099FF" />
    <constant color="#FFFFFF" />
    <background color="#0D1622" />
    <currentLine color="#253E5A" />
    <foreground color="#FFFFFF" />
    <lineNumber color="#FFFFFF" />
    <selectionBackground color="#FFFFFF" />
    <selectionForeground color="#4E687D" />
</colorTheme>