<?xml version="1.0" encoding="utf-8"?>
<colorTheme id="1971" name="DBS Vim" modified="2011-06-01 12:39:37" author="shengy">
    <searchResultIndication color="#555500" />
    <filteredSearchResultIndication color="#555500" />
    <occurrenceIndication color="#005555" />
    <writeOccurrenceIndication color="#005555" />
    <findScope color="#222222" />
    <deletionIndication color="#FF5555" />
    <sourceHoverBackground color="#000000" />
    <singleLineComment color="#55FFFF" italic="false" />
    <multiLineComment color="#55FFFF" italic="false" />
    <commentTaskTag color="#55FFFF" bold="true" italic="false" />
    <javadoc color="#55FFFF" italic="false" />
    <javadocLink color="#55FFFF" italic="false" underline="true" strikethrough="false" />
    <javadocTag color="#55FFFF" bold="true" italic="false" />
    <javadocKeyword color="#55FFFF" bold="true" italic="false" />
    <class color="#55FF55" bold="false" underline="false" strikethrough="false" />
    <interface color="#55FF55" />
    <method color="#BBBBBB" />
    <methodDeclaration color="#BBBBBB" />
    <bracket color="#BBBBBB" />
    <number color="#FF55FF" />
    <string color="#FF55FF" />
    <operator color="#BBBBBB" />
    <keyword color="#FFFF55" bold="false" />
    <annotation color="#5555FF" />
    <staticMethod color="#BBBBBB" />
    <localVariable color="#EC691E" />
    <localVariableDeclaration color="#EC691E" />
    <field color="#EC691E" />
    <staticField color="#EC691E" />
    <staticFinalField color="#5555FF" />
    <deprecatedMember color="#FF5555" underline="false" strikethrough="true" />
    <enum color="#55FF55" />
    <inheritedMethod color="#BBBBBB" />
    <abstractMethod color="#BBBBBB" />
    <parameterVariable color="#EC691E" />
    <typeArgument color="#FF55FF" />
    <typeParameter color="#FF55FF" />
    <constant color="#5555FF" />
    <background color="#000000" />
    <currentLine color="#2A2A2A" />
    <foreground color="#BBBBBB" />
    <lineNumber color="#BBBBBB" />
    <selectionBackground color="#BBBBBB" />
    <selectionForeground color="#000000" />
</colorTheme>