<?xml version="1.0" encoding="utf-8"?>
<colorTheme id="871" name="ddd" modified="2011-03-25 05:53:15" author="ddc" website="ddd">
    <searchResultIndication color="#D8D8D8" />
    <filteredSearchResultIndication color="#D8D8D8" />
    <occurrenceIndication color="#000000" />
    <writeOccurrenceIndication color="#000000" />
    <findScope color="#111111" />
    <deletionIndication color="#D25252" />
    <sourceHoverBackground color="#000000" />
    <singleLineComment color="#808080" />
    <multiLineComment color="#808080" />
    <commentTaskTag color="#808080" />
    <javadoc color="#D0D0D0" />
    <javadocLink color="#D0D0D0" />
    <javadocTag color="#D0D0D0" />
    <javadocKeyword color="#F08080" bold="false" />
    <class color="#FFFFFF" bold="false" underline="false" strikethrough="false" />
    <interface color="#D197D9" />
    <method color="#FFFFFF" />
    <methodDeclaration color="#BED6FF" />
    <bracket color="#FFFFFF" />
    <number color="#7FB347" />
    <string color="#B3B784" bold="false" />
    <operator color="#F3F6EE" />
    <keyword color="#96BEDC" bold="false" />
    <annotation color="#FFFFFF" />
    <staticMethod color="#BED6FF" />
    <localVariable color="#79ABFF" />
    <localVariableDeclaration color="#BED6FF" />
    <field color="#BED6FF" />
    <staticField color="#EFC090" />
    <staticFinalField color="#EFC090" />
    <deprecatedMember color="#D25252" underline="false" strikethrough="true" />
    <enum color="#7FB347" />
    <inheritedMethod color="#BED6FF" />
    <abstractMethod color="#BED6FF" />
    <parameterVariable color="#79ABFF" />
    <typeArgument color="#BFA4A4" />
    <typeParameter color="#BFA4A4" />
    <constant color="#EFC090" />
    <background color="#1E1E1E" />
    <currentLine color="#2A2A2A" />
    <foreground color="#D8D8D8" />
    <lineNumber color="#D0D0D0" />
    <selectionBackground color="#000000" />
    <selectionForeground color="#D0D0D0" />
</colorTheme>