<?xml version="1.0" encoding="utf-8"?>
<colorTheme id="1521" name="deathmarch" modified="2011-05-10 00:43:31" author="shuji.w6e">
    <searchResultIndication color="#D9EDFA" />
    <filteredSearchResultIndication color="#D9EDFA" />
    <occurrenceIndication color="#EDDFE8" />
    <writeOccurrenceIndication color="#EDDFE8" />
    <findScope color="#DFE6EB" />
    <deletionIndication color="#A33F00" underline="false" strikethrough="true" />
    <sourceHoverBackground color="#DFE6EB" />
    <singleLineComment color="#819FB3" bold="false" italic="true" />
    <multiLineComment color="#819FB3" bold="false" italic="true" />
    <commentTaskTag color="#819FB3" bold="false" />
    <javadoc color="#400429" italic="true" />
    <javadocLink color="#400429" bold="false" />
    <javadocTag color="#400429" bold="false" italic="true" />
    <javadocKeyword color="#042940" bold="false" />
    <class color="#1884F0" bold="true" />
    <interface color="#1884F0" bold="false" italic="true" />
    <method color="#042940" bold="false" />
    <methodDeclaration color="#A33F00" bold="false" italic="false" underline="false" strikethrough="false" />
    <bracket color="#444444" bold="false" />
    <number color="#009999" bold="false" />
    <string color="#4F8001" bold="false" />
    <operator color="#111111" />
    <keyword color="#4F8001" bold="false" />
    <annotation color="#042940" bold="true" />
    <staticMethod color="#042940" bold="false" italic="true" />
    <localVariable color="#042940" />
    <localVariableDeclaration color="#042940" />
    <field color="#A33F00" />
    <staticField color="#A33F00" bold="false" italic="true" underline="false" strikethrough="false" />
    <staticFinalField color="#A33F00" italic="true" />
    <deprecatedMember color="#A33F00" bold="false" underline="false" strikethrough="true" />
    <enum color="#042940" bold="true" />
    <inheritedMethod color="#042940" />
    <abstractMethod color="#042940" />
    <parameterVariable color="#042940" />
    <typeArgument color="#042940" />
    <typeParameter color="#042940" />
    <constant color="#000000" />
    <background color="#FFFFFF" />
    <currentLine color="#EFF6FB" />
    <foreground color="#050505" />
    <lineNumber color="#042940" />
    <selectionBackground color="#DFE6EB" />
    <selectionForeground color="#020202" />
</colorTheme>