<?xml version="1.0" encoding="utf-8"?>
<colorTheme id="2024" name="deeppurple " modified="2011-06-05 19:16:33" author="dong" website="deeppurple ">
    <searchResultIndication color="#126F00" />
    <filteredSearchResultIndication color="#126F00" />
    <occurrenceIndication color="#1C003B" />
    <writeOccurrenceIndication color="#1C003B" />
    <findScope color="#126F00" />
    <deletionIndication color="#D25252" />
    <sourceHoverBackground color="#1C003B" />
    <singleLineComment color="#C7AEFF" italic="false" />
    <multiLineComment color="#C7AEFF" italic="false" />
    <commentTaskTag color="#B957FE" italic="false" />
    <javadoc color="#B957FE" italic="false" />
    <javadocLink color="#B957FE" italic="false" />
    <javadocTag color="#E375FF" italic="false" />
    <javadocKeyword color="#E375FF" italic="false" />
    <class color="#F67800" bold="true" underline="false" strikethrough="false" />
    <interface color="#D197D9" />
    <method color="#FFD03F" bold="true" />
    <methodDeclaration color="#BED6FF" />
    <bracket color="#FFFFFF" />
    <number color="#3ED8FF" />
    <string color="#00E931" />
    <operator color="#FFFFFF" bold="false" italic="false" />
    <keyword color="#FFFAD8" bold="false" />
    <annotation color="#FFFFFF" bold="false" />
    <staticMethod color="#BED6FF" bold="false" italic="false" underline="false" strikethrough="false" />
    <localVariable color="#79ABFF" />
    <localVariableDeclaration color="#7B7EFF" />
    <field color="#BED6FF" bold="false" italic="false" underline="false" strikethrough="false" />
    <staticField color="#EFC090" italic="false" />
    <staticFinalField color="#EFC090" />
    <deprecatedMember color="#D25252" underline="false" strikethrough="false" />
    <enum color="#7FB347" />
    <inheritedMethod color="#BED6FF" bold="false" />
    <abstractMethod color="#BED6FF" bold="false" />
    <parameterVariable color="#79ABFF" />
    <typeArgument color="#BFA4A4" bold="false" />
    <typeParameter color="#BFA4A4" bold="false" />
    <constant color="#EFC090" />
    <background color="#1C003B" />
    <currentLine color="#2C005D" />
    <foreground color="#FFFFFF" />
    <lineNumber color="#4E0062" />
    <selectionBackground color="#342A96" />
    <selectionForeground color="#FFFFFF" />
</colorTheme>