<?xml version="1.0" encoding="utf-8"?>
<colorTheme id="499" name="deep black" modified="2011-02-27 17:05:58" author="sinkpoint">
    <occurrenceIndication color="#616161" />
    <findScope color="#191919" />
    <deletionIndication color="#FF0000" />
    <singleLineComment color="#666666" />
    <multiLineComment color="#666666" />
    <commentTaskTag color="#666666" />
    <javadoc color="#666666" />
    <javadocLink color="#666666" />
    <javadocTag color="#999999" />
    <javadocKeyword color="#999999" />
    <class color="#F7C527" />
    <interface color="#F7C527" />
    <method color="#F7D366" />
    <methodDeclaration color="#F7D366" bold="true" />
    <bracket color="#B5B5B5" />
    <number color="#D849F4" />
    <string color="#80FF00" />
    <operator color="#FFFFFF" />
    <keyword color="#4AE3F7" />
    <annotation color="#999999" />
    <staticMethod color="#FFFFFF" />
    <localVariable color="#E27A12" />
    <localVariableDeclaration color="#E27A12" bold="true" />
    <field color="#F7D366" underline="false" strikethrough="false" />
    <staticField color="#FFFFFF" />
    <staticFinalField color="#E27A12" italic="true" />
    <deprecatedMember color="#FFFFFF" />
    <enum color="#E27A12" italic="true" />
    <inheritedMethod color="#F7C527" />
    <abstractMethod color="#F7C527" />
    <parameterVariable color="#E27A12" underline="true" strikethrough="false" />
    <typeArgument color="#D9B0AC" />
    <typeParameter color="#CDB1AD" />
    <background color="#000000" />
    <currentLine color="#222220" />
    <foreground color="#FFFFFF" />
    <lineNumber color="#999999" />
    <selectionBackground color="#444444" />
    <selectionForeground color="#FFFFFF" />
</colorTheme>