<?xml version="1.0" encoding="utf-8"?>
<colorTheme id="1260" name="deltamix2" modified="2011-04-14 20:31:25" author="delta">
    <searchResultIndication color="#006080" />
    <filteredSearchResultIndication color="#606080" />
    <occurrenceIndication color="#000000" />
    <writeOccurrenceIndication color="#000000" />
    <findScope color="#FFFFFF" />
    <deletionIndication color="#FFFFFF" />
    <sourceHoverBackground color="#FFFFFF" />
    <singleLineComment color="#00E000" />
    <multiLineComment color="#00E000" />
    <commentTaskTag color="#00FF00" />
    <javadoc color="#CCDF32" />
    <javadocLink color="#D9E577" />
    <javadocTag color="#D9E577" />
    <javadocKeyword color="#D9E577" />
    <class color="#FF8080" />
    <interface color="#D197D9" />
    <method color="#D0D0D0" />
    <methodDeclaration color="#BED6FF" />
    <bracket color="#D0D0D0" />
    <number color="#FFFF00" />
    <string color="#DC78DC" />
    <operator color="#FF2020" />
    <keyword color="#00D0D0" />
    <annotation color="#FFFFFF" />
    <staticMethod color="#BED6FF" />
    <localVariable color="#79ABFF" />
    <localVariableDeclaration color="#BED6FF" />
    <field color="#BED6FF" />
    <staticField color="#EFC090" />
    <staticFinalField color="#EFC090" />
    <deprecatedMember color="#FFFFFF" />
    <enum color="#FFFFFF" />
    <inheritedMethod color="#BED6FF" />
    <abstractMethod color="#BED6FF" />
    <parameterVariable color="#79ABFF" />
    <typeArgument color="#BFA4A4" />
    <typeParameter color="#BFA4A4" />
    <constant color="#FFFF00" />
    <background color="#101020" />
    <currentLine color="#202030" />
    <foreground color="#D0D0D0" />
    <lineNumber color="#2B91AF" />
    <selectionBackground color="#0000FF" />
    <selectionForeground color="#FFFFFF" />
</colorTheme>