<?xml version="1.0" encoding="utf-8"?>
<colorTheme id="472" name="Dennso" modified="2011-02-25 19:16:11" author="Dennso" website="http://www.milepics.com">
    <searchResultIndication color="#D8D8D8" />
    <filteredSearchResultIndication color="#D8D8D8" />
    <occurrenceIndication color="#000000" />
    <writeOccurrenceIndication color="#000000" />
    <findScope color="#111111" />
    <deletionIndication color="#D25252" />
    <sourceHoverBackground color="#000000" />
    <singleLineComment color="#007A00" />
    <multiLineComment color="#007A00" />
    <commentTaskTag color="#007A00" />
    <javadoc color="#007A00" />
    <javadocLink color="#D9E577" />
    <javadocTag color="#D9E577" />
    <javadocKeyword color="#D9E577" />
    <class color="#8888FF" bold="true" italic="false" underline="false" strikethrough="false" />
    <interface color="#D197D9" />
    <method color="#8888FF" />
    <methodDeclaration color="#0035FF" />
    <bracket color="#D0FF00" bold="false" italic="false" />
    <number color="#7FB347" bold="false" />
    <string color="#FF8500" bold="false" />
    <operator color="#D0FF00" />
    <keyword color="#0035FF" bold="false" />
    <annotation color="#FFFFFF" />
    <staticMethod color="#FF0000" />
    <localVariable color="#FFFFFF" />
    <localVariableDeclaration color="#4366FF" />
    <field color="#FFFFFF" />
    <staticField color="#EFC090" />
    <staticFinalField color="#EFC090" />
    <deprecatedMember color="#D25252" underline="false" strikethrough="true" />
    <enum color="#7FB347" />
    <inheritedMethod color="#0065FF" />
    <abstractMethod color="#0065FF" />
    <parameterVariable color="#FFFFFF" />
    <typeArgument color="#D25252" />
    <typeParameter color="#D25252" />
    <constant color="#FF2A00" />
    <background color="#191919" />
    <currentLine color="#3A3A3A" />
    <foreground color="#D8D8D8" />
    <lineNumber color="#D0D0D0" />
    <selectionBackground color="#FFFF77" />
    <selectionForeground color="#000000" />
</colorTheme>