<?xml version="1.0" encoding="utf-8"?>
<colorTheme id="1457" name="DesertNight" modified="2011-04-27 18:45:06" author="profKonyn">
    <searchResultIndication color="#464467" />
    <filteredSearchResultIndication color="#3F3F6A" />
    <occurrenceIndication color="#616161" />
    <writeOccurrenceIndication color="#948567" />
    <findScope color="#BCADAD" />
    <sourceHoverBackground color="#a19879" />
    <singleLineComment color="#99968b" />
    <multiLineComment color="#99968b" />
    <commentTaskTag color="#ACC1AC" />
    <javadoc color="#b3b5af" />
    <javadocLink color="#a7a7d1" />
    <javadocTag color="#a7a7d1" />
    <javadocKeyword color="#f08080" />
    <class color="#FFAC1D" bold="true" />
    <interface color="#FFAC1D" bold="false" />
    <method color="#F3F6EE" />
    <methodDeclaration color="#f3f6ee" />
    <bracket color="#f3f6ee" />
    <number color="#f08080" />
    <string color="#95e454" />
    <operator color="#f3f6ee" />
    <keyword color="#94A0FC" bold="true" />
    <annotation color="#808080" />
    <staticMethod color="#C4C4B7" />
    <localVariable color="#D4C4A9" />
    <localVariableDeclaration color="#D4C4A9" />
    <field color="#cae682" />
    <staticField color="#93A2CC" />
    <staticFinalField color="#53dccd" />
    <deprecatedMember color="#FFFFFF" />
    <background color="#2C2C45" />
    <currentLine color="#375552" />
    <foreground color="#FEFF00" />
    <lineNumber color="#858585" />
    <selectionBackground color="#3399FF" />
    <selectionForeground color="#FFFFFF" />
</colorTheme>