<?xml version="1.0" encoding="utf-8"?>
<colorTheme id="831" name="Desert" modified="2011-03-23 21:40:02" author="AZM">
    <searchResultIndication color="#464467" />
    <filteredSearchResultIndication color="#3F3F6A" />
    <occurrenceIndication color="#616161" />
    <writeOccurrenceIndication color="#948567" />
    <findScope color="#BCADAD" />
    <sourceHoverBackground color="#A19879" />
    <singleLineComment color="#87CEEB" bold="false" />
    <multiLineComment color="#87CEEB" />
    <commentTaskTag color="#EEEE00" bold="true" />
    <javadoc color="#B3B5AF" />
    <javadocLink color="#A893CC" />
    <javadocTag color="#9393CC" />
    <javadocKeyword color="#CC9393" bold="false" />
    <class color="#CAE682" bold="false" />
    <interface color="#CAE682" />
    <method color="#FFDAAB" />
    <methodDeclaration color="#FFDAAB" bold="true" />
    <bracket color="#FFFDD0" />
    <number color="#FFA0A0" />
    <string color="#FFA0A0" />
    <operator color="#FFFDD0" />
    <keyword color="#BDB76B" bold="true" />
    <annotation color="#CD5C5C" />
    <staticMethod color="#C4C4B7" />
    <localVariable color="#FFFDD0" />
    <localVariableDeclaration color="#FFFDD0" bold="false" />
    <field color="#B3B784" bold="false" />
    <staticField color="#93A2CC" bold="false" />
    <staticFinalField color="#53DCCD" bold="false" />
    <deprecatedMember color="#FFFFFF" bold="false" underline="false" strikethrough="true" />
    <constant color="#FFA0A0" />
    <background color="#282828" />
    <currentLine color="#484848" />
    <foreground color="#FFFDD0" />
    <lineNumber color="#A0A0A0" />
    <selectionBackground color="#6B8E23" />
    <selectionForeground color="#F0E68C" />
</colorTheme>