<?xml version="1.0" encoding="utf-8"?>
<colorTheme id="159" name="Desert 256" modified="2011-02-06 09:37:43" author="Lucas Martin-King" website="http://www.lumaki.com">
    <occurrenceIndication color="#616161" />
    <sourceHoverBackground color="#FFFFFF" />
    <singleLineComment color="#87ceeb" />
    <multiLineComment color="#87ceeb" />
    <commentTaskTag color="#FF8BFF" />
    <class color="#FFFFFF" />
    <interface color="#87FAC4" />
    <method color="#FFFFFF" />
    <methodDeclaration color="#ffdead" />
    <bracket color="#ffdead" />
    <number color="#ffa0a0" />
    <string color="#ffa0a0" />
    <operator color="#f0e68c" />
    <keyword color="#ffdead" />
    <staticMethod color="#FFFFFF" />
    <localVariable color="#98fb98" />
    <localVariableDeclaration color="#98fb98" />
    <parameterVariable color="#98fb98" />
    <typeArgument color="#FFFFFF" />
    <typeParameter color="#FFFFFF" />
    <background color="#333333" />
    <currentLine color="#4d4d4d" />
    <foreground color="#ffdead" />
    <lineNumber color="#ffff00" />
    <selectionBackground color="#aab88c" />
    <selectionForeground color="#f0e68c" />
</colorTheme>