<?xml version="1.0" encoding="utf-8"?>
<colorTheme id="265" name="Designer. Developer." modified="2011-02-15 06:57:36" author="Kevin Suttle" website="http://kevinsuttle.com">
    <searchResultIndication color="#EFEFEF" />
    <filteredSearchResultIndication color="#EFEFEF" />
    <occurrenceIndication color="#EFEFEF" />
    <writeOccurrenceIndication color="#EFEFEF" />
    <findScope color="#BFBEBC" />
    <deletionIndication color="#FF0000" />
    <sourceHoverBackground color="#EEEEEE" />
    <singleLineComment color="#BFBEBC" italic="true" />
    <multiLineComment color="#BFBEBC" italic="true" />
    <commentTaskTag color="#FF9900" />
    <javadoc color="#777777" bold="false" />
    <javadocLink color="#777777" bold="false" />
    <javadocTag color="#777777" bold="true" />
    <javadocKeyword color="#777777" bold="false" />
    <class color="#00FFFF" />
    <interface color="#00FFFF" />
    <method color="#00FFFF" />
    <methodDeclaration color="#00FFFF" />
    <bracket color="#FFFFFF" />
    <number color="#CCFF33" />
    <string color="#CCFF33" />
    <operator color="#FFFFFF" />
    <keyword color="#00FFFF" />
    <annotation color="#FF9900" />
    <staticMethod color="#00FFFF" />
    <localVariable color="#00FFFF" />
    <localVariableDeclaration color="#00FFFF" />
    <field color="#00FFFF" />
    <staticField color="#00FFFF" />
    <staticFinalField color="#00FFFF" />
    <deprecatedMember color="#FF0000" />
    <enum color="#00FFFF" />
    <inheritedMethod color="#00FFFF" />
    <abstractMethod color="#00FFFF" />
    <parameterVariable color="#FFFFFF" />
    <typeArgument color="#00FFFF" />
    <typeParameter color="#00FFFF" />
    <constant color="#FFFFFF" />
    <background color="#242424" />
    <currentLine color="#000000" />
    <foreground color="#FFFFFF" />
    <lineNumber color="#666666" />
    <selectionBackground color="#777777" />
    <selectionForeground color="#FFFFFF" />
</colorTheme>