<?xml version="1.0" encoding="utf-8"?>
<colorTheme id="324" name="DevMXII" modified="2011-02-17 15:17:14" author="Mat" website="http://www.devmx.com">
    <searchResultIndication color="#3B6C7A" />
    <filteredSearchResultIndication color="#3B6C7A" />
    <occurrenceIndication color="#3B6C7A" />
    <writeOccurrenceIndication color="#3B6C7A" />
    <findScope color="#E0E2E4" />
    <deletionIndication color="#FFFFFF" />
    <sourceHoverBackground color="#FFFFFF" />
    <singleLineComment color="#E7ACFF" />
    <multiLineComment color="#E7ACFF" />
    <commentTaskTag color="#E7ACFF" />
    <javadoc color="#E7ACFF" />
    <javadocLink color="#66CCFF" />
    <javadocTag color="#FF618E" />
    <javadocKeyword color="#A082BD" />
    <class color="#FFFFFF" />
    <interface color="#FFFFFF" />
    <method color="#FFFFFF" />
    <methodDeclaration color="#E8E2B7" />
    <bracket color="#E8E2B7" />
    <number color="#FF4949" />
    <string color="#F0FE56" />
    <operator color="#FFFFFF" />
    <keyword color="#BCFD7C" />
    <annotation color="#A082BD" />
    <staticMethod color="#E0E2E4" />
    <localVariable color="#66CCFF" />
    <localVariableDeclaration color="#66CCFF" />
    <field color="#66CCFF" />
    <staticField color="#66CCFF" />
    <staticFinalField color="#FFFFFF" />
    <deprecatedMember color="#FFFFFF" />
    <enum color="#FFFFFF" />
    <inheritedMethod color="#FFFFFF" />
    <abstractMethod color="#FFFFFF" />
    <parameterVariable color="#FFFFFF" />
    <typeArgument color="#FFFFFF" />
    <typeParameter color="#FFFFFF" />
    <constant color="#A082BD" />
    <background color="#293134" />
    <currentLine color="#2F393C" />
    <foreground color="#FFFFFF" />
    <lineNumber color="#81969A" />
    <selectionBackground color="#3B6C7A" />
    <selectionForeground color="#E0E2E4" />
</colorTheme>