<?xml version="1.0" encoding="utf-8"?>
<colorTheme id="1622" name="dim" modified="2011-05-09 16:54:36" author="Thiago">
    <searchResultIndication color="#616161" />
    <filteredSearchResultIndication color="#616161" />
    <occurrenceIndication color="#616161" />
    <writeOccurrenceIndication color="#616161" />
    <findScope color="#E0E2E4" />
    <deletionIndication color="#E0E2E4" underline="false" strikethrough="true" />
    <sourceHoverBackground color="#FFFFFF" />
    <singleLineComment color="#7D8C93" />
    <multiLineComment color="#7D8C93" />
    <commentTaskTag color="#a57b61" />
    <javadoc color="#7D8C93" />
    <javadocLink color="#678CB1" />
    <javadocTag color="#E0E2E4" />
    <javadocKeyword color="#A082BD" />
    <class color="#DADADA" bold="true" />
    <interface color="#DADADA" />
    <method color="#DADADA" />
    <methodDeclaration color="#DADADA" bold="true" underline="false" strikethrough="false" />
    <bracket color="#DADADA" />
    <number color="#C78D9B" />
    <string color="#EAE2BA" />
    <operator color="#DADADA" bold="true" />
    <keyword color="#35DDD7" bold="true" underline="false" strikethrough="false" />
    <annotation color="#CD77AA" />
    <staticMethod color="#DADADA" italic="true" />
    <localVariable color="#12A9AA" />
    <localVariableDeclaration color="#12A9AA" />
    <field color="#AADFDF" />
    <staticField color="#AADFDF" italic="true" />
    <staticFinalField color="#77CFCF" italic="true" />
    <deprecatedMember color="#E0E2E4" underline="false" strikethrough="true" />
    <enum color="#E0E2E4" />
    <inheritedMethod color="#DADADA" />
    <abstractMethod color="#DADADA" italic="true" />
    <parameterVariable color="#D0AAAF" />
    <typeArgument color="#A6F5FA" />
    <typeParameter color="#9CE0E0" />
    <constant color="#A082BD" />
    <background color="#000000" />
    <currentLine color="#2F393C" />
    <foreground color="#C0C0C0" />
    <lineNumber color="#81969A" />
    <selectionBackground color="#757575" />
    <selectionForeground color="#C0C0C0" />
</colorTheme>