<?xml version="1.0" encoding="utf-8"?>
<colorTheme id="1228" name="Discipol" modified="2011-04-13 20:54:49" author="Discipol">
    <searchResultIndication color="#616161" />
    <filteredSearchResultIndication color="#616161" />
    <occurrenceIndication color="#616161" />
    <writeOccurrenceIndication color="#616161" />
    <findScope color="#E0E2E4" />
    <deletionIndication color="#E0E2E4" />
    <sourceHoverBackground color="#FFFFFF" />
    <singleLineComment color="#7D8C93" />
    <multiLineComment color="#7D8C93" />
    <commentTaskTag color="#FF8BFF" />
    <javadoc color="#7D8C93" bold="false" />
    <javadocLink color="#678CB1" bold="false" />
    <javadocTag color="#E0E2E4" bold="false" />
    <javadocKeyword color="#A082BD" />
    <class color="#FFFF00" bold="true" />
    <interface color="#FFFF00" bold="true" />
    <method color="#8AC6F2" bold="false" />
    <methodDeclaration color="#E8E2B7" />
    <bracket color="#FFFFFF" bold="true" underline="false" strikethrough="false" />
    <number color="#678CB1" bold="true" />
    <string color="#678CB1" bold="true" italic="false" underline="false" strikethrough="false" />
    <operator color="#FFFFFF" italic="false" />
    <keyword color="#8AC6F2" bold="true" italic="false" />
    <annotation color="#A082BD" />
    <staticMethod color="#E0E2E4" />
    <localVariable color="#E0E2E4" />
    <localVariableDeclaration color="#E0E2E4" />
    <field color="#678CB1" />
    <staticField color="#678CB1" />
    <staticFinalField color="#E0E2E4" />
    <deprecatedMember color="#E0E2E4" />
    <enum color="#E0E2E4" />
    <inheritedMethod color="#E0E2E4" />
    <abstractMethod color="#E0E2E4" />
    <parameterVariable color="#E0E2E4" />
    <typeArgument color="#E0E2E4" />
    <typeParameter color="#E0E2E4" />
    <constant color="#A082BD" />
    <background color="#293134" />
    <currentLine color="#2F393C" />
    <foreground color="#E0E2E4" />
    <lineNumber color="#FFFFFF" />
    <selectionBackground color="#AAAAAA" />
    <selectionForeground color="#E0E2E4" />
</colorTheme>