<?xml version="1.0" encoding="utf-8"?>
<colorTheme id="1809" name="Distinction" modified="2011-05-22 02:16:50" author="Dan Bjorge">
    <searchResultIndication color="#000000" />
    <filteredSearchResultIndication color="#000000" />
    <occurrenceIndication color="#000000" />
    <writeOccurrenceIndication color="#000000" />
    <findScope color="#111111" />
    <deletionIndication color="#D25252" />
    <sourceHoverBackground color="#000000" />
    <singleLineComment color="#A7ED6C" bold="false" italic="false" />
    <multiLineComment color="#A7ED6C" bold="false" italic="false" />
    <commentTaskTag color="#A7ED6C" bold="true" italic="true" underline="true" strikethrough="false" />
    <javadoc color="#2BB373" bold="false" italic="false" underline="false" strikethrough="false" />
    <javadocLink color="#2BB373" bold="true" italic="false" underline="true" strikethrough="false" />
    <javadocTag color="#2BB373" bold="true" italic="false" underline="false" strikethrough="false" />
    <javadocKeyword color="#2BB373" bold="true" italic="false" underline="false" strikethrough="false" />
    <class color="#A2A2F2" bold="false" italic="false" underline="false" strikethrough="false" />
    <interface color="#A2A2F2" bold="false" italic="true" />
    <method color="#79ABFF" bold="false" />
    <methodDeclaration color="#79ABFF" bold="true" />
    <bracket color="#D8D8D8" />
    <number color="#FFA000" />
    <string color="#FFC600" />
    <operator color="#D8D8D8" bold="false" />
    <keyword color="#D8D8D8" bold="true" italic="false" />
    <annotation color="#A2A2F2" />
    <staticMethod color="#79ABFF" bold="false" italic="true" />
    <localVariable color="#BED6FF" />
    <localVariableDeclaration color="#BED6FF" bold="true" />
    <field color="#FFA6AE" />
    <staticField color="#FFA6AE" italic="true" />
    <staticFinalField color="#FFA000" bold="false" italic="true" underline="false" strikethrough="false" />
    <deprecatedMember color="#D25252" underline="false" strikethrough="true" />
    <enum color="#FFA000" bold="true" italic="false" underline="false" strikethrough="false" />
    <inheritedMethod color="#79ABFF" bold="false" />
    <abstractMethod color="#79ABFF" bold="false" italic="true" />
    <parameterVariable color="#BED6FF" underline="true" strikethrough="false" />
    <typeArgument color="#BED6FF" bold="false" underline="true" strikethrough="false" />
    <typeParameter color="#BED6FF" bold="false" underline="true" strikethrough="false" />
    <constant color="#FFA000" bold="false" />
    <background color="#060606" />
    <currentLine color="#2A2A2A" />
    <foreground color="#D8D8D8" />
    <lineNumber color="#D0D0D0" />
    <selectionBackground color="#000000" />
    <selectionForeground color="#D0D0D0" />
</colorTheme>