<?xml version="1.0" encoding="utf-8"?>
<colorTheme id="1451" name="Django Green" modified="2011-04-28 08:15:28" author="Emanuel Claesson" website="http://eclaesson.com">
    <searchResultIndication color="#DCCF12" />
    <filteredSearchResultIndication color="#DCCF12" />
    <occurrenceIndication color="#BDDF80" />
    <writeOccurrenceIndication color="#BDDF80" />
    <findScope color="#BDDF80" />
    <deletionIndication color="#000000" />
    <sourceHoverBackground color="#DFFFDD" />
    <singleLineComment color="#999988" italic="true" />
    <multiLineComment color="#999988" italic="true" />
    <commentTaskTag color="#999988" bold="true" italic="true" />
    <javadoc color="#999988" italic="true" />
    <javadocLink color="#999988" italic="true" underline="true" strikethrough="false" />
    <javadocTag color="#999988" bold="true" italic="true" />
    <javadocKeyword color="#999988" bold="false" italic="true" />
    <class color="#445588" bold="true" />
    <interface color="#445588" bold="true" />
    <method color="#000000" bold="false" />
    <methodDeclaration color="#990000" bold="true" />
    <bracket color="#000000" />
    <number color="#009999" />
    <string color="#BB8844" />
    <operator color="#000000" />
    <keyword color="#999999" />
    <annotation color="#999999" italic="true" />
    <staticMethod color="#000000" />
    <localVariable color="#000000" />
    <localVariableDeclaration color="#000000" />
    <field color="#000000" />
    <staticField color="#000000" italic="false" />
    <staticFinalField color="#000000" />
    <deprecatedMember color="#000000" underline="false" strikethrough="true" />
    <enum color="#445588" bold="true" />
    <inheritedMethod color="#000000" />
    <abstractMethod color="#000000" />
    <parameterVariable color="#000000" />
    <typeArgument color="#000000" />
    <typeParameter color="#000000" />
    <constant color="#000000" bold="true" italic="true" />
    <background color="#E0FFB8" />
    <currentLine color="#BDDF80" />
    <foreground color="#000000" />
    <lineNumber color="#555555" />
    <selectionBackground color="#04DA3A" />
    <selectionForeground color="#E0FFB8" />
</colorTheme>