<?xml version="1.0" encoding="utf-8"?>
<colorTheme id="1634" name="Djuma" modified="2011-05-10 19:05:45" author="Milos">
    <searchResultIndication color="#616161" />
    <filteredSearchResultIndication color="#616161" />
    <occurrenceIndication color="#616161" />
    <writeOccurrenceIndication color="#616161" />
    <findScope color="#E0E2E4" />
    <deletionIndication color="#E0E2E4" bold="false" italic="false" />
    <sourceHoverBackground color="#FFFFFF" />
    <singleLineComment color="#9D9D9D" bold="false" italic="true" underline="false" strikethrough="false" />
    <multiLineComment color="#9D9D9D" bold="false" italic="true" underline="false" strikethrough="false" />
    <commentTaskTag color="#FF8BFF" italic="false" />
    <javadoc color="#7D8C93" />
    <javadocLink color="#678CB1" bold="false" italic="false" underline="false" strikethrough="false" />
    <javadocTag color="#E0E2E4" />
    <javadocKeyword color="#A082BD" />
    <class color="#DE5F2F" bold="false" italic="false" />
    <interface color="#678CB1" bold="false" italic="false" />
    <method color="#678CB1" bold="false" italic="false" underline="false" strikethrough="false" />
    <methodDeclaration color="#E8E2B7" underline="false" strikethrough="false" />
    <bracket color="#E8E2B7" underline="false" strikethrough="false" />
    <number color="#FFCD22" bold="false" underline="false" strikethrough="false" />
    <string color="#78BE42" bold="false" underline="false" strikethrough="false" />
    <operator color="#E8E2B7" underline="false" strikethrough="false" />
    <keyword color="#66A0D6" bold="false" italic="false" underline="false" strikethrough="false" />
    <annotation color="#A082BD" />
    <staticMethod color="#E0E2E4" bold="false" />
    <localVariable color="#E0E2E4" bold="false" />
    <localVariableDeclaration color="#E0E2E4" bold="false" />
    <field color="#678CB1" bold="false" />
    <staticField color="#678CB1" bold="false" />
    <staticFinalField color="#E0E2E4" bold="false" />
    <deprecatedMember color="#E0E2E4" bold="false" />
    <enum color="#E0E2E4" bold="false" />
    <inheritedMethod color="#E0E2E4" bold="false" />
    <abstractMethod color="#E0E2E4" bold="false" />
    <parameterVariable color="#E0E2E4" bold="false" />
    <typeArgument color="#E0E2E4" bold="false" />
    <typeParameter color="#E0E2E4" bold="false" underline="false" strikethrough="false" />
    <constant color="#A082BD" underline="false" strikethrough="false" />
    <background color="#293134" />
    <currentLine color="#2F393C" />
    <foreground color="#E0E2E4" />
    <lineNumber color="#81969A" />
    <selectionBackground color="#804000" />
    <selectionForeground color="#E0E2E4" />
</colorTheme>