<?xml version="1.0" encoding="utf-8"?>
<colorTheme id="1888" name="DM Solarized" modified="2011-05-27 11:11:41" author="James Frost">
    <searchResultIndication color="#EFEFEF" />
    <filteredSearchResultIndication color="#EFEFEF" />
    <occurrenceIndication color="#EFEFEF" />
    <writeOccurrenceIndication color="#EFEFEF" />
    <findScope color="#BCADff" />
    <deletionIndication color="#aaccff" />
    <sourceHoverBackground color="#EEEEEE" />
    <singleLineComment color="#586E75" italic="true" />
    <multiLineComment color="#586E75" />
    <commentTaskTag color="#F57900" bold="true" />
    <javadoc color="#586E75" />
    <javadocLink color="#586E75" />
    <javadocTag color="#586E75" bold="true" />
    <javadocKeyword color="#93A1A1" />
    <class color="#93A1A1" />
    <interface color="#93A1A1" />
    <method color="#EEE8D5" bold="false" />
    <methodDeclaration color="#859900" bold="true" />
    <bracket color="#586E75" />
    <number color="#2AA198" />
    <string color="#CB4B16" />
    <operator color="#EEE8D5" />
    <keyword color="#859900" bold="false" />
    <annotation color="#268BD2" bold="true" />
    <staticMethod color="#EEE8D5" />
    <localVariable color="#EEE8D5" />
    <localVariableDeclaration color="#EEE8D5" />
    <field color="#EEE8D5" />
    <staticField color="#EEE8D5" italic="true" />
    <staticFinalField color="#EEE8D5" italic="true" />
    <deprecatedMember color="#586E75" underline="false" strikethrough="true" />
    <enum color="#93A1A1" />
    <inheritedMethod color="#93A1A1" />
    <abstractMethod color="#EEE8D5" />
    <parameterVariable color="#586E75" />
    <typeArgument color="#839496" />
    <typeParameter color="#93A1A1" />
    <constant color="#EEE8D5" italic="true" />
    <background color="#002B36" />
    <currentLine color="#073642" />
    <foreground color="#D3D7CF" />
    <lineNumber color="#586E75" />
    <selectionBackground color="#073642" />
    <selectionForeground color="#93A1A1" />
</colorTheme>