<?xml version="1.0" encoding="utf-8"?>
<colorTheme id="827" name="DM" modified="2011-03-31 06:55:06" author="cicadapan">
    <searchResultIndication color="#464467" />
    <filteredSearchResultIndication color="#3f3f6a" />
    <occurrenceIndication color="#616161" />
    <writeOccurrenceIndication color="#948567" />
    <findScope color="#BCADAD" />
    <sourceHoverBackground color="#a19879" />
    <singleLineComment color="#99968b" />
    <multiLineComment color="#99968b" />
    <commentTaskTag color="#ACC1AC" bold="false" italic="false" />
    <javadoc color="#b3b5af" />
    <javadocLink color="#a7a7d1" />
    <javadocTag color="#A7A7D1" />
    <javadocKeyword color="#f08080" />
    <class color="#CAE682" />
    <interface color="#CAE682" />
    <method color="#FF0000" bold="false" />
    <methodDeclaration color="#FF0000" />
    <bracket color="#F3F6EE" />
    <number color="#F08080" />
    <string color="#95e454" />
    <operator color="#CFCFCF" />
    <keyword color="#9696FF" />
    <annotation color="#808080" bold="false" />
    <staticMethod color="#C4C4B7" />
    <localVariable color="#D4C4A9" />
    <localVariableDeclaration color="#D4C4A9" />
    <field color="#cae682" />
    <staticField color="#93A2CC" />
    <staticFinalField color="#53DCCD" />
    <deprecatedMember color="#FFFFFF" />
    <background color="#183050" />
    <currentLine color="#008080" />
    <foreground color="#C0C0C0" />
    <lineNumber color="#C0C0C0" />
    <selectionBackground color="#407050" />
    <selectionForeground color="#FFFFFF" />
</colorTheme>