<?xml version="1.0" encoding="utf-8"?>
<colorTheme id="123" name="doc" modified="2011-02-02 23:29:48" author="Kent">
    <searchResultIndication color="#D8D8D8" />
    <filteredSearchResultIndication color="#D8D8D8" />
    <occurrenceIndication color="#000000" />
    <writeOccurrenceIndication color="#000000" />
    <findScope color="#000000" />
    <deletionIndication color="#FF5252" />
    <sourceHoverBackground color="#000000" />
    <singleLineComment color="#735353" />
    <multiLineComment color="#735353" />
    <commentTaskTag color="#937373" />
    <javadoc color="#937373" />
    <javadocLink color="#937373" />
    <javadocTag color="#937373" />
    <javadocKeyword color="#937373" />
    <class color="#FFBF32" />
    <interface color="#D197D9" />
    <method color="#FFFFFF" />
    <methodDeclaration color="#BED6FF" />
    <bracket color="#D8D8D8" />
    <number color="#7FB347" />
    <string color="#55E625" />
    <operator color="#D8D8D8" />
    <keyword color="#FFFFFF" />
    <annotation color="#FFFFFF" />
    <staticMethod color="#79ABFF" />
    <localVariable color="#79ABFF" />
    <localVariableDeclaration color="#BED6FF" />
    <field color="#79ABFF" />
    <staticField color="#EFC090" />
    <staticFinalField color="#EFC090" />
    <inheritedMethod color="#79ABFF" />
    <abstractMethod color="#BED6FF" />
    <parameterVariable color="#79ABFF" />
    <typeArgument color="#BFA4A4" />
    <typeParameter color="#BFA4A4" />
    <background color="#0E0E0E" />
    <currentLine color="#353733" />
    <foreground color="#D8D8D8" />
    <lineNumber color="#757575" />
    <selectionBackground color="#757575" />
    <selectionForeground color="#D0D0D0" />
</colorTheme>