<?xml version="1.0" encoding="utf-8"?>
<colorTheme id="1160" name="dodo" modified="2011-04-11 06:49:31" author="dodo">
    <searchResultIndication color="#006080" />
    <filteredSearchResultIndication color="#606080" />
    <occurrenceIndication color="#000000" />
    <writeOccurrenceIndication color="#000000" />
    <findScope color="#FFFFFF" />
    <deletionIndication color="#FFFFFF" />
    <sourceHoverBackground color="#FFFFFF" />
    <singleLineComment color="#0088FF" italic="true" />
    <multiLineComment color="#0088FF" italic="true" />
    <commentTaskTag color="#00FF00" italic="true" />
    <javadoc color="#0088FF" italic="true" />
    <javadocLink color="#D9E577" italic="false" />
    <javadocTag color="#D9E577" />
    <javadocKeyword color="#D9E577" />
    <class color="#FF8080" />
    <interface color="#D197D9" />
    <method color="#D0D0D0" />
    <methodDeclaration color="#BED6FF" bold="false" />
    <bracket color="#D0D0D0" />
    <number color="#FFFF00" />
    <string color="#3AD900" />
    <operator color="#D0D0D0" />
    <keyword color="#00D0D0" />
    <annotation color="#FFFFFF" />
    <staticMethod color="#BED6FF" bold="false" />
    <localVariable color="#79ABFF" />
    <localVariableDeclaration color="#80FFBB" bold="false" />
    <field color="#BED6FF" />
    <staticField color="#EFC090" />
    <staticFinalField color="#EFC090" />
    <deprecatedMember color="#FFFFFF" />
    <enum color="#FFFFFF" />
    <inheritedMethod color="#BED6FF" />
    <abstractMethod color="#BED6FF" />
    <parameterVariable color="#79ABFF" />
    <typeArgument color="#BFA4A4" />
    <typeParameter color="#BFA4A4" />
    <constant color="#FFFF00" />
    <background color="#001B33" />
    <currentLine color="#202030" />
    <foreground color="#D0D0D0" />
    <lineNumber color="#2B91AF" />
    <selectionBackground color="#0000FF" />
    <selectionForeground color="#FFFFFF" />
</colorTheme>