<?xml version="1.0" encoding="utf-8"?>
<colorTheme id="1757" name="donaldinho" modified="2011-05-18 13:34:31" author="donaldinho">
    <searchResultIndication color="#616161" />
    <filteredSearchResultIndication color="#616161" />
    <occurrenceIndication color="#616161" />
    <writeOccurrenceIndication color="#616161" />
    <findScope color="#E0E2E4" />
    <deletionIndication color="#E0E2E4" />
    <sourceHoverBackground color="#FFFFFF" />
    <singleLineComment color="#7D8C93" />
    <multiLineComment color="#7D8C93" />
    <commentTaskTag color="#FF8BFF" />
    <javadoc color="#7D8C93" />
    <javadocLink color="#678CB1" />
    <javadocTag color="#E0E2E4" bold="false" />
    <javadocKeyword color="#A082BD" />
    <class color="#678CB1" />
    <interface color="#678CB1" />
    <method color="#678CB1" />
    <methodDeclaration color="#E8E2B7" />
    <bracket color="#E8E2B7" />
    <number color="#FFCD22" />
    <string color="#EC7600" />
    <operator color="#E8E2B7" />
    <keyword color="#93C763" />
    <annotation color="#A082BD" />
    <staticMethod color="#FF0000" />
    <localVariable color="#E0E2E4" />
    <localVariableDeclaration color="#E0E2E4" />
    <field color="#678CB1" />
    <staticField color="#678CB1" />
    <staticFinalField color="#E0E2E4" />
    <deprecatedMember color="#E0E2E4" />
    <enum color="#E0E2E4" />
    <inheritedMethod color="#E0E2E4" />
    <abstractMethod color="#E0E2E4" />
    <parameterVariable color="#E0E2E4" />
    <typeArgument color="#E0E2E4" />
    <typeParameter color="#E0E2E4" />
    <constant color="#A082BD" />
    <background color="#293134" />
    <currentLine color="#2F393C" />
    <foreground color="#FF0000" />
    <lineNumber color="#81969A" />
    <selectionBackground color="#804000" />
    <selectionForeground color="#E0E2E4" />
</colorTheme>