<?xml version="1.0" encoding="utf-8"?>
<colorTheme id="28" name="Dreamweaver" modified="2011-01-26 13:50:33" author="Ice">
    <occurrenceIndication color="#616161" />
    <sourceHoverBackground color="#FFFFFF" />
    <singleLineComment color="#FF9900" />
    <multiLineComment color="#FF9900" />
    <commentTaskTag color="#FF6600" />
    <class color="#333333" />
    <interface color="#CCCCCC" />
    <method color="#005599" />
    <methodDeclaration color="#005599" />
    <bracket color="#005599" />
    <number color="#336600" />
    <string color="#FF6600" />
    <operator color="#FF6600" />
    <keyword color="#339900" />
    <constant color="#0066FF" />
    <background color="#FFFFFF" />
    <currentLine color="#2D2D44" />
    <foreground color="#404040" />
    <lineNumber color="#CCCCCC" />
    <selectionBackground color="#999999" />
    <selectionForeground color="#404040" />
</colorTheme>