<?xml version="1.0" encoding="utf-8"?>
<colorTheme id="1089" name="drfickle" modified="2011-04-12 03:29:22" author="drfickle">
    <searchResultIndication color="#D8D8D8" />
    <filteredSearchResultIndication color="#D8D8D8" />
    <occurrenceIndication color="#000000" />
    <writeOccurrenceIndication color="#000000" />
    <findScope color="#111111" />
    <deletionIndication color="#D25252" />
    <sourceHoverBackground color="#000000" />
    <singleLineComment color="#4D4D4D" italic="false" />
    <multiLineComment color="#4D4D4D" italic="false" />
    <commentTaskTag color="#4D4D4D" italic="false" />
    <javadoc color="#4D4D4D" italic="false" />
    <javadocLink color="#4D4D4D" italic="false" />
    <javadocTag color="#7F7F7F" italic="false" />
    <javadocKeyword color="#4D4D4D" italic="false" />
    <class color="#D25252" bold="false" underline="false" strikethrough="false" />
    <interface color="#D197D9" />
    <method color="#FFFFFF" />
    <methodDeclaration color="#BED6FF" />
    <bracket color="#D8D8D8" />
    <number color="#7FB347" />
    <string color="#FFC600" />
    <operator color="#D8D8D8" />
    <keyword color="#4BB24B" bold="false" />
    <annotation color="#FFFFFF" />
    <staticMethod color="#BED6FF" />
    <localVariable color="#79ABFF" />
    <localVariableDeclaration color="#BED6FF" />
    <field color="#BED6FF" />
    <staticField color="#EFC090" />
    <staticFinalField color="#EFC090" />
    <deprecatedMember color="#D25252" underline="false" strikethrough="true" />
    <enum color="#7FB347" />
    <inheritedMethod color="#BED6FF" />
    <abstractMethod color="#BED6FF" />
    <parameterVariable color="#79ABFF" />
    <typeArgument color="#BFA4A4" />
    <typeParameter color="#BFA4A4" />
    <constant color="#EFC090" />
    <background color="#000000" />
    <currentLine color="#2A2A2A" />
    <foreground color="#D8D8D8" />
    <lineNumber color="#4D4D4D" />
    <selectionBackground color="#D0D0D0" />
    <selectionForeground color="#000000" />
</colorTheme>