<?xml version="1.0" encoding="utf-8"?>
<colorTheme id="481" name="drongo" modified="2011-02-28 10:26:22" author="Alistair Colling" website="http://alistaircolling.co.uk">
    <searchResultIndication color="#D8D8D8" />
    <filteredSearchResultIndication color="#D8D8D8" />
    <occurrenceIndication color="#000000" />
    <writeOccurrenceIndication color="#000000" />
    <findScope color="#111111" />
    <deletionIndication color="#D25252" />
    <sourceHoverBackground color="#000000" />
    <singleLineComment color="#707070" />
    <multiLineComment color="#707070" />
    <commentTaskTag color="#707070" />
    <javadoc color="#707070" />
    <javadocLink color="#707070" />
    <javadocTag color="#707070" />
    <javadocKeyword color="#707070" />
    <class color="#FFC74E" bold="false" underline="false" strikethrough="false" />
    <interface color="#FFC74E" />
    <method color="#87D9FF" />
    <methodDeclaration color="#87D9FF" />
    <bracket color="#D8D8D8" />
    <number color="#FF7C7C" />
    <string color="#87E779" />
    <operator color="#D8D8D8" />
    <keyword color="#46D7FF" bold="false" />
    <annotation color="#FFFFFF" />
    <staticMethod color="#4B99FF" />
    <localVariable color="#4B99FF" />
    <localVariableDeclaration color="#4B99FF" />
    <field color="#4B99FF" />
    <staticField color="#FF7C7C" />
    <staticFinalField color="#FF7C7C" />
    <deprecatedMember color="#D25252" underline="false" strikethrough="true" />
    <enum color="#7FB347" />
    <inheritedMethod color="#4B99FF" />
    <abstractMethod color="#4B99FF" />
    <parameterVariable color="#79ABFF" />
    <typeArgument color="#BFA4A4" />
    <typeParameter color="#BFA4A4" />
    <constant color="#EFC090" />
    <background color="#1E1E1E" />
    <currentLine color="#2A2A2A" />
    <foreground color="#FFFFFF" />
    <lineNumber color="#D0D0D0" />
    <selectionBackground color="#000000" />
    <selectionForeground color="#D0D0D0" />
</colorTheme>