<?xml version="1.0" encoding="utf-8"?>
<colorTheme id="1031" name="DT" modified="2011-04-04 12:22:45" author="Vince">
    <searchResultIndication color="#CC6633" />
    <filteredSearchResultIndication color="#CC6633" />
    <occurrenceIndication color="#CC6633" />
    <writeOccurrenceIndication color="#CC6633" />
    <findScope color="#BCADAD" />
    <deletionIndication color="#9b5656" />
    <sourceHoverBackground color="#EEEEEE" />
    <singleLineComment color="#D7D3CC" bold="false" />
    <multiLineComment color="#d5d9e5" />
    <commentTaskTag color="#d7d3cc" bold="false" />
    <javadoc color="#05314d" />
    <javadocLink color="#05314d" />
    <javadocTag color="#05314d" />
    <javadocKeyword color="#CC9393" />
    <class color="#CA3349" bold="true" />
    <interface color="#ca3349" bold="false" />
    <method color="#797a8a" bold="true" />
    <methodDeclaration color="#4f6d8f" bold="true" />
    <bracket color="#000f6a" bold="false" />
    <number color="#d0321f" bold="false" />
    <string color="#585545" bold="false" />
    <operator color="#5f97a9" bold="false" />
    <keyword color="#505050" bold="true" />
    <annotation color="#808080" bold="false" />
    <staticMethod color="#797A8A" bold="false" />
    <localVariable color="#000000" bold="true" />
    <localVariableDeclaration color="#CA3349" bold="true" />
    <field color="#566874" bold="false" />
    <staticField color="#464646" bold="false" />
    <staticFinalField color="#464646" bold="false" />
    <deprecatedMember color="#ab2525" bold="false" />
    <enum color="#135a20" />
    <inheritedMethod color="#2c577c" />
    <abstractMethod color="#2c577c" />
    <parameterVariable color="#5c8198" bold="false" />
    <typeArgument color="#d07fcd" />
    <typeParameter color="#d07fcd" />
    <constant color="#ae25ab" />
    <background color="#FFFFFF" />
    <currentLine color="#FFF7CD" />
    <foreground color="#AAAAAA" />
    <lineNumber color="#999999" />
    <selectionBackground color="#AAAAAA" />
    <selectionForeground color="#FFFFFF" />
</colorTheme>