<?xml version="1.0" encoding="utf-8"?>
<colorTheme id="1792" name="DuskCode" modified="2011-05-20 20:28:57" author="Jason">
    <searchResultIndication color="#000000" />
    <filteredSearchResultIndication color="#000000" />
    <occurrenceIndication color="#000000" />
    <writeOccurrenceIndication color="#000000" />
    <findScope color="#111111" />
    <deletionIndication color="#D25252" />
    <sourceHoverBackground color="#000000" />
    <singleLineComment color="#41B644" italic="false" />
    <multiLineComment color="#41B644" italic="false" />
    <commentTaskTag color="#41B644" italic="false" />
    <javadoc color="#41B644" italic="false" />
    <javadocLink color="#1919D0" italic="false" />
    <javadocTag color="#41B699" italic="false" />
    <javadocKeyword color="#41B644" italic="false" />
    <class color="#009FBE" bold="false" underline="false" strikethrough="false" />
    <interface color="#82C057" />
    <method color="#82C057" />
    <methodDeclaration color="#82C057" />
    <bracket color="#D8D8D8" />
    <number color="#009FBE" />
    <string color="#DB2B37" />
    <operator color="#D8D8D8" />
    <keyword color="#B11888" bold="false" />
    <annotation color="#B11888" />
    <staticMethod color="#82C057" />
    <localVariable color="#FFFFFF" />
    <localVariableDeclaration color="#FFFFFF" />
    <field color="#82C057" />
    <staticField color="#82C057" />
    <staticFinalField color="#82C057" />
    <deprecatedMember color="#D25252" underline="false" strikethrough="true" />
    <enum color="#7FB347" />
    <inheritedMethod color="#82C057" />
    <abstractMethod color="#82C057" />
    <parameterVariable color="#79ABFF" />
    <typeArgument color="#BFA4A4" />
    <typeParameter color="#BFA4A4" />
    <constant color="#82C057" />
    <background color="#1E1E1E" />
    <currentLine color="#2A2A2A" />
    <foreground color="#FFFFFF" />
    <lineNumber color="#D0D0D0" />
    <selectionBackground color="#000000" />
    <selectionForeground color="#D0D0D0" />
</colorTheme>