<?xml version="1.0" encoding="utf-8"?>
<colorTheme id="1208" name="Dusk (xCode)" modified="2011-04-14 02:30:11" author="Lan Avelino">
    <searchResultIndication color="#616161" />
    <filteredSearchResultIndication color="#616161" />
    <occurrenceIndication color="#616161" />
    <writeOccurrenceIndication color="#616161" />
    <findScope color="#E0E2E4" />
    <deletionIndication color="#E0E2E4" bold="false" />
    <sourceHoverBackground color="#FFFFFF" />
    <singleLineComment color="#41B644" bold="false" />
    <multiLineComment color="#41B644" />
    <commentTaskTag color="#41B644" />
    <javadoc color="#41B644" bold="false" />
    <javadocLink color="#678CB1" />
    <javadocTag color="#E0E2E4" />
    <javadocKeyword color="#E0E2E4" />
    <class color="#009DBE" />
    <interface color="#009DBE" />
    <method color="#009DBE" />
    <methodDeclaration color="#82C057" bold="false" />
    <bracket color="#FFFFFF" />
    <number color="#776CC4" />
    <string color="#DB2B37" />
    <operator color="#E8E2B7" />
    <keyword color="#B11888" />
    <annotation color="#C67C48" />
    <staticMethod color="#E0E2E4" />
    <localVariable color="#E0E2E4" />
    <localVariableDeclaration color="#E0E2E4" />
    <field color="#E0E2E4" />
    <staticField color="#C67C48" />
    <staticFinalField color="#C67C48" />
    <deprecatedMember color="#55747C" />
    <enum color="#E0E2E4" />
    <inheritedMethod color="#E0E2E4" />
    <abstractMethod color="#E0E2E4" />
    <parameterVariable color="#E0E2E4" />
    <typeArgument color="#E0E2E4" />
    <typeParameter color="#E0E2E4" />
    <constant color="#C67C48" />
    <background color="#1A1B20" />
    <currentLine color="#2F393C" />
    <foreground color="#FFFFFF" />
    <lineNumber color="#81969A" />
    <selectionBackground color="#7F7F7F" />
    <selectionForeground color="#333E48" />
</colorTheme>