<?xml version="1.0" encoding="utf-8"?>
<colorTheme id="124" name="Dusky" modified="2011-02-03 18:50:25" author="Alex Pretzlav">
    <searchResultIndication color="#616161" />
    <filteredSearchResultIndication color="#616161" />
    <occurrenceIndication color="#616161" />
    <writeOccurrenceIndication color="#616161" />
    <findScope color="#E0E2E4" />
    <deletionIndication color="#E0E2E4" />
    <sourceHoverBackground color="#FFFFFF" />
    <singleLineComment color="#99968B" />
    <multiLineComment color="#99968B" />
    <commentTaskTag color="#7F9FBF" />
    <javadoc color="#B3B5AF" />
    <javadocLink color="#A7A7D1" />
    <javadocTag color="#A7A7D1" />
    <javadocKeyword color="#F08080" />
    <class color="#8DC3C3" />
    <interface color="#678CB1" />
    <method color="#F8ED97" />
    <methodDeclaration color="#E8E2B7" />
    <bracket color="#F3F6EE" />
    <number color="#FFCD22" />
    <string color="#8E9D69" />
    <operator color="#F3F6EE" />
    <keyword color="#AFC4DA" />
    <annotation color="#808080" />
    <staticMethod color="#82C057" />
    <localVariable color="#E0E2E4" />
    <localVariableDeclaration color="#E0E2E4" />
    <field color="#8094B7" />
    <staticField color="#889ADA" />
    <staticFinalField color="#889ADA" />
    <deprecatedMember color="#AFAFAF" />
    <enum color="#E0E2E4" />
    <inheritedMethod color="#E0E2E4" />
    <abstractMethod color="#E0E2E4" />
    <parameterVariable color="#E0E2E4" />
    <typeArgument color="#E0E2E4" />
    <typeParameter color="#E0E2E4" />
    <constant color="#CF6A4C" />
    <background color="#181818" />
    <currentLine color="#1F1F1F" />
    <foreground color="#F6F3E8" />
    <lineNumber color="#787878" />
    <selectionBackground color="#272D1A" />
    <selectionForeground color="#E0E2E4" />
</colorTheme>