<?xml version="1.0" encoding="utf-8"?>
<colorTheme id="812" name="duststyle" modified="2011-03-22 10:24:41" author="druith" website="http://atelier-musaraigne.net">
    <searchResultIndication color="#B7C4C8" />
    <filteredSearchResultIndication color="#B7C4C8" />
    <occurrenceIndication color="#000000" />
    <writeOccurrenceIndication color="#000000" />
    <findScope color="#111111" />
    <deletionIndication color="#D25252" />
    <sourceHoverBackground color="#000000" />
    <singleLineComment color="#374548" bold="false" italic="false" />
    <multiLineComment color="#374548" />
    <commentTaskTag color="#374548" bold="false" italic="false" />
    <javadoc color="#374548" bold="true" />
    <javadocLink color="#53676C" />
    <javadocTag color="#53676C" />
    <javadocKeyword color="#53676C" />
    <class color="#C83771" bold="false" underline="false" strikethrough="false" />
    <interface color="#BC5FD3" />
    <method color="#24221C" />
    <methodDeclaration color="#BED6FF" />
    <bracket color="#D8D8D8" />
    <number color="#7FB347" />
    <string color="#FFC600" />
    <operator color="#D8D8D8" />
    <keyword color="#24221C" bold="false" />
    <annotation color="#24221C" />
    <staticMethod color="#BED6FF" />
    <localVariable color="#79ABFF" />
    <localVariableDeclaration color="#BED6FF" />
    <field color="#BED6FF" />
    <staticField color="#EFC090" />
    <staticFinalField color="#EFC090" />
    <deprecatedMember color="#D25252" underline="false" strikethrough="true" />
    <enum color="#7FB347" />
    <inheritedMethod color="#BED6FF" />
    <abstractMethod color="#BED6FF" />
    <parameterVariable color="#79ABFF" />
    <typeArgument color="#BFA4A4" />
    <typeParameter color="#BFA4A4" />
    <constant color="#EFC090" />
    <background color="#E3E2DB" />
    <currentLine color="#C8C4B7" />
    <foreground color="#24221C" />
    <lineNumber color="#6C6753" />
    <selectionBackground color="#B7C4C8" />
    <selectionForeground color="#374548" />
</colorTheme>