<?xml version="1.0" encoding="utf-8"?>
<colorTheme id="1548" name="EasyOnEyz" modified="2011-05-04 13:23:16" author="Alex">
    <occurrenceIndication color="#616161" />
    <findScope color="#191919" />
    <deletionIndication color="#6C6594" bold="true" />
    <singleLineComment color="#FF8000" />
    <multiLineComment color="#FF8000" />
    <commentTaskTag color="#666666" />
    <javadoc color="#666666" />
    <javadocLink color="#666666" />
    <javadocTag color="#990033" bold="true" />
    <javadocKeyword color="#990033" bold="true" />
    <class color="#978E43" bold="true" />
    <interface color="#CCCC99" />
    <method color="#467408" bold="true" />
    <methodDeclaration color="#467408" bold="true" />
    <bracket color="#990033" bold="true" />
    <number color="#3087B4" />
    <string color="#978E43" />
    <operator color="#CCCC99" />
    <keyword color="#6C6594" bold="true" />
    <annotation color="#FF8000" />
    <staticMethod color="#CCCC99" />
    <localVariable color="#467408" bold="true" />
    <localVariableDeclaration color="#467408" bold="true" />
    <field color="#978E43" />
    <staticField color="#CCCC99" />
    <staticFinalField color="#CCCC99" />
    <deprecatedMember color="#CCCC99" />
    <enum color="#CCCC99" />
    <inheritedMethod color="#CCCC99" />
    <abstractMethod color="#CCCC99" />
    <parameterVariable color="#CCCC99" />
    <typeArgument color="#D9B0AC" />
    <typeParameter color="#CDB1AD" />
    <constant color="#978E43" />
    <background color="#143D55" />
    <currentLine color="#000000" />
    <foreground color="#CCCC99" />
    <lineNumber color="#999999" />
    <selectionBackground color="#333333" />
    <selectionForeground color="#333333" />
</colorTheme>