<?xml version="1.0" encoding="utf-8"?>
<colorTheme id="1227" name="Easy Eyes" modified="2011-04-13 19:24:07" author="marcsh">
    <searchResultIndication color="#D8D8D8" />
    <filteredSearchResultIndication color="#D8D8D8" />
    <occurrenceIndication color="#000000" />
    <writeOccurrenceIndication color="#000000" />
    <findScope color="#111111" />
    <deletionIndication color="#D25252" />
    <sourceHoverBackground color="#000000" />
    <singleLineComment color="#A0A0A0" italic="false" />
    <multiLineComment color="#A0A0A0" italic="false" />
    <commentTaskTag color="#A0A0A0" italic="false" />
    <javadoc color="#B0B0B0" italic="false" />
    <javadocLink color="#B0B0B0" italic="false" />
    <javadocTag color="#B0B0B0" italic="false" />
    <javadocKeyword color="#B0B0B0" italic="false" />
    <class color="#4080FF" bold="false" underline="false" strikethrough="false" />
    <interface color="#4080FF" />
    <method color="#40A040" />
    <methodDeclaration color="#40A040" />
    <bracket color="#FFFF00" />
    <number color="#FF0000" />
    <string color="#80C080" />
    <operator color="#FFFF00" />
    <keyword color="#FFFFFF" bold="false" />
    <annotation color="#FFFFFF" />
    <staticMethod color="#40A040" />
    <localVariable color="#40A040" />
    <localVariableDeclaration color="#40A040" />
    <field color="#40A040" />
    <staticField color="#40A040" />
    <staticFinalField color="#40A040" />
    <deprecatedMember color="#D25252" underline="false" strikethrough="true" />
    <enum color="#40A040" />
    <inheritedMethod color="#40A040" />
    <abstractMethod color="#40A040" />
    <parameterVariable color="#40A040" />
    <typeArgument color="#FFFFFF" />
    <typeParameter color="#FFFFFF" />
    <constant color="#FF0000" />
    <background color="#1E1E1E" />
    <currentLine color="#2A2A2A" />
    <foreground color="#D8D8D8" />
    <lineNumber color="#D0D0D0" />
    <selectionBackground color="#000000" />
    <selectionForeground color="#D0D0D0" />
</colorTheme>