<?xml version="1.0" encoding="utf-8"?>
<colorTheme id="133" name="easy for eyes" modified="2011-02-09 06:38:33" author="Igor E. Poteryaev">
    <searchResultIndication color="#BB8800" />
    <filteredSearchResultIndication color="#BBDD00" />
    <occurrenceIndication color="#EE8800" />
    <writeOccurrenceIndication color="#EFEFEF" />
    <findScope color="#BCADAD" />
    <deletionIndication color="#9b5656" />
    <sourceHoverBackground color="#DDDDDD" />
    <singleLineComment color="#007700" />
    <multiLineComment color="#00AA00" bold="false" />
    <commentTaskTag color="#008000" />
    <javadoc color="#00BB00" />
    <javadocLink color="#800080" />
    <javadocTag color="#801f91" />
    <javadocKeyword color="#0000FF" />
    <class color="#000088" bold="true" />
    <interface color="#000000" />
    <method color="#FF00FF" bold="false" />
    <methodDeclaration color="#FF00FF" />
    <bracket color="#000000" />
    <number color="#0000FF" bold="false" italic="false" />
    <string color="#FF0000" bold="false" />
    <operator color="#000000" bold="false" />
    <keyword color="#000066" bold="false" />
    <annotation color="#808080" bold="false" />
    <staticMethod color="#999999" />
    <localVariable color="#000060" bold="true" italic="false" underline="false" strikethrough="false" />
    <localVariableDeclaration color="#000080" />
    <field color="#000080" />
    <staticField color="#400040" bold="false" />
    <staticFinalField color="#800040" bold="true" />
    <deprecatedMember color="#ab2525" />
    <enum color="#0000A0" />
    <inheritedMethod color="#0000FF" />
    <abstractMethod color="#000066" />
    <parameterVariable color="#0000FF" />
    <typeArgument color="#885d3b" bold="false" />
    <typeParameter color="#885d3b" />
    <constant color="#444444" />
    <background color="#FFFFFF" />
    <currentLine color="#EEEEEE" />
    <foreground color="#000000" />
    <lineNumber color="#999999" />
    <selectionBackground color="#888888" />
    <selectionForeground color="#000000" />
</colorTheme>