<?xml version="1.0" encoding="utf-8"?>
<colorTheme id="301" name="EasyEyesYellow" modified="2011-05-12 09:30:30" author="Michael Snell">
    <searchResultIndication color="#EFEFEF" />
    <filteredSearchResultIndication color="#EFEFEF" />
    <occurrenceIndication color="#EFEFEF" />
    <writeOccurrenceIndication color="#EFEFEF" />
    <findScope color="#BCADAD" />
    <deletionIndication color="#9B5656" />
    <sourceHoverBackground color="#EEEEEE" />
    <singleLineComment color="#408080" />
    <multiLineComment color="#408080" />
    <commentTaskTag color="#408080" />
    <javadoc color="#008040" />
    <javadocLink color="#008040" />
    <javadocTag color="#004F27" bold="false" />
    <javadocKeyword color="#008040" />
    <class color="#800000" />
    <interface color="#18AADE" />
    <method color="#444444" bold="false" />
    <methodDeclaration color="#222222" bold="false" />
    <bracket color="#444444" />
    <number color="#801F91" />
    <string color="#008080" />
    <operator color="#000000" />
    <keyword color="#0000A0" bold="false" />
    <annotation color="#8000FF" />
    <staticMethod color="#B0B0A3" />
    <localVariable color="#5C8198" />
    <localVariableDeclaration color="#7095AC" />
    <field color="#566874" />
    <staticField color="#885D3B" />
    <staticFinalField color="#885D3B" />
    <deprecatedMember color="#CCCCCC" />
    <enum color="#18AADE" />
    <inheritedMethod color="#2C577C" />
    <abstractMethod color="#2C577C" />
    <parameterVariable color="#5C8198" />
    <typeArgument color="#885D3B" />
    <typeParameter color="#885D3B" />
    <constant color="#18AADE" />
    <background color="#FFFFE6" />
    <currentLine color="#F8F8F8" />
    <foreground color="#000000" />
    <lineNumber color="#999999" />
    <selectionBackground color="#DCDCDC" />
    <selectionForeground color="#000000" />
</colorTheme>