<?xml version="1.0" encoding="utf-8"?>
<colorTheme id="117" name="EasyOnTheEyes" modified="2011-02-02 19:09:57" author="Cyrus Coffman">
    <searchResultIndication color="#616161" />
    <filteredSearchResultIndication color="#616161" />
    <occurrenceIndication color="#616161" />
    <writeOccurrenceIndication color="#616161" />
    <findScope color="#E0E2E4" />
    <deletionIndication color="#E0E2E4" />
    <sourceHoverBackground color="#FFFFFF" />
    <singleLineComment color="#7D8C93" />
    <multiLineComment color="#7D8C93" />
    <commentTaskTag color="#66DD88" />
    <javadoc color="#7D8C93" />
    <javadocLink color="#678CB1" />
    <javadocTag color="#E0E2E4" />
    <javadocKeyword color="#6677BB" />
    <class color="#3399BB" />
    <interface color="#3399BB" />
    <method color="#3399BB" />
    <methodDeclaration color="#E8E2B7" />
    <bracket color="#E8E2B7" />
    <number color="#3399BB" />
    <string color="#66DD88" />
    <operator color="#E8E2B7" />
    <keyword color="#678CB1" />
    <annotation color="#66DD88" />
    <staticMethod color="#E0E2E4" />
    <localVariable color="#E0E2E4" />
    <localVariableDeclaration color="#E0E2E4" />
    <field color="#678CB1" />
    <staticField color="#678CB1" />
    <staticFinalField color="#E0E2E4" />
    <deprecatedMember color="#E0E2E4" />
    <enum color="#E0E2E4" />
    <inheritedMethod color="#E0E2E4" />
    <abstractMethod color="#E0E2E4" />
    <parameterVariable color="#E0E2E4" />
    <typeArgument color="#E0E2E4" />
    <typeParameter color="#E0E2E4" />
    <constant color="#6677BB" />
    <background color="#293134" />
    <currentLine color="#2F393C" />
    <foreground color="#E0E2E4" />
    <lineNumber color="#81969A" />
    <selectionBackground color="#804000" />
    <selectionForeground color="#E0E2E4" />
</colorTheme>