<?xml version="1.0" encoding="utf-8"?>
<colorTheme id="1321" name="Eclipse Black Rbn" modified="2011-04-18 16:37:51" author="Red">
    <searchResultIndication color="#D8D8D8" />
    <filteredSearchResultIndication color="#D8D8D8" />
    <occurrenceIndication color="#000000" />
    <writeOccurrenceIndication color="#000000" />
    <findScope color="#111111" />
    <deletionIndication color="#D25252" />
    <sourceHoverBackground color="#000000" />
    <singleLineComment color="#757575" italic="false" />
    <multiLineComment color="#757575" italic="false" />
    <commentTaskTag color="#757575" italic="false" />
    <javadoc color="#757575" italic="false" />
    <javadocLink color="#757575" italic="false" />
    <javadocTag color="#757575" italic="false" />
    <javadocKeyword color="#757575" italic="false" />
    <class color="#EBC290" bold="false" underline="false" strikethrough="false" />
    <interface color="#D197D9" />
    <method color="#FFFFFF" />
    <methodDeclaration color="#BED6FF" />
    <bracket color="#D1CACA" bold="false" />
    <number color="#FF0000" />
    <string color="#B06363" />
    <operator color="#AFB3E0" bold="false" />
    <keyword color="#6BBF81" bold="false" />
    <annotation color="#FFFFFF" />
    <staticMethod color="#BED6FF" />
    <localVariable color="#BED6FF" />
    <localVariableDeclaration color="#BED6FF" />
    <field color="#BED6FF" />
    <staticField color="#EFC090" />
    <staticFinalField color="#EFC090" />
    <deprecatedMember color="#D25252" underline="false" strikethrough="true" />
    <enum color="#7FB347" />
    <inheritedMethod color="#BED6FF" />
    <abstractMethod color="#BED6FF" />
    <parameterVariable color="#79ABFF" />
    <typeArgument color="#BFA4A4" />
    <typeParameter color="#BFA4A4" />
    <constant color="#EFC090" />
    <background color="#1E1E1E" />
    <currentLine color="#2A2A2A" />
    <foreground color="#FFFFFF" />
    <lineNumber color="#D0D0D0" />
    <selectionBackground color="#000000" />
    <selectionForeground color="#D0D0D0" />
</colorTheme>