<?xml version="1.0" encoding="utf-8"?>
<colorTheme id="1540" name="Eclipse Dark Normal" modified="2011-05-03 14:19:52" author="cx42net" website="http://www.reflectiv.net">
    <searchResultIndication color="#EFEFEF" />
    <filteredSearchResultIndication color="#EFEFEF" />
    <occurrenceIndication color="#EFEFEF" />
    <writeOccurrenceIndication color="#EFEFEF" />
    <findScope color="#BCADAD" />
    <deletionIndication color="#9b5656" />
    <sourceHoverBackground color="#EEEEEE" />
    <singleLineComment color="#BE9E3F" />
    <multiLineComment color="#BE9E3F" />
    <commentTaskTag color="#008000" />
    <javadoc color="#BE9E3F" />
    <javadocLink color="#BE9E3F" />
    <javadocTag color="#806040" bold="true" />
    <javadocKeyword color="#806040" />
    <class color="#FFFFFF" bold="true" />
    <interface color="#FFFFFF" />
    <method color="#FFFFFF" />
    <methodDeclaration color="#FFFFFF" />
    <bracket color="#FFFFFF" />
    <number color="#FFFFFF" />
    <string color="#C8F000" />
    <operator color="#8000FF" />
    <keyword color="#0000FF" />
    <annotation color="#808080" />
    <staticMethod color="#C4C4B7" />
    <localVariable color="#000080" />
    <localVariableDeclaration color="#000080" />
    <field color="#800080" />
    <staticField color="#800040" />
    <staticFinalField color="#800040" />
    <deprecatedMember color="#ab2525" />
    <enum color="#800040" />
    <inheritedMethod color="#FF00FF" />
    <abstractMethod color="#FF00FF" />
    <parameterVariable color="#0000FF" />
    <typeArgument color="#885d3b" />
    <typeParameter color="#885d3b" />
    <background color="#000000" />
    <currentLine color="#170D01" />
    <foreground color="#000000" />
    <lineNumber color="#6A6A6A" />
    <selectionBackground color="#000000" />
    <selectionForeground color="#CCCCCC" />
</colorTheme>