<?xml version="1.0" encoding="utf-8"?>
<colorTheme id="1998" name="EditPlus PastelHell" modified="2011-06-05 22:20:24" author="Kristian Wiborg" website="http://www.ottovideo.com">
    <searchResultIndication color="#CC6633" />
    <filteredSearchResultIndication color="#CC6633" />
    <occurrenceIndication color="#3E6679" />
    <writeOccurrenceIndication color="#3E6679" />
    <findScope color="#000000" />
    <deletionIndication color="#9B5656" />
    <sourceHoverBackground color="#EEEEEE" />
    <singleLineComment color="#FFFFFF" />
    <multiLineComment color="#FFFFFF" />
    <commentTaskTag color="#C8D187" />
    <javadoc color="#FFFFFF" />
    <javadocLink color="#FFFFFF" />
    <javadocTag color="#FFFFFF" />
    <javadocKeyword color="#CC9393" />
    <class color="#52E3F6" />
    <interface color="#CA3349" />
    <method color="#A7EC21" />
    <methodDeclaration color="#4F6D8F" />
    <bracket color="#FFFFFF" />
    <number color="#A7EC21" />
    <string color="#ECE47E" />
    <operator color="#FFFFFF" />
    <keyword color="#FF007F" />
    <annotation color="#808080" />
    <staticMethod color="#797A8A" />
    <localVariable color="#00ACE5" />
    <localVariableDeclaration color="#CA3349" />
    <field color="#CFBFAD" />
    <staticField color="#CFBFAD" italic="true" />
    <staticFinalField color="#464646" />
    <deprecatedMember color="#FF0000" />
    <enum color="#135A20" />
    <inheritedMethod color="#2C577C" />
    <abstractMethod color="#2C577C" />
    <parameterVariable color="#83C5FA" />
    <typeArgument color="#d07fcd" />
    <typeParameter color="#D07FCD" />
    <constant color="#FF8000" italic="true" />
    <background color="#2E3436" />
    <currentLine color="#4F4E44" />
    <foreground color="#FFFFFF" />
    <lineNumber color="#999999" />
    <selectionBackground color="#CC9900" />
    <selectionForeground color="#000000" />
</colorTheme>