<?xml version="1.0" encoding="utf-8"?>
<colorTheme id="950" name="EditPlus" modified="2011-03-31 01:21:49" author="godblessyou">
    <searchResultIndication color="#F4F4F4" />
    <filteredSearchResultIndication color="#F4F4F4" />
    <occurrenceIndication color="#FFFF00" />
    <writeOccurrenceIndication color="#FFFF00" />
    <sourceHoverBackground color="#F4F4F4" />
    <singleLineComment color="#008000" bold="false" />
    <multiLineComment color="#008000" bold="false" />
    <commentTaskTag color="#FF3300" />
    <javadoc color="#FF3300" />
    <javadocLink color="#990099" />
    <javadocTag color="#990099" />
    <javadocKeyword color="#990099" />
    <class color="#006600" />
    <interface color="#666666" />
    <method color="#0000FF" bold="false" />
    <methodDeclaration color="#000099" bold="false" />
    <bracket color="#000099" bold="false" />
    <number color="#0000FF" bold="false" />
    <string color="#FF00FF" bold="false" />
    <operator color="#0000FF" bold="false" />
    <keyword color="#008080" bold="false" />
    <annotation color="#990000" />
    <staticMethod color="#990000" />
    <localVariable color="#0000FF" bold="false" />
    <localVariableDeclaration color="#0000FF" bold="false" />
    <field color="#FF0000" bold="false" />
    <staticField color="#552200" bold="false" />
    <staticFinalField color="#552200" bold="false" />
    <deprecatedMember color="#D8D8D8" />
    <enum color="#FF0000" bold="false" />
    <inheritedMethod color="#000099" bold="false" />
    <abstractMethod color="#000099" bold="false" />
    <parameterVariable color="#0000FF" bold="false" />
    <typeArgument color="#0000FF" bold="false" />
    <typeParameter color="#006600" />
    <constant color="#552200" />
    <background color="#FFFFFF" />
    <currentLine color="#F4F4F4" />
    <foreground color="#000000" />
    <lineNumber color="#ACA899" />
    <selectionBackground color="#316AC5" />
    <selectionForeground color="#FFFFFF" />
</colorTheme>