<?xml version="1.0" encoding="utf-8"?>
<colorTheme id="1571" name="Edo" modified="2011-05-05 08:31:35" author="Edoardo">
    <searchResultIndication color="#D8D8D8" />
    <filteredSearchResultIndication color="#D8D8D8" />
    <occurrenceIndication color="#666666" />
    <writeOccurrenceIndication color="#666666" />
    <sourceHoverBackground color="#D8D8D8" />
    <singleLineComment color="#FF9900" />
    <multiLineComment color="#FF9900" />
    <commentTaskTag color="#FF3300" />
    <javadoc color="#FF3300" />
    <javadocLink color="#990099" />
    <javadocTag color="#990099" />
    <javadocKeyword color="#990099" />
    <class color="#006600" />
    <interface color="#666666" />
    <method color="#000099" />
    <methodDeclaration color="#000099" />
    <bracket color="#000099" />
    <number color="#0000FF" />
    <string color="#CC0000" />
    <operator color="#0000FF" />
    <keyword color="#0000FF" />
    <annotation color="#990000" />
    <staticMethod color="#990000" />
    <localVariable color="#0066FF" />
    <localVariableDeclaration color="#000099" />
    <field color="#000099" />
    <staticField color="#552200" />
    <staticFinalField color="#552200" />
    <deprecatedMember color="#D8D8D8" />
    <enum color="#FF0000" />
    <inheritedMethod color="#000099" />
    <abstractMethod color="#000099" />
    <parameterVariable color="#0000FF" />
    <typeArgument color="#0000FF" />
    <typeParameter color="#006600" />
    <constant color="#552200" />
    <background color="#FFFFFF" />
    <currentLine color="#D8D8D8" />
    <foreground color="#333333" />
    <lineNumber color="#D8D8D8" />
    <selectionBackground color="#D8D8D8" />
    <selectionForeground color="#333333" />
</colorTheme>