<?xml version="1.0" encoding="utf-8"?>
<colorTheme id="1422" name="EE" modified="2011-04-25 18:41:56" author="EE">
    <occurrenceIndication color="#616161" />
    <findScope color="#191919" />
    <deletionIndication color="#FF0000" />
    <singleLineComment color="#8146A2" />
    <multiLineComment color="#8C3FC8" />
    <commentTaskTag color="#800080" />
    <javadoc color="#8C3FC8" />
    <javadocLink color="#814582" />
    <javadocTag color="#800080" />
    <javadocKeyword color="#800080" />
    <class color="#9CF828" />
    <interface color="#87F025" />
    <method color="#F7C527" />
    <methodDeclaration color="#F1C438" />
    <bracket color="#FFFFFF" />
    <number color="#477488" />
    <string color="#477488" />
    <operator color="#FFFFFF" />
    <keyword color="#EC691E" />
    <staticMethod color="#FFFFFF" />
    <localVariable color="#3C758D" />
    <localVariableDeclaration color="#357A92" />
    <field color="#357A8F" />
    <staticField color="#FFFFFF" />
    <staticFinalField color="#80FF00" />
    <deprecatedMember color="#FFFFFF" />
    <enum color="#408000" />
    <inheritedMethod color="#E3B735" />
    <abstractMethod color="#F1C436" />
    <parameterVariable color="#408000" />
    <typeArgument color="#D9B0AC" />
    <typeParameter color="#CDB1AD" />
    <background color="#000000" />
    <currentLine color="#222220" />
    <foreground color="#80FF00" />
    <lineNumber color="#666666" />
    <selectionBackground color="#414C3B" />
    <selectionForeground color="#FFFFFF" />
</colorTheme>