<?xml version="1.0" encoding="utf-8"?>
<colorTheme id="1975" name="Eglipse v2" modified="2011-06-01 15:11:21" author="Hezi Cohen" website="http://developers.enormego.com/view/ego_xcode_theme_for_xcode_4_egov2">
    <searchResultIndication color="#000000" />
    <filteredSearchResultIndication color="#000000" />
    <occurrenceIndication color="#000000" />
    <writeOccurrenceIndication color="#000000" />
    <findScope color="#111111" />
    <deletionIndication color="#D25252" />
    <sourceHoverBackground color="#000000" />
    <singleLineComment color="#605860" bold="false" italic="false" />
    <multiLineComment color="#605860" bold="false" italic="false" />
    <commentTaskTag color="#605860" italic="false" />
    <javadoc color="#605860" italic="false" />
    <javadocLink color="#605860" italic="false" />
    <javadocTag color="#605860" italic="false" />
    <javadocKeyword color="#605860" italic="false" />
    <class color="#96D5F2" bold="false" underline="false" strikethrough="false" />
    <interface color="#96D5F2" italic="true" />
    <method color="#FFFFFF" />
    <methodDeclaration color="#FFFFFF" bold="false" />
    <bracket color="#FFFFFF" />
    <number color="#786DC4" />
    <string color="#E48181" />
    <operator color="#D8D8D8" />
    <keyword color="#F7DA7C" bold="false" />
    <annotation color="#55747C" />
    <staticMethod color="#BED6FF" bold="false" />
    <localVariable color="#83C057" />
    <localVariableDeclaration color="#BED6FF" />
    <field color="#83C057" bold="false" />
    <staticField color="#83C057" />
    <staticFinalField color="#C67C48" />
    <deprecatedMember color="#D25252" underline="false" strikethrough="true" />
    <enum color="#7FB347" />
    <inheritedMethod color="#FFFFFF" />
    <abstractMethod color="#FFFFFF" />
    <parameterVariable color="#FFFFFF" />
    <typeArgument color="#BFA4A4" />
    <typeParameter color="#BFA4A4" />
    <constant color="#EFC090" />
    <background color="#131313" />
    <currentLine color="#2A2A2A" />
    <foreground color="#E9E9E9" />
    <lineNumber color="#D0D0D0" />
    <selectionBackground color="#D0D0D0" />
    <selectionForeground color="#000000" />
</colorTheme>