<?xml version="1.0" encoding="utf-8"?>
<colorTheme id="497" name="eintr white" modified="2011-02-27 13:00:51" author="Daniel Lundin" website="http://eintr.org/">
    <searchResultIndication color="#D8D8D8" />
    <filteredSearchResultIndication color="#D8D8D8" />
    <occurrenceIndication color="#000000" />
    <writeOccurrenceIndication color="#000000" />
    <sourceHoverBackground color="#D8D8D8" />
    <singleLineComment color="#AA9988" italic="true" />
    <multiLineComment color="#AA9988" bold="false" italic="true" underline="false" strikethrough="false" />
    <commentTaskTag color="#888888" underline="false" strikethrough="false" />
    <javadoc color="#7777AA" italic="true" underline="true" strikethrough="false" />
    <javadocLink color="#990099" />
    <javadocTag color="#990099" />
    <javadocKeyword color="#990099" />
    <class color="#009900" bold="true" />
    <interface color="#666666" />
    <method color="#990000" bold="false" underline="false" strikethrough="false" />
    <methodDeclaration color="#009900" bold="false" />
    <bracket color="#000099" />
    <number color="#0000FF" />
    <string color="#CC0000" />
    <operator color="#0000FF" />
    <keyword color="#000066" bold="false" />
    <annotation color="#990000" />
    <staticMethod color="#990000" />
    <localVariable color="#0066FF" />
    <localVariableDeclaration color="#000099" />
    <field color="#000099" />
    <staticField color="#552200" />
    <staticFinalField color="#552200" />
    <deprecatedMember color="#D8D8D8" />
    <enum color="#FF0000" />
    <inheritedMethod color="#000099" />
    <abstractMethod color="#000099" />
    <parameterVariable color="#0000FF" />
    <typeArgument color="#0000FF" />
    <typeParameter color="#006600" />
    <constant color="#552200" />
    <background color="#FFFFFF" />
    <currentLine color="#D8D8D8" />
    <foreground color="#333333" />
    <lineNumber color="#D8D8D8" />
    <selectionBackground color="#D8D8D8" />
    <selectionForeground color="#333333" />
</colorTheme>