<?xml version="1.0" encoding="utf-8"?>
<colorTheme id="372" name="Electro" modified="2011-02-19 20:17:52" author="Theo Tillberg">
    <searchResultIndication color="#D8D8D8" />
    <filteredSearchResultIndication color="#D8D8D8" />
    <occurrenceIndication color="#000000" />
    <writeOccurrenceIndication color="#000000" />
    <findScope color="#111111" />
    <deletionIndication color="#D25252" />
    <sourceHoverBackground color="#000000" />
    <singleLineComment color="#404040" />
    <multiLineComment color="#404040" />
    <commentTaskTag color="#404040" />
    <javadoc color="#606060" />
    <javadocLink color="#606060" underline="true" strikethrough="false" />
    <javadocTag color="#808080" />
    <javadocKeyword color="#808080" />
    <class color="#E000A0" bold="false" underline="false" strikethrough="false" />
    <interface color="#D197D9" />
    <method color="#E000A0" />
    <methodDeclaration color="#BED6FF" />
    <bracket color="#FF0099" />
    <number color="#7FB347" />
    <string color="#FFC600" />
    <operator color="#D8D8D8" />
    <keyword color="#99CC33" bold="false" />
    <annotation color="#CCCCCC" />
    <staticMethod color="#BED6FF" />
    <localVariable color="#79ABFF" />
    <localVariableDeclaration color="#BED6FF" />
    <field color="#6600CC" />
    <staticField color="#EFC090" />
    <staticFinalField color="#EFC090" />
    <deprecatedMember color="#D25252" underline="false" strikethrough="true" />
    <enum color="#7FB347" />
    <inheritedMethod color="#BED6FF" />
    <abstractMethod color="#BED6FF" />
    <parameterVariable color="#79ABFF" />
    <typeArgument color="#BFA4A4" />
    <typeParameter color="#BFA4A4" />
    <constant color="#EFC090" />
    <background color="#1E1E1E" />
    <currentLine color="#2A2A2A" />
    <foreground color="#D8D8D8" />
    <lineNumber color="#D0D0D0" />
    <selectionBackground color="#000000" />
    <selectionForeground color="#D0D0D0" />
</colorTheme>