<?xml version="1.0" encoding="utf-8"?>
<colorTheme id="1348" name="eliang Twilight" modified="2011-04-19 16:05:34" author="eliang">
    <searchResultIndication color="#305275" />
    <filteredSearchResultIndication color="#2D8582" />
    <occurrenceIndication color="#794343" />
    <writeOccurrenceIndication color="#455C45" />
    <findScope color="#EEED7C" />
    <deletionIndication color="#D25252" />
    <sourceHoverBackground color="#000000" />
    <singleLineComment color="#5F5A60" italic="false" />
    <multiLineComment color="#5F5A60" italic="false" />
    <commentTaskTag color="#5F5A60" bold="false" italic="false" />
    <javadoc color="#5F5A60" bold="false" italic="false" />
    <javadocLink color="#5F5A60" italic="false" underline="true" strikethrough="false" />
    <javadocTag color="#5F5A60" bold="false" italic="false" />
    <javadocKeyword color="#5F5A60" italic="false" />
    <class color="#B899BB" bold="false" underline="false" strikethrough="false" />
    <interface color="#B899BB" />
    <method color="#F9EE98" />
    <methodDeclaration color="#F9EE98" />
    <bracket color="#F8F8F8" />
    <number color="#D1564C" />
    <string color="#8F9D6A" />
    <operator color="#CDA869" />
    <keyword color="#9B703F" bold="false" />
    <annotation color="#61707C" />
    <staticMethod color="#ECE6B4" />
    <localVariable color="#7587A6" />
    <localVariableDeclaration color="#7587A6" />
    <field color="#7587A6" />
    <staticField color="#7587A6" />
    <staticFinalField color="#7587A6" />
    <deprecatedMember color="#D25252" underline="false" strikethrough="true" />
    <enum color="#D1564C" />
    <inheritedMethod color="#EEE2A2" />
    <abstractMethod color="#EEE2A2" />
    <parameterVariable color="#7587A6" />
    <typeArgument color="#BFA4A4" />
    <typeParameter color="#BFA4A4" />
    <constant color="#D1564C" />
    <background color="#141414" />
    <currentLine color="#1B1B1B" />
    <foreground color="#F8F8F8" />
    <lineNumber color="#868686" />
    <selectionBackground color="#3C4043" />
    <selectionForeground color="#F8F8F8" />
</colorTheme>