<?xml version="1.0" encoding="utf-8"?>
<colorTheme id="1254" name="emacs-color-theme-dark-blue" modified="2011-04-14 19:49:09" author="tommy">
    <searchResultIndication color="#D8D8D8" />
    <filteredSearchResultIndication color="#D8D8D8" />
    <occurrenceIndication color="#000000" />
    <writeOccurrenceIndication color="#000000" />
    <findScope color="#111111" />
    <deletionIndication color="#D25252" />
    <sourceHoverBackground color="#000000" />
    <singleLineComment color="#5F9EA0" italic="false" />
    <multiLineComment color="#5F9EA0" italic="false" />
    <commentTaskTag color="#CCDF32" italic="false" />
    <javadoc color="#5F9EA0" italic="false" />
    <javadocLink color="#D9E577" italic="false" />
    <javadocTag color="#D9E577" italic="false" />
    <javadocKeyword color="#D9E577" italic="false" />
    <class color="#5F9EA0" bold="false" underline="false" strikethrough="false" />
    <interface color="#5F9EA0" bold="false" />
    <method color="#DAA520" bold="false" />
    <methodDeclaration color="#DAA520" />
    <bracket color="#00BFFF" />
    <number color="#00BFFF" />
    <string color="#DEB887" />
    <operator color="#00BFFF" />
    <keyword color="#00BFFF" bold="true" />
    <annotation color="#00BFFF" />
    <staticMethod color="#BED6FF" />
    <localVariable color="#79ABFF" />
    <localVariableDeclaration color="#BED6FF" underline="false" strikethrough="false" />
    <field color="#BED6FF" />
    <staticField color="#EFC090" />
    <staticFinalField color="#EFC090" />
    <deprecatedMember color="#D25252" underline="false" strikethrough="true" />
    <enum color="#7FB347" />
    <inheritedMethod color="#BED6FF" />
    <abstractMethod color="#BED6FF" />
    <parameterVariable color="#79ABFF" />
    <typeArgument color="#BFA4A4" />
    <typeParameter color="#BFA4A4" />
    <constant color="#EFC090" />
    <background color="#102E4E" />
    <currentLine color="#394F6F" />
    <foreground color="#EEEEEE" />
    <lineNumber color="#D0D0D0" />
    <selectionBackground color="#7FB347" />
    <selectionForeground color="#FFFFFF" />
</colorTheme>