<?xml version="1.0" encoding="utf-8"?>
<colorTheme id="350" name="Emacs" modified="2011-02-23 08:57:04" author="TB">
    <searchResultIndication color="#AFEEEE" />
    <filteredSearchResultIndication color="#AFEEEE" />
    <occurrenceIndication color="#AFEEEE" />
    <writeOccurrenceIndication color="#AFEEEE" />
    <findScope color="#AFEEEE" />
    <deletionIndication color="#000000" underline="false" strikethrough="false" />
    <sourceHoverBackground color="#D8D8D8" />
    <singleLineComment color="#B22222" bold="false" />
    <multiLineComment color="#BC8F8F" />
    <commentTaskTag color="#2000FF" bold="true" />
    <javadoc color="#BC8F8F" />
    <javadocLink color="#5F9EA0" />
    <javadocTag color="#5F9EA0" />
    <javadocKeyword color="#5F9EA0" />
    <class color="#228B22" bold="false" underline="false" strikethrough="false" />
    <interface color="#228B22" bold="false" />
    <method color="#00008F" bold="false" />
    <methodDeclaration color="#0000FF" bold="false" italic="false" underline="false" strikethrough="false" />
    <bracket color="#00008F" bold="false" italic="false" underline="false" strikethrough="false" />
    <number color="#00008F" bold="false" />
    <string color="#BC8F8F" bold="false" />
    <operator color="#00008F" />
    <keyword color="#800080" bold="false" />
    <annotation color="#646464" />
    <staticMethod color="#00008F" />
    <localVariable color="#00008F" />
    <localVariableDeclaration color="#B8860B" />
    <field color="#B8860B" />
    <staticField color="#B8860B" />
    <staticFinalField color="#B8860B" />
    <deprecatedMember color="#000000" underline="false" strikethrough="true" />
    <enum color="#228B22" />
    <inheritedMethod color="#00008F" />
    <abstractMethod color="#00008F" />
    <parameterVariable color="#00008F" />
    <typeArgument color="#228B22" />
    <typeParameter color="#228B22" />
    <constant color="#B8860B" />
    <background color="#FFFFE0" />
    <currentLine color="#E8F2FE" />
    <foreground color="#00008F" />
    <lineNumber color="#787878" />
    <selectionBackground color="#F07746" />
    <selectionForeground color="#FFFFFF" />
</colorTheme>