<?xml version="1.0" encoding="utf-8"?>
<colorTheme id="860" name="Emacs Classic" modified="2011-03-24 10:31:15" author="Marko Mikulicic">
    <searchResultIndication color="#616161" />
    <filteredSearchResultIndication color="#616161" />
    <occurrenceIndication color="#616161" />
    <writeOccurrenceIndication color="#616161" />
    <findScope color="#E0E2E4" />
    <deletionIndication color="#E0E2E4" />
    <sourceHoverBackground color="#FFFFFF" />
    <singleLineComment color="#CC4F43" />
    <multiLineComment color="#CC4F43" />
    <commentTaskTag color="#A57B61" />
    <javadoc color="#CC4F43" />
    <javadocLink color="#678CB1" />
    <javadocTag color="#CC4F43" />
    <javadocKeyword color="#A082BD" />
    <class color="#7CCD7C" />
    <interface color="#7CCD7C" />
    <method color="#4CADFF" />
    <methodDeclaration color="#4CADFF" />
    <bracket color="#95bed8" />
    <number color="#FFA07A" />
    <string color="#CD8162" />
    <operator color="#E8E2B7" />
    <keyword color="#00FFFF" />
    <annotation color="#A082BD" />
    <staticMethod color="#4CADFF" />
    <localVariable color="#E0E2E4" />
    <localVariableDeclaration color="#E0E2E4" />
    <field color="#678CB1" />
    <staticField color="#678CB1" />
    <staticFinalField color="#E0E2E4" />
    <deprecatedMember color="#E0E2E4" />
    <enum color="#E0E2E4" />
    <inheritedMethod color="#4CADFF" />
    <abstractMethod color="#4CADFF" />
    <parameterVariable color="#E0E2E4" />
    <typeArgument color="#E0E2E4" />
    <typeParameter color="#E0E2E4" />
    <constant color="#A082BD" />
    <background color="#2F4F4F" />
    <currentLine color="#2F393C" />
    <foreground color="#FAEBD7" />
    <lineNumber color="#81969A" />
    <selectionBackground color="#95bed8" />
    <selectionForeground color="#E0E2E4" />
</colorTheme>