<?xml version="1.0" encoding="utf-8"?>
<colorTheme id="2038" name="EnderMix" modified="2011-06-07 06:22:56" author="Ender4021">
    <searchResultIndication color="#EFEFEF" />
    <filteredSearchResultIndication color="#EFEFEF" />
    <occurrenceIndication color="#EFEFEF" />
    <writeOccurrenceIndication color="#EFEFEF" />
    <findScope color="#BCADFF" />
    <deletionIndication color="#aaccff" />
    <sourceHoverBackground color="#EEEEEE" />
    <singleLineComment color="#339900" />
    <multiLineComment color="#339900" />
    <commentTaskTag color="#666666" />
    <javadoc color="#339900" />
    <javadocLink color="#05314D" />
    <javadocTag color="#05314D" />
    <javadocKeyword color="#000066" />
    <class color="#33CCFF" />
    <interface color="#000066" />
    <method color="#000000" />
    <methodDeclaration color="#000000" />
    <bracket color="#000066" />
    <number color="#333333" />
    <string color="#990000" />
    <operator color="#333333" />
    <keyword color="#0000FF" />
    <annotation color="#AAAAFF" />
    <staticMethod color="#5c8198" />
    <localVariable color="#000000" />
    <localVariableDeclaration color="#000000" />
    <field color="#993300" />
    <staticField color="#993300" />
    <staticFinalField color="#993300" />
    <deprecatedMember color="#AB2525" />
    <enum color="#33CCFF" />
    <inheritedMethod color="#000000" />
    <abstractMethod color="#000000" />
    <parameterVariable color="#000000" />
    <typeArgument color="#000000" />
    <typeParameter color="#000000" />
    <constant color="#AB2525" />
    <background color="#FFFFFF" />
    <currentLine color="#EEEEEE" />
    <foreground color="#000000" />
    <lineNumber color="#666666" />
    <selectionBackground color="#EFEFFF" />
    <selectionForeground color="#000066" />
</colorTheme>