<?xml version="1.0" encoding="utf-8"?>
<colorTheme id="930" name="Energize" modified="2011-04-05 19:02:50" author="Emilien">
    <searchResultIndication color="#FFFFFF" />
    <filteredSearchResultIndication color="#FFFFFF" />
    <occurrenceIndication color="#616161" />
    <writeOccurrenceIndication color="#FFFFFF" />
    <findScope color="#191919" />
    <deletionIndication color="#FFFFFF" />
    <sourceHoverBackground color="#FFFFFF" />
    <singleLineComment color="#00A8FF" bold="false" italic="true" />
    <multiLineComment color="#00A8FF" bold="false" italic="true" />
    <commentTaskTag color="#00A8FF" bold="false" italic="true" />
    <javadoc color="#00A8FF" />
    <javadocLink color="#666666" />
    <javadocTag color="#800080" />
    <javadocKeyword color="#800080" />
    <class color="#9CF828" bold="false" />
    <interface color="#87F025" bold="false" />
    <method color="#F7C527" bold="false" italic="false" />
    <methodDeclaration color="#F1C438" bold="false" />
    <bracket color="#FFFFFF" bold="false" />
    <number color="#FF0000" />
    <string color="#00C109" />
    <operator color="#FFFFFF" bold="false" />
    <keyword color="#888888" bold="true" italic="true" underline="false" strikethrough="false" />
    <annotation color="#888888" underline="false" strikethrough="false" />
    <staticMethod color="#FFFFFF" bold="false" />
    <localVariable color="#F7C527" bold="false" />
    <localVariableDeclaration color="#F7C527" />
    <field color="#c38705" />
    <staticField color="#FFFFFF" bold="false" />
    <staticFinalField color="#80FF00" />
    <deprecatedMember color="#FFFFFF" bold="false" />
    <enum color="#408000" />
    <inheritedMethod color="#E3B735" />
    <abstractMethod color="#F1C436" />
    <parameterVariable color="#069609" />
    <typeArgument color="#D9B0AC" />
    <typeParameter color="#CDB1AD" />
    <constant color="#FFFFFF" bold="false" />
    <background color="#000000" />
    <currentLine color="#222220" />
    <foreground color="#FFFFFF" />
    <lineNumber color="#999999" />
    <selectionBackground color="#333333" />
    <selectionForeground color="#FFFFFF" />
</colorTheme>