<?xml version="1.0" encoding="utf-8"?>
<colorTheme id="689" name="Enigma" modified="2011-03-14 10:42:58" author="nodd-design">
    <searchResultIndication color="#D8D8D8" />
    <filteredSearchResultIndication color="#D8D8D8" />
    <occurrenceIndication color="#000000" />
    <writeOccurrenceIndication color="#000000" />
    <findScope color="#111111" />
    <deletionIndication color="#D25252" />
    <sourceHoverBackground color="#000000" />
    <singleLineComment color="#C0C0C0" />
    <multiLineComment color="#C0C0C0" />
    <commentTaskTag color="#D7CFCD" />
    <javadoc color="#D7CFCD" />
    <javadocLink color="#E2DDDB" />
    <javadocTag color="#E2DDDB" />
    <javadocKeyword color="#E2DDDB" />
    <class color="#B9D51E" bold="false" underline="false" strikethrough="false" />
    <interface color="#B9D51E" />
    <method color="#D7AFFF" />
    <methodDeclaration color="#D7AFFF" />
    <bracket color="#FFFFFF" />
    <number color="#FFC600" />
    <string color="#FFC600" />
    <operator color="#FFFFFF" />
    <keyword color="#FF158A" bold="false" />
    <annotation color="#FFFFFF" bold="false" />
    <staticMethod color="#D7AFFF" bold="false" />
    <localVariable color="#0080FF" bold="false" />
    <localVariableDeclaration color="#0080FF" bold="false" />
    <field color="#BED6FF" />
    <staticField color="#BED6FF" />
    <staticFinalField color="#BED6FF" />
    <deprecatedMember color="#D25252" underline="false" strikethrough="true" />
    <enum color="#7FB347" />
    <inheritedMethod color="#D7AFFF" />
    <abstractMethod color="#D7AFFF" />
    <parameterVariable color="#0080FF" bold="false" underline="true" strikethrough="false" />
    <typeArgument color="#D7AFFF" />
    <typeParameter color="#D7AFFF" />
    <constant color="#EFC090" />
    <background color="#1E1E1E" />
    <currentLine color="#2A2A2A" />
    <foreground color="#D8D8D8" />
    <lineNumber color="#D0D0D0" />
    <selectionBackground color="#000000" />
    <selectionForeground color="#D0D0D0" />
</colorTheme>